ISO-10303-21;
HEADER;
/* Generated by software containing ST-Developer
 * from STEP Tools, Inc. (www.steptools.com) 
 */

FILE_DESCRIPTION(
/* description */ (''),
/* implementation_level */ '2;1');

FILE_NAME(
/* name */ 'ikea-tertial-filter-mount v1.step',
/* time_stamp */ '2024-11-12T23:40:14+05:30',
/* author */ (''),
/* organization */ (''),
/* preprocessor_version */ 'ST-DEVELOPER v20',
/* originating_system */ 'Autodesk Translation Framework v13.20.0.188',

/* authorisation */ '');

FILE_SCHEMA (('AUTOMOTIVE_DESIGN { 1 0 10303 214 3 1 1 }'));
ENDSEC;

DATA;
#10=MECHANICAL_DESIGN_GEOMETRIC_PRESENTATION_REPRESENTATION('',(#13),#2307);
#11=SHAPE_REPRESENTATION_RELATIONSHIP('SRR','None',#2314,#12);
#12=ADVANCED_BREP_SHAPE_REPRESENTATION('',(#14),#2306);
#13=STYLED_ITEM('',(#2323),#14);
#14=MANIFOLD_SOLID_BREP('Body3',#1040);
#15=FACE_BOUND('',#175,.T.);
#16=FACE_BOUND('',#188,.T.);
#17=FACE_BOUND('',#199,.T.);
#18=ELLIPSE('',#1138,1.41421356237309,1.);
#19=ELLIPSE('',#1144,1.41421356237311,1.);
#20=ELLIPSE('',#1154,1.41421356237309,1.);
#21=ELLIPSE('',#1156,1.41421356237309,1.);
#22=ELLIPSE('',#1172,1.41421356237309,1.);
#23=ELLIPSE('',#1174,1.41421356237309,1.);
#24=(
BOUNDED_SURFACE()
B_SPLINE_SURFACE(2,2,((#1578,#1579,#1580),(#1581,#1582,#1583),(#1584,#1585,
#1586)),.UNSPECIFIED.,.F.,.F.,.F.)
B_SPLINE_SURFACE_WITH_KNOTS((3,3),(3,3),(-0.0769845340132656,0.0769845340017183),
(1.5707963267949,1.76301787985737),.UNSPECIFIED.)
GEOMETRIC_REPRESENTATION_ITEM()
RATIONAL_B_SPLINE_SURFACE(((1.,0.995384913529709,1.),(0.997038154006359,
0.99243673671144,0.997038154006359),(1.,0.995384913529709,1.)))
REPRESENTATION_ITEM('')
SURFACE()
);
#25=(
BOUNDED_SURFACE()
B_SPLINE_SURFACE(2,2,((#1694,#1695,#1696),(#1697,#1698,#1699),(#1700,#1701,
#1702)),.UNSPECIFIED.,.F.,.F.,.F.)
B_SPLINE_SURFACE_WITH_KNOTS((3,3),(3,3),(-0.0769845340131802,0.0769845340016745),
(1.5707963267949,1.76301787985737),.UNSPECIFIED.)
GEOMETRIC_REPRESENTATION_ITEM()
RATIONAL_B_SPLINE_SURFACE(((1.,0.995384913529709,1.),(0.997038154006287,
0.992436736711369,0.997038154006287),(1.,0.995384913529709,1.)))
REPRESENTATION_ITEM('')
SURFACE()
);
#26=(
BOUNDED_SURFACE()
B_SPLINE_SURFACE(2,2,((#1810,#1811,#1812),(#1813,#1814,#1815),(#1816,#1817,
#1818)),.UNSPECIFIED.,.F.,.F.,.F.)
B_SPLINE_SURFACE_WITH_KNOTS((3,3),(3,3),(-0.0769845340132657,0.0769845340017188),
(1.5707963267949,1.76301787985737),.UNSPECIFIED.)
GEOMETRIC_REPRESENTATION_ITEM()
RATIONAL_B_SPLINE_SURFACE(((1.,0.995384913529709,1.),(0.997038154006292,
0.992436736711373,0.997038154006292),(1.,0.995384913529709,1.)))
REPRESENTATION_ITEM('')
SURFACE()
);
#27=TOROIDAL_SURFACE('',#1068,57.7596148578604,1.);
#28=TOROIDAL_SURFACE('',#1073,57.7596148578604,1.);
#29=TOROIDAL_SURFACE('',#1093,57.7596148578604,1.);
#30=TOROIDAL_SURFACE('',#1098,57.7596148578604,1.);
#31=TOROIDAL_SURFACE('',#1118,57.7596148578604,1.);
#32=TOROIDAL_SURFACE('',#1123,57.7596148578604,1.);
#33=TOROIDAL_SURFACE('',#1130,88.,1.);
#34=TOROIDAL_SURFACE('',#1147,88.,1.);
#35=TOROIDAL_SURFACE('',#1157,88.,1.);
#36=TOROIDAL_SURFACE('',#1167,88.,1.);
#37=TOROIDAL_SURFACE('',#1175,80.,1.);
#38=PLANE('',#1064);
#39=PLANE('',#1076);
#40=PLANE('',#1089);
#41=PLANE('',#1101);
#42=PLANE('',#1114);
#43=PLANE('',#1126);
#44=PLANE('',#1139);
#45=PLANE('',#1145);
#46=PLANE('',#1152);
#47=PLANE('',#1162);
#48=PLANE('',#1178);
#49=PLANE('',#1187);
#50=SPHERICAL_SURFACE('',#1060,1.);
#51=SPHERICAL_SURFACE('',#1062,1.);
#52=SPHERICAL_SURFACE('',#1085,1.);
#53=SPHERICAL_SURFACE('',#1087,1.);
#54=SPHERICAL_SURFACE('',#1110,1.);
#55=SPHERICAL_SURFACE('',#1112,1.);
#56=B_SPLINE_SURFACE_WITH_KNOTS('',3,3,((#1512,#1513,#1514,#1515),(#1516,
#1517,#1518,#1519),(#1520,#1521,#1522,#1523),(#1524,#1525,#1526,#1527),
(#1528,#1529,#1530,#1531)),.UNSPECIFIED.,.F.,.F.,.F.,(4,1,4),(4,4),(0.,
0.571428571428571,1.),(0.,1.30118406818023),.UNSPECIFIED.);
#57=B_SPLINE_SURFACE_WITH_KNOTS('',3,3,((#1628,#1629,#1630,#1631),(#1632,
#1633,#1634,#1635),(#1636,#1637,#1638,#1639),(#1640,#1641,#1642,#1643),
(#1644,#1645,#1646,#1647)),.UNSPECIFIED.,.F.,.F.,.F.,(4,1,4),(4,4),(0.,
0.571428571428571,1.),(0.,1.30118406818023),.UNSPECIFIED.);
#58=B_SPLINE_SURFACE_WITH_KNOTS('',3,3,((#1744,#1745,#1746,#1747),(#1748,
#1749,#1750,#1751),(#1752,#1753,#1754,#1755),(#1756,#1757,#1758,#1759),
(#1760,#1761,#1762,#1763)),.UNSPECIFIED.,.F.,.F.,.F.,(4,1,4),(4,4),(0.,
0.571428571428571,1.),(0.,1.30118406818022),.UNSPECIFIED.);
#59=B_SPLINE_SURFACE_WITH_KNOTS('',3,3,((#1842,#1843,#1844,#1845),(#1846,
#1847,#1848,#1849),(#1850,#1851,#1852,#1853),(#1854,#1855,#1856,#1857),
(#1858,#1859,#1860,#1861)),.UNSPECIFIED.,.F.,.F.,.F.,(4,1,4),(4,4),(0.,
0.571428571428571,1.),(0.,0.1047351282206),.UNSPECIFIED.);
#60=B_SPLINE_SURFACE_WITH_KNOTS('',3,3,((#1879,#1880,#1881,#1882),(#1883,
#1884,#1885,#1886),(#1887,#1888,#1889,#1890),(#1891,#1892,#1893,#1894),
(#1895,#1896,#1897,#1898)),.UNSPECIFIED.,.F.,.F.,.F.,(4,1,4),(4,4),(0.,
0.571428571428571,1.),(0.210071684908269,0.314806812933274),
 .UNSPECIFIED.);
#61=B_SPLINE_SURFACE_WITH_KNOTS('',3,3,((#1905,#1906,#1907,#1908,#1909),
(#1910,#1911,#1912,#1913,#1914),(#1915,#1916,#1917,#1918,#1919),(#1920,
#1921,#1922,#1923,#1924),(#1925,#1926,#1927,#1928,#1929)),.UNSPECIFIED.,
 .F.,.F.,.F.,(4,1,4),(4,1,4),(0.,0.571428571428571,1.),(0.,0.105003380490745,
0.210006760981489),.UNSPECIFIED.);
#62=B_SPLINE_SURFACE_WITH_KNOTS('',3,3,((#1940,#1941,#1942,#1943,#1944),
(#1945,#1946,#1947,#1948,#1949),(#1950,#1951,#1952,#1953,#1954),(#1955,
#1956,#1957,#1958,#1959),(#1960,#1961,#1962,#1963,#1964)),.UNSPECIFIED.,
 .F.,.F.,.F.,(4,1,4),(4,1,4),(0.,0.571428571428571,1.),(0.,0.105003383885122,
0.210006767770243),.UNSPECIFIED.);
#63=B_SPLINE_SURFACE_WITH_KNOTS('',3,3,((#2005,#2006,#2007,#2008),(#2009,
#2010,#2011,#2012),(#2013,#2014,#2015,#2016),(#2017,#2018,#2019,#2020),
(#2021,#2022,#2023,#2024)),.UNSPECIFIED.,.F.,.F.,.F.,(4,1,4),(4,4),(0.,
0.571428571428571,1.),(0.,0.104735961730829),.UNSPECIFIED.);
#64=B_SPLINE_SURFACE_WITH_KNOTS('',3,3,((#2037,#2038,#2039,#2040),(#2041,
#2042,#2043,#2044),(#2045,#2046,#2047,#2048),(#2049,#2050,#2051,#2052),
(#2053,#2054,#2055,#2056)),.UNSPECIFIED.,.F.,.F.,.F.,(4,1,4),(4,4),(0.,
0.571428571428571,1.),(0.210071728206537,0.314806863443972),
 .UNSPECIFIED.);
#65=B_SPLINE_SURFACE_WITH_KNOTS('',3,3,((#2063,#2064,#2065,#2066,#2067),
(#2068,#2069,#2070,#2071,#2072),(#2073,#2074,#2075,#2076,#2077),(#2078,
#2079,#2080,#2081,#2082),(#2083,#2084,#2085,#2086,#2087)),.UNSPECIFIED.,
 .F.,.F.,.F.,(4,1,4),(4,1,4),(0.,0.571428571428571,1.),(0.,0.105003380448677,
0.210006760897354),.UNSPECIFIED.);
#66=B_SPLINE_SURFACE_WITH_KNOTS('',3,3,((#2098,#2099,#2100,#2101,#2102),
(#2103,#2104,#2105,#2106,#2107),(#2108,#2109,#2110,#2111,#2112),(#2113,
#2114,#2115,#2116,#2117),(#2118,#2119,#2120,#2121,#2122)),.UNSPECIFIED.,
 .F.,.F.,.F.,(4,1,4),(4,1,4),(0.,0.571428571428571,1.),(0.,0.105003385080154,
0.210006770160309),.UNSPECIFIED.);
#67=B_SPLINE_SURFACE_WITH_KNOTS('',3,3,((#2165,#2166,#2167,#2168),(#2169,
#2170,#2171,#2172),(#2173,#2174,#2175,#2176),(#2177,#2178,#2179,#2180),
(#2181,#2182,#2183,#2184)),.UNSPECIFIED.,.F.,.F.,.F.,(4,1,4),(4,4),(0.,
0.571428571428571,1.),(0.,0.104735135432774),.UNSPECIFIED.);
#68=B_SPLINE_SURFACE_WITH_KNOTS('',3,3,((#2194,#2195,#2196,#2197),(#2198,
#2199,#2200,#2201),(#2202,#2203,#2204,#2205),(#2206,#2207,#2208,#2209),
(#2210,#2211,#2212,#2213)),.UNSPECIFIED.,.F.,.F.,.F.,(4,1,4),(4,4),(0.,
0.571428571428571,1.),(0.210071745719537,0.314807707248332),
 .UNSPECIFIED.);
#69=B_SPLINE_SURFACE_WITH_KNOTS('',3,3,((#2220,#2221,#2222,#2223,#2224),
(#2225,#2226,#2227,#2228,#2229),(#2230,#2231,#2232,#2233,#2234),(#2235,
#2236,#2237,#2238,#2239),(#2240,#2241,#2242,#2243,#2244)),.UNSPECIFIED.,
 .F.,.F.,.F.,(4,1,4),(4,1,4),(0.,0.571428571428571,1.),(4.6311269426078E-17,
0.105003379272851,0.210006758545702),.UNSPECIFIED.);
#70=B_SPLINE_SURFACE_WITH_KNOTS('',3,3,((#2250,#2251,#2252,#2253,#2254),
(#2255,#2256,#2257,#2258,#2259),(#2260,#2261,#2262,#2263,#2264),(#2265,
#2266,#2267,#2268,#2269),(#2270,#2271,#2272,#2273,#2274)),.UNSPECIFIED.,
 .F.,.F.,.F.,(4,1,4),(4,1,4),(0.,0.571428571428571,1.),(0.,0.105003383926487,
0.210006767852974),.UNSPECIFIED.);
#71=FACE_OUTER_BOUND('',#138,.T.);
#72=FACE_OUTER_BOUND('',#139,.T.);
#73=FACE_OUTER_BOUND('',#140,.T.);
#74=FACE_OUTER_BOUND('',#141,.T.);
#75=FACE_OUTER_BOUND('',#142,.T.);
#76=FACE_OUTER_BOUND('',#143,.T.);
#77=FACE_OUTER_BOUND('',#144,.T.);
#78=FACE_OUTER_BOUND('',#145,.T.);
#79=FACE_OUTER_BOUND('',#146,.T.);
#80=FACE_OUTER_BOUND('',#147,.T.);
#81=FACE_OUTER_BOUND('',#148,.T.);
#82=FACE_OUTER_BOUND('',#149,.T.);
#83=FACE_OUTER_BOUND('',#150,.T.);
#84=FACE_OUTER_BOUND('',#151,.T.);
#85=FACE_OUTER_BOUND('',#152,.T.);
#86=FACE_OUTER_BOUND('',#153,.T.);
#87=FACE_OUTER_BOUND('',#154,.T.);
#88=FACE_OUTER_BOUND('',#155,.T.);
#89=FACE_OUTER_BOUND('',#156,.T.);
#90=FACE_OUTER_BOUND('',#157,.T.);
#91=FACE_OUTER_BOUND('',#158,.T.);
#92=FACE_OUTER_BOUND('',#159,.T.);
#93=FACE_OUTER_BOUND('',#160,.T.);
#94=FACE_OUTER_BOUND('',#161,.T.);
#95=FACE_OUTER_BOUND('',#162,.T.);
#96=FACE_OUTER_BOUND('',#163,.T.);
#97=FACE_OUTER_BOUND('',#164,.T.);
#98=FACE_OUTER_BOUND('',#165,.T.);
#99=FACE_OUTER_BOUND('',#166,.T.);
#100=FACE_OUTER_BOUND('',#167,.T.);
#101=FACE_OUTER_BOUND('',#168,.T.);
#102=FACE_OUTER_BOUND('',#169,.T.);
#103=FACE_OUTER_BOUND('',#170,.T.);
#104=FACE_OUTER_BOUND('',#171,.T.);
#105=FACE_OUTER_BOUND('',#172,.T.);
#106=FACE_OUTER_BOUND('',#173,.T.);
#107=FACE_OUTER_BOUND('',#174,.T.);
#108=FACE_OUTER_BOUND('',#176,.T.);
#109=FACE_OUTER_BOUND('',#177,.T.);
#110=FACE_OUTER_BOUND('',#178,.T.);
#111=FACE_OUTER_BOUND('',#179,.T.);
#112=FACE_OUTER_BOUND('',#180,.T.);
#113=FACE_OUTER_BOUND('',#181,.T.);
#114=FACE_OUTER_BOUND('',#182,.T.);
#115=FACE_OUTER_BOUND('',#183,.T.);
#116=FACE_OUTER_BOUND('',#184,.T.);
#117=FACE_OUTER_BOUND('',#185,.T.);
#118=FACE_OUTER_BOUND('',#186,.T.);
#119=FACE_OUTER_BOUND('',#187,.T.);
#120=FACE_OUTER_BOUND('',#189,.T.);
#121=FACE_OUTER_BOUND('',#190,.T.);
#122=FACE_OUTER_BOUND('',#191,.T.);
#123=FACE_OUTER_BOUND('',#192,.T.);
#124=FACE_OUTER_BOUND('',#193,.T.);
#125=FACE_OUTER_BOUND('',#194,.T.);
#126=FACE_OUTER_BOUND('',#195,.T.);
#127=FACE_OUTER_BOUND('',#196,.T.);
#128=FACE_OUTER_BOUND('',#197,.T.);
#129=FACE_OUTER_BOUND('',#198,.T.);
#130=FACE_OUTER_BOUND('',#200,.T.);
#131=FACE_OUTER_BOUND('',#201,.T.);
#132=FACE_OUTER_BOUND('',#202,.T.);
#133=FACE_OUTER_BOUND('',#203,.T.);
#134=FACE_OUTER_BOUND('',#204,.T.);
#135=FACE_OUTER_BOUND('',#205,.T.);
#136=FACE_OUTER_BOUND('',#206,.T.);
#137=FACE_OUTER_BOUND('',#207,.T.);
#138=EDGE_LOOP('',(#641,#642,#643,#644));
#139=EDGE_LOOP('',(#645,#646,#647,#648));
#140=EDGE_LOOP('',(#649,#650,#651,#652));
#141=EDGE_LOOP('',(#653,#654,#655));
#142=EDGE_LOOP('',(#656,#657,#658));
#143=EDGE_LOOP('',(#659,#660,#661,#662,#663));
#144=EDGE_LOOP('',(#664,#665,#666,#667));
#145=EDGE_LOOP('',(#668,#669,#670,#671,#672,#673));
#146=EDGE_LOOP('',(#674,#675,#676,#677));
#147=EDGE_LOOP('',(#678,#679,#680,#681,#682));
#148=EDGE_LOOP('',(#683,#684,#685,#686));
#149=EDGE_LOOP('',(#687,#688,#689,#690));
#150=EDGE_LOOP('',(#691,#692,#693,#694));
#151=EDGE_LOOP('',(#695,#696,#697));
#152=EDGE_LOOP('',(#698,#699,#700));
#153=EDGE_LOOP('',(#701,#702,#703,#704,#705));
#154=EDGE_LOOP('',(#706,#707,#708,#709));
#155=EDGE_LOOP('',(#710,#711,#712,#713,#714,#715));
#156=EDGE_LOOP('',(#716,#717,#718,#719));
#157=EDGE_LOOP('',(#720,#721,#722,#723,#724));
#158=EDGE_LOOP('',(#725,#726,#727,#728));
#159=EDGE_LOOP('',(#729,#730,#731,#732));
#160=EDGE_LOOP('',(#733,#734,#735,#736));
#161=EDGE_LOOP('',(#737,#738,#739));
#162=EDGE_LOOP('',(#740,#741,#742));
#163=EDGE_LOOP('',(#743,#744,#745,#746,#747));
#164=EDGE_LOOP('',(#748,#749,#750,#751));
#165=EDGE_LOOP('',(#752,#753,#754,#755,#756,#757));
#166=EDGE_LOOP('',(#758,#759,#760,#761));
#167=EDGE_LOOP('',(#762,#763,#764,#765,#766));
#168=EDGE_LOOP('',(#767,#768,#769,#770));
#169=EDGE_LOOP('',(#771,#772,#773,#774,#775));
#170=EDGE_LOOP('',(#776,#777,#778,#779));
#171=EDGE_LOOP('',(#780,#781,#782,#783));
#172=EDGE_LOOP('',(#784,#785,#786,#787));
#173=EDGE_LOOP('',(#788,#789,#790,#791,#792));
#174=EDGE_LOOP('',(#793,#794,#795,#796,#797,#798,#799,#800,#801,#802,#803,
#804));
#175=EDGE_LOOP('',(#805));
#176=EDGE_LOOP('',(#806,#807,#808,#809,#810));
#177=EDGE_LOOP('',(#811,#812,#813,#814));
#178=EDGE_LOOP('',(#815,#816,#817,#818));
#179=EDGE_LOOP('',(#819,#820,#821,#822));
#180=EDGE_LOOP('',(#823,#824,#825,#826));
#181=EDGE_LOOP('',(#827,#828,#829,#830));
#182=EDGE_LOOP('',(#831,#832,#833,#834));
#183=EDGE_LOOP('',(#835,#836,#837,#838));
#184=EDGE_LOOP('',(#839,#840,#841,#842,#843));
#185=EDGE_LOOP('',(#844,#845,#846,#847,#848));
#186=EDGE_LOOP('',(#849,#850,#851,#852,#853));
#187=EDGE_LOOP('',(#854));
#188=EDGE_LOOP('',(#855));
#189=EDGE_LOOP('',(#856,#857,#858,#859,#860,#861,#862,#863,#864,#865,#866,
#867,#868,#869,#870,#871,#872));
#190=EDGE_LOOP('',(#873,#874,#875,#876));
#191=EDGE_LOOP('',(#877,#878,#879,#880));
#192=EDGE_LOOP('',(#881,#882,#883,#884));
#193=EDGE_LOOP('',(#885,#886,#887,#888));
#194=EDGE_LOOP('',(#889,#890,#891,#892));
#195=EDGE_LOOP('',(#893,#894,#895,#896,#897));
#196=EDGE_LOOP('',(#898,#899,#900,#901,#902));
#197=EDGE_LOOP('',(#903,#904,#905,#906));
#198=EDGE_LOOP('',(#907));
#199=EDGE_LOOP('',(#908));
#200=EDGE_LOOP('',(#909,#910,#911,#912,#913,#914));
#201=EDGE_LOOP('',(#915,#916,#917,#918,#919,#920));
#202=EDGE_LOOP('',(#921,#922,#923,#924,#925,#926));
#203=EDGE_LOOP('',(#927,#928,#929,#930));
#204=EDGE_LOOP('',(#931,#932,#933,#934,#935,#936));
#205=EDGE_LOOP('',(#937,#938,#939,#940,#941,#942));
#206=EDGE_LOOP('',(#943,#944,#945,#946,#947,#948));
#207=EDGE_LOOP('',(#949,#950,#951,#952));
#208=CIRCLE('',#1055,0.999999999999999);
#209=CIRCLE('',#1056,0.999999999999993);
#210=CIRCLE('',#1057,1.);
#211=CIRCLE('',#1059,0.999999999999995);
#212=CIRCLE('',#1061,1.);
#213=CIRCLE('',#1063,1.);
#214=CIRCLE('',#1065,57.7596148578604);
#215=CIRCLE('',#1066,1.);
#216=CIRCLE('',#1067,57.0000013262075);
#217=CIRCLE('',#1069,58.7568832085179);
#218=CIRCLE('',#1070,1.00000000000001);
#219=CIRCLE('',#1071,58.7568832085179);
#220=CIRCLE('',#1072,89.);
#221=CIRCLE('',#1074,57.7596148578604);
#222=CIRCLE('',#1075,0.999999999999994);
#223=CIRCLE('',#1077,57.0000013262075);
#224=CIRCLE('',#1078,1.);
#225=CIRCLE('',#1080,0.999999999999996);
#226=CIRCLE('',#1081,0.999999999999994);
#227=CIRCLE('',#1082,1.);
#228=CIRCLE('',#1084,1.);
#229=CIRCLE('',#1086,1.);
#230=CIRCLE('',#1088,1.);
#231=CIRCLE('',#1090,57.7596148578604);
#232=CIRCLE('',#1091,1.);
#233=CIRCLE('',#1092,57.0000013262075);
#234=CIRCLE('',#1094,58.7568832085179);
#235=CIRCLE('',#1095,1.);
#236=CIRCLE('',#1096,58.7568832085179);
#237=CIRCLE('',#1097,89.);
#238=CIRCLE('',#1099,57.7596148578604);
#239=CIRCLE('',#1100,1.);
#240=CIRCLE('',#1102,57.0000013262075);
#241=CIRCLE('',#1103,1.);
#242=CIRCLE('',#1105,0.999999999999995);
#243=CIRCLE('',#1106,1.);
#244=CIRCLE('',#1107,1.);
#245=CIRCLE('',#1109,0.999999999999995);
#246=CIRCLE('',#1111,1.);
#247=CIRCLE('',#1113,1.);
#248=CIRCLE('',#1115,57.7596148578605);
#249=CIRCLE('',#1116,1.);
#250=CIRCLE('',#1117,57.0000013262075);
#251=CIRCLE('',#1119,58.756883208518);
#252=CIRCLE('',#1120,1.00000000000006);
#253=CIRCLE('',#1121,58.7568832085179);
#254=CIRCLE('',#1122,89.);
#255=CIRCLE('',#1124,57.7596148578605);
#256=CIRCLE('',#1125,0.999999999999995);
#257=CIRCLE('',#1127,57.0000013262075);
#258=CIRCLE('',#1128,1.);
#259=CIRCLE('',#1129,0.999999999999998);
#260=CIRCLE('',#1131,1.);
#261=CIRCLE('',#1132,89.);
#262=CIRCLE('',#1133,89.);
#263=CIRCLE('',#1134,0.999999999999991);
#264=CIRCLE('',#1135,88.);
#265=CIRCLE('',#1136,0.999999999999993);
#266=CIRCLE('',#1140,88.);
#267=CIRCLE('',#1141,88.);
#268=CIRCLE('',#1142,83.);
#269=CIRCLE('',#1146,1.00000000000001);
#270=CIRCLE('',#1148,1.);
#271=CIRCLE('',#1149,89.);
#272=CIRCLE('',#1150,0.999999999999998);
#273=CIRCLE('',#1151,0.999999999999995);
#274=CIRCLE('',#1158,88.);
#275=CIRCLE('',#1159,1.);
#276=CIRCLE('',#1160,89.);
#277=CIRCLE('',#1161,89.);
#278=CIRCLE('',#1163,80.);
#279=CIRCLE('',#1165,89.);
#280=CIRCLE('',#1166,1.00000000000001);
#281=CIRCLE('',#1168,1.);
#282=CIRCLE('',#1169,1.00000000000001);
#283=CIRCLE('',#1170,1.);
#284=CIRCLE('',#1176,1.);
#285=CIRCLE('',#1177,80.);
#286=CIRCLE('',#1179,83.);
#287=LINE('',#1508,#322);
#288=LINE('',#1511,#323);
#289=LINE('',#1559,#324);
#290=LINE('',#1561,#325);
#291=LINE('',#1570,#326);
#292=LINE('',#1609,#327);
#293=LINE('',#1624,#328);
#294=LINE('',#1627,#329);
#295=LINE('',#1675,#330);
#296=LINE('',#1677,#331);
#297=LINE('',#1686,#332);
#298=LINE('',#1725,#333);
#299=LINE('',#1740,#334);
#300=LINE('',#1743,#335);
#301=LINE('',#1791,#336);
#302=LINE('',#1793,#337);
#303=LINE('',#1802,#338);
#304=LINE('',#1841,#339);
#305=LINE('',#1977,#340);
#306=LINE('',#1981,#341);
#307=LINE('',#1983,#342);
#308=LINE('',#1985,#343);
#309=LINE('',#1989,#344);
#310=LINE('',#1991,#345);
#311=LINE('',#1993,#346);
#312=LINE('',#1997,#347);
#313=LINE('',#1998,#348);
#314=LINE('',#2004,#349);
#315=LINE('',#2134,#350);
#316=LINE('',#2151,#351);
#317=LINE('',#2292,#352);
#318=LINE('',#2294,#353);
#319=LINE('',#2296,#354);
#320=LINE('',#2298,#355);
#321=LINE('',#2302,#356);
#322=VECTOR('',#1192,10.);
#323=VECTOR('',#1195,10.);
#324=VECTOR('',#1202,10.);
#325=VECTOR('',#1205,10.);
#326=VECTOR('',#1218,10.);
#327=VECTOR('',#1245,10.);
#328=VECTOR('',#1248,10.);
#329=VECTOR('',#1251,10.);
#330=VECTOR('',#1258,10.);
#331=VECTOR('',#1261,10.);
#332=VECTOR('',#1274,10.);
#333=VECTOR('',#1301,10.);
#334=VECTOR('',#1304,10.);
#335=VECTOR('',#1307,10.);
#336=VECTOR('',#1314,10.);
#337=VECTOR('',#1317,10.);
#338=VECTOR('',#1330,10.);
#339=VECTOR('',#1357,10.);
#340=VECTOR('',#1376,10.);
#341=VECTOR('',#1381,10.);
#342=VECTOR('',#1382,10.);
#343=VECTOR('',#1383,10.);
#344=VECTOR('',#1386,10.);
#345=VECTOR('',#1387,10.);
#346=VECTOR('',#1388,10.);
#347=VECTOR('',#1391,10.);
#348=VECTOR('',#1392,10.);
#349=VECTOR('',#1401,10.);
#350=VECTOR('',#1416,10.);
#351=VECTOR('',#1441,89.);
#352=VECTOR('',#1474,10.);
#353=VECTOR('',#1477,10.);
#354=VECTOR('',#1480,10.);
#355=VECTOR('',#1483,83.);
#356=VECTOR('',#1490,10.);
#357=B_SPLINE_CURVE_WITH_KNOTS('',3,(#1497,#1498,#1499,#1500,#1501,#1502,
#1503,#1504,#1505,#1506),.UNSPECIFIED.,.F.,.F.,(4,2,2,2,4),(0.150699499077049,
0.188370597714055,0.226041696351061,0.263710443569618,0.301379190788175),
 .UNSPECIFIED.);
#358=B_SPLINE_CURVE_WITH_KNOTS('',3,(#1535,#1536,#1537,#1538),
 .UNSPECIFIED.,.F.,.F.,(4,4),(-1.30118406818023,0.),.UNSPECIFIED.);
#359=B_SPLINE_CURVE_WITH_KNOTS('',3,(#1541,#1542,#1543,#1544),
 .UNSPECIFIED.,.F.,.F.,(4,4),(0.,1.30118406818023),.UNSPECIFIED.);
#360=B_SPLINE_CURVE_WITH_KNOTS('',3,(#1548,#1549,#1550,#1551,#1552,#1553,
#1554,#1555,#1556,#1557),.UNSPECIFIED.,.F.,.F.,(4,2,2,2,4),(0.60275838168545,
0.640427128904008,0.678095876122565,0.715766974759571,0.753438073396576),
 .UNSPECIFIED.);
#361=B_SPLINE_CURVE_WITH_KNOTS('',3,(#1590,#1591,#1592,#1593),
 .UNSPECIFIED.,.F.,.F.,(4,4),(0.210071728206537,0.314806863443972),
 .UNSPECIFIED.);
#362=B_SPLINE_CURVE_WITH_KNOTS('',3,(#1596,#1597,#1598,#1599),
 .UNSPECIFIED.,.F.,.F.,(4,4),(0.,0.1047351282206),.UNSPECIFIED.);
#363=B_SPLINE_CURVE_WITH_KNOTS('',3,(#1613,#1614,#1615,#1616,#1617,#1618,
#1619,#1620,#1621,#1622),.UNSPECIFIED.,.F.,.F.,(4,2,2,2,4),(0.150699499077049,
0.188370597714055,0.226041696351061,0.263710443569618,0.301379190788176),
 .UNSPECIFIED.);
#364=B_SPLINE_CURVE_WITH_KNOTS('',3,(#1651,#1652,#1653,#1654),
 .UNSPECIFIED.,.F.,.F.,(4,4),(-1.30118406818023,0.),.UNSPECIFIED.);
#365=B_SPLINE_CURVE_WITH_KNOTS('',3,(#1657,#1658,#1659,#1660),
 .UNSPECIFIED.,.F.,.F.,(4,4),(0.,1.30118406818023),.UNSPECIFIED.);
#366=B_SPLINE_CURVE_WITH_KNOTS('',3,(#1664,#1665,#1666,#1667,#1668,#1669,
#1670,#1671,#1672,#1673),.UNSPECIFIED.,.F.,.F.,(4,2,2,2,4),(0.602758381576351,
0.640427128794908,0.678095876013466,0.715766974650471,0.753438073287477),
 .UNSPECIFIED.);
#367=B_SPLINE_CURVE_WITH_KNOTS('',3,(#1706,#1707,#1708,#1709),
 .UNSPECIFIED.,.F.,.F.,(4,4),(0.210071745719537,0.314807707248332),
 .UNSPECIFIED.);
#368=B_SPLINE_CURVE_WITH_KNOTS('',3,(#1712,#1713,#1714,#1715),
 .UNSPECIFIED.,.F.,.F.,(4,4),(0.,0.104735961730829),.UNSPECIFIED.);
#369=B_SPLINE_CURVE_WITH_KNOTS('',3,(#1729,#1730,#1731,#1732,#1733,#1734,
#1735,#1736,#1737,#1738),.UNSPECIFIED.,.F.,.F.,(4,2,2,2,4),(0.150699499186149,
0.188370597823155,0.226041696460161,0.263710443678718,0.301379190897276),
 .UNSPECIFIED.);
#370=B_SPLINE_CURVE_WITH_KNOTS('',3,(#1767,#1768,#1769,#1770),
 .UNSPECIFIED.,.F.,.F.,(4,4),(-1.30118406818022,0.),.UNSPECIFIED.);
#371=B_SPLINE_CURVE_WITH_KNOTS('',3,(#1773,#1774,#1775,#1776),
 .UNSPECIFIED.,.F.,.F.,(4,4),(0.,1.30118406818022),.UNSPECIFIED.);
#372=B_SPLINE_CURVE_WITH_KNOTS('',3,(#1780,#1781,#1782,#1783,#1784,#1785,
#1786,#1787,#1788,#1789),.UNSPECIFIED.,.F.,.F.,(4,2,2,2,4),(0.602758381685452,
0.640427128904009,0.678095876122567,0.715766974759573,0.753438073396578),
 .UNSPECIFIED.);
#373=B_SPLINE_CURVE_WITH_KNOTS('',3,(#1822,#1823,#1824,#1825),
 .UNSPECIFIED.,.F.,.F.,(4,4),(0.210071684908269,0.314806812933274),
 .UNSPECIFIED.);
#374=B_SPLINE_CURVE_WITH_KNOTS('',3,(#1828,#1829,#1830,#1831),
 .UNSPECIFIED.,.F.,.F.,(4,4),(0.,0.104735135432774),.UNSPECIFIED.);
#375=B_SPLINE_CURVE_WITH_KNOTS('',3,(#1864,#1865,#1866,#1867),
 .UNSPECIFIED.,.F.,.F.,(4,4),(-0.1047351282206,0.),.UNSPECIFIED.);
#376=B_SPLINE_CURVE_WITH_KNOTS('',3,(#1901,#1902,#1903,#1904),
 .UNSPECIFIED.,.F.,.F.,(4,4),(-0.314806812933274,-0.210071684908269),
 .UNSPECIFIED.);
#377=B_SPLINE_CURVE_WITH_KNOTS('',3,(#1930,#1931,#1932,#1933,#1934),
 .UNSPECIFIED.,.F.,.F.,(4,1,4),(-0.210006760981489,-0.105003380490745,0.),
 .UNSPECIFIED.);
#378=B_SPLINE_CURVE_WITH_KNOTS('',3,(#1935,#1936,#1937,#1938,#1939),
 .UNSPECIFIED.,.F.,.F.,(4,1,4),(0.,0.105003380490745,0.210006760981489),
 .UNSPECIFIED.);
#379=B_SPLINE_CURVE_WITH_KNOTS('',3,(#1965,#1966,#1967,#1968,#1969),
 .UNSPECIFIED.,.F.,.F.,(4,1,4),(-0.210006767770243,-0.105003383885122,0.),
 .UNSPECIFIED.);
#380=B_SPLINE_CURVE_WITH_KNOTS('',3,(#1970,#1971,#1972,#1973,#1974),
 .UNSPECIFIED.,.F.,.F.,(4,1,4),(0.,0.105003383885122,0.210006767770243),
 .UNSPECIFIED.);
#381=B_SPLINE_CURVE_WITH_KNOTS('',3,(#2027,#2028,#2029,#2030),
 .UNSPECIFIED.,.F.,.F.,(4,4),(-0.104735961730829,0.),.UNSPECIFIED.);
#382=B_SPLINE_CURVE_WITH_KNOTS('',3,(#2059,#2060,#2061,#2062),
 .UNSPECIFIED.,.F.,.F.,(4,4),(-0.314806863443972,-0.210071728206537),
 .UNSPECIFIED.);
#383=B_SPLINE_CURVE_WITH_KNOTS('',3,(#2088,#2089,#2090,#2091,#2092),
 .UNSPECIFIED.,.F.,.F.,(4,1,4),(-0.210006760897354,-0.105003380448677,0.),
 .UNSPECIFIED.);
#384=B_SPLINE_CURVE_WITH_KNOTS('',3,(#2093,#2094,#2095,#2096,#2097),
 .UNSPECIFIED.,.F.,.F.,(4,1,4),(0.,0.105003380448677,0.210006760897354),
 .UNSPECIFIED.);
#385=B_SPLINE_CURVE_WITH_KNOTS('',3,(#2123,#2124,#2125,#2126,#2127),
 .UNSPECIFIED.,.F.,.F.,(4,1,4),(-0.210006770160309,-0.105003385080154,0.),
 .UNSPECIFIED.);
#386=B_SPLINE_CURVE_WITH_KNOTS('',3,(#2128,#2129,#2130,#2131,#2132),
 .UNSPECIFIED.,.F.,.F.,(4,1,4),(0.,0.105003385080154,0.210006770160309),
 .UNSPECIFIED.);
#387=B_SPLINE_CURVE_WITH_KNOTS('',3,(#2153,#2154,#2155,#2156,#2157),
 .UNSPECIFIED.,.F.,.F.,(4,1,4),(4.6311269426078E-17,0.105003379272851,0.210006758545702),
 .UNSPECIFIED.);
#388=B_SPLINE_CURVE_WITH_KNOTS('',3,(#2160,#2161,#2162,#2163,#2164),
 .UNSPECIFIED.,.F.,.F.,(4,1,4),(0.,0.105003383926487,0.210006767852974),
 .UNSPECIFIED.);
#389=B_SPLINE_CURVE_WITH_KNOTS('',3,(#2187,#2188,#2189,#2190),
 .UNSPECIFIED.,.F.,.F.,(4,4),(-0.104735135432774,0.),.UNSPECIFIED.);
#390=B_SPLINE_CURVE_WITH_KNOTS('',3,(#2216,#2217,#2218,#2219),
 .UNSPECIFIED.,.F.,.F.,(4,4),(-0.314807707248332,-0.210071745719537),
 .UNSPECIFIED.);
#391=B_SPLINE_CURVE_WITH_KNOTS('',3,(#2245,#2246,#2247,#2248,#2249),
 .UNSPECIFIED.,.F.,.F.,(4,1,4),(-0.210006758545702,-0.105003379272851,-4.6311269426078E-17),
 .UNSPECIFIED.);
#392=B_SPLINE_CURVE_WITH_KNOTS('',3,(#2275,#2276,#2277,#2278,#2279),
 .UNSPECIFIED.,.F.,.F.,(4,1,4),(-0.210006767852974,-0.105003383926487,0.),
 .UNSPECIFIED.);
#393=VERTEX_POINT('',#1495);
#394=VERTEX_POINT('',#1496);
#395=VERTEX_POINT('',#1507);
#396=VERTEX_POINT('',#1509);
#397=VERTEX_POINT('',#1532);
#398=VERTEX_POINT('',#1534);
#399=VERTEX_POINT('',#1539);
#400=VERTEX_POINT('',#1546);
#401=VERTEX_POINT('',#1547);
#402=VERTEX_POINT('',#1558);
#403=VERTEX_POINT('',#1567);
#404=VERTEX_POINT('',#1569);
#405=VERTEX_POINT('',#1571);
#406=VERTEX_POINT('',#1575);
#407=VERTEX_POINT('',#1587);
#408=VERTEX_POINT('',#1589);
#409=VERTEX_POINT('',#1594);
#410=VERTEX_POINT('',#1601);
#411=VERTEX_POINT('',#1605);
#412=VERTEX_POINT('',#1607);
#413=VERTEX_POINT('',#1611);
#414=VERTEX_POINT('',#1612);
#415=VERTEX_POINT('',#1623);
#416=VERTEX_POINT('',#1625);
#417=VERTEX_POINT('',#1648);
#418=VERTEX_POINT('',#1650);
#419=VERTEX_POINT('',#1655);
#420=VERTEX_POINT('',#1662);
#421=VERTEX_POINT('',#1663);
#422=VERTEX_POINT('',#1674);
#423=VERTEX_POINT('',#1683);
#424=VERTEX_POINT('',#1685);
#425=VERTEX_POINT('',#1687);
#426=VERTEX_POINT('',#1691);
#427=VERTEX_POINT('',#1703);
#428=VERTEX_POINT('',#1705);
#429=VERTEX_POINT('',#1710);
#430=VERTEX_POINT('',#1717);
#431=VERTEX_POINT('',#1721);
#432=VERTEX_POINT('',#1723);
#433=VERTEX_POINT('',#1727);
#434=VERTEX_POINT('',#1728);
#435=VERTEX_POINT('',#1739);
#436=VERTEX_POINT('',#1741);
#437=VERTEX_POINT('',#1764);
#438=VERTEX_POINT('',#1766);
#439=VERTEX_POINT('',#1771);
#440=VERTEX_POINT('',#1778);
#441=VERTEX_POINT('',#1779);
#442=VERTEX_POINT('',#1790);
#443=VERTEX_POINT('',#1799);
#444=VERTEX_POINT('',#1801);
#445=VERTEX_POINT('',#1803);
#446=VERTEX_POINT('',#1807);
#447=VERTEX_POINT('',#1819);
#448=VERTEX_POINT('',#1821);
#449=VERTEX_POINT('',#1826);
#450=VERTEX_POINT('',#1833);
#451=VERTEX_POINT('',#1837);
#452=VERTEX_POINT('',#1839);
#453=VERTEX_POINT('',#1862);
#454=VERTEX_POINT('',#1869);
#455=VERTEX_POINT('',#1870);
#456=VERTEX_POINT('',#1872);
#457=VERTEX_POINT('',#1874);
#458=VERTEX_POINT('',#1876);
#459=VERTEX_POINT('',#1899);
#460=VERTEX_POINT('',#1976);
#461=VERTEX_POINT('',#1980);
#462=VERTEX_POINT('',#1982);
#463=VERTEX_POINT('',#1984);
#464=VERTEX_POINT('',#1986);
#465=VERTEX_POINT('',#1988);
#466=VERTEX_POINT('',#1990);
#467=VERTEX_POINT('',#1992);
#468=VERTEX_POINT('',#1994);
#469=VERTEX_POINT('',#1996);
#470=VERTEX_POINT('',#1999);
#471=VERTEX_POINT('',#2025);
#472=VERTEX_POINT('',#2032);
#473=VERTEX_POINT('',#2034);
#474=VERTEX_POINT('',#2057);
#475=VERTEX_POINT('',#2140);
#476=VERTEX_POINT('',#2142);
#477=VERTEX_POINT('',#2144);
#478=VERTEX_POINT('',#2148);
#479=VERTEX_POINT('',#2152);
#480=VERTEX_POINT('',#2158);
#481=VERTEX_POINT('',#2185);
#482=VERTEX_POINT('',#2214);
#483=VERTEX_POINT('',#2285);
#484=VERTEX_POINT('',#2289);
#485=EDGE_CURVE('',#393,#394,#357,.T.);
#486=EDGE_CURVE('',#394,#395,#287,.T.);
#487=EDGE_CURVE('',#395,#396,#208,.T.);
#488=EDGE_CURVE('',#396,#393,#288,.T.);
#489=EDGE_CURVE('',#397,#395,#209,.T.);
#490=EDGE_CURVE('',#395,#398,#358,.T.);
#491=EDGE_CURVE('',#398,#399,#210,.T.);
#492=EDGE_CURVE('',#399,#397,#359,.T.);
#493=EDGE_CURVE('',#400,#401,#360,.T.);
#494=EDGE_CURVE('',#401,#402,#289,.T.);
#495=EDGE_CURVE('',#402,#398,#211,.T.);
#496=EDGE_CURVE('',#398,#400,#290,.T.);
#497=EDGE_CURVE('',#402,#399,#212,.T.);
#498=EDGE_CURVE('',#397,#396,#213,.T.);
#499=EDGE_CURVE('',#403,#396,#214,.T.);
#500=EDGE_CURVE('',#403,#404,#291,.T.);
#501=EDGE_CURVE('',#405,#404,#215,.T.);
#502=EDGE_CURVE('',#405,#393,#216,.T.);
#503=EDGE_CURVE('',#397,#406,#217,.T.);
#504=EDGE_CURVE('',#403,#406,#218,.T.);
#505=EDGE_CURVE('',#407,#399,#219,.T.);
#506=EDGE_CURVE('',#408,#407,#361,.T.);
#507=EDGE_CURVE('',#408,#409,#220,.T.);
#508=EDGE_CURVE('',#406,#409,#362,.T.);
#509=EDGE_CURVE('',#402,#410,#221,.T.);
#510=EDGE_CURVE('',#410,#407,#222,.T.);
#511=EDGE_CURVE('',#411,#401,#223,.T.);
#512=EDGE_CURVE('',#412,#411,#224,.T.);
#513=EDGE_CURVE('',#410,#412,#292,.T.);
#514=EDGE_CURVE('',#413,#414,#363,.T.);
#515=EDGE_CURVE('',#414,#415,#293,.T.);
#516=EDGE_CURVE('',#415,#416,#225,.T.);
#517=EDGE_CURVE('',#416,#413,#294,.T.);
#518=EDGE_CURVE('',#417,#415,#226,.T.);
#519=EDGE_CURVE('',#415,#418,#364,.T.);
#520=EDGE_CURVE('',#418,#419,#227,.T.);
#521=EDGE_CURVE('',#419,#417,#365,.T.);
#522=EDGE_CURVE('',#420,#421,#366,.T.);
#523=EDGE_CURVE('',#421,#422,#295,.T.);
#524=EDGE_CURVE('',#422,#418,#228,.T.);
#525=EDGE_CURVE('',#418,#420,#296,.T.);
#526=EDGE_CURVE('',#422,#419,#229,.T.);
#527=EDGE_CURVE('',#417,#416,#230,.T.);
#528=EDGE_CURVE('',#423,#416,#231,.T.);
#529=EDGE_CURVE('',#424,#423,#297,.T.);
#530=EDGE_CURVE('',#425,#424,#232,.T.);
#531=EDGE_CURVE('',#425,#413,#233,.T.);
#532=EDGE_CURVE('',#417,#426,#234,.T.);
#533=EDGE_CURVE('',#423,#426,#235,.T.);
#534=EDGE_CURVE('',#427,#419,#236,.T.);
#535=EDGE_CURVE('',#428,#427,#367,.T.);
#536=EDGE_CURVE('',#428,#429,#237,.T.);
#537=EDGE_CURVE('',#426,#429,#368,.T.);
#538=EDGE_CURVE('',#422,#430,#238,.T.);
#539=EDGE_CURVE('',#430,#427,#239,.T.);
#540=EDGE_CURVE('',#431,#421,#240,.T.);
#541=EDGE_CURVE('',#432,#431,#241,.T.);
#542=EDGE_CURVE('',#430,#432,#298,.T.);
#543=EDGE_CURVE('',#433,#434,#369,.T.);
#544=EDGE_CURVE('',#434,#435,#299,.T.);
#545=EDGE_CURVE('',#435,#436,#242,.T.);
#546=EDGE_CURVE('',#436,#433,#300,.T.);
#547=EDGE_CURVE('',#437,#435,#243,.T.);
#548=EDGE_CURVE('',#435,#438,#370,.T.);
#549=EDGE_CURVE('',#438,#439,#244,.T.);
#550=EDGE_CURVE('',#439,#437,#371,.T.);
#551=EDGE_CURVE('',#440,#441,#372,.T.);
#552=EDGE_CURVE('',#441,#442,#301,.T.);
#553=EDGE_CURVE('',#442,#438,#245,.T.);
#554=EDGE_CURVE('',#438,#440,#302,.T.);
#555=EDGE_CURVE('',#442,#439,#246,.T.);
#556=EDGE_CURVE('',#437,#436,#247,.T.);
#557=EDGE_CURVE('',#443,#436,#248,.T.);
#558=EDGE_CURVE('',#443,#444,#303,.T.);
#559=EDGE_CURVE('',#445,#444,#249,.T.);
#560=EDGE_CURVE('',#445,#433,#250,.T.);
#561=EDGE_CURVE('',#437,#446,#251,.T.);
#562=EDGE_CURVE('',#443,#446,#252,.T.);
#563=EDGE_CURVE('',#447,#439,#253,.T.);
#564=EDGE_CURVE('',#448,#447,#373,.T.);
#565=EDGE_CURVE('',#448,#449,#254,.T.);
#566=EDGE_CURVE('',#446,#449,#374,.T.);
#567=EDGE_CURVE('',#442,#450,#255,.T.);
#568=EDGE_CURVE('',#450,#447,#256,.T.);
#569=EDGE_CURVE('',#451,#441,#257,.T.);
#570=EDGE_CURVE('',#452,#451,#258,.T.);
#571=EDGE_CURVE('',#450,#452,#304,.T.);
#572=EDGE_CURVE('',#409,#453,#259,.T.);
#573=EDGE_CURVE('',#453,#403,#375,.T.);
#574=EDGE_CURVE('',#454,#455,#260,.T.);
#575=EDGE_CURVE('',#455,#456,#261,.T.);
#576=EDGE_CURVE('',#456,#457,#262,.T.);
#577=EDGE_CURVE('',#457,#458,#263,.T.);
#578=EDGE_CURVE('',#458,#454,#264,.T.);
#579=EDGE_CURVE('',#459,#448,#265,.T.);
#580=EDGE_CURVE('',#450,#459,#376,.T.);
#581=EDGE_CURVE('',#459,#458,#377,.T.);
#582=EDGE_CURVE('',#457,#448,#378,.T.);
#583=EDGE_CURVE('',#454,#453,#379,.T.);
#584=EDGE_CURVE('',#409,#455,#380,.T.);
#585=EDGE_CURVE('',#454,#460,#305,.T.);
#586=EDGE_CURVE('',#404,#460,#18,.T.);
#587=EDGE_CURVE('',#461,#458,#306,.T.);
#588=EDGE_CURVE('',#462,#461,#307,.T.);
#589=EDGE_CURVE('',#463,#462,#308,.T.);
#590=EDGE_CURVE('',#464,#463,#266,.T.);
#591=EDGE_CURVE('',#465,#464,#309,.T.);
#592=EDGE_CURVE('',#466,#465,#310,.T.);
#593=EDGE_CURVE('',#467,#466,#311,.T.);
#594=EDGE_CURVE('',#468,#467,#267,.T.);
#595=EDGE_CURVE('',#469,#468,#312,.T.);
#596=EDGE_CURVE('',#460,#469,#313,.T.);
#597=EDGE_CURVE('',#470,#470,#268,.T.);
#598=EDGE_CURVE('',#452,#461,#19,.T.);
#599=EDGE_CURVE('',#434,#440,#314,.T.);
#600=EDGE_CURVE('',#429,#471,#269,.T.);
#601=EDGE_CURVE('',#471,#423,#381,.T.);
#602=EDGE_CURVE('',#467,#472,#270,.T.);
#603=EDGE_CURVE('',#472,#473,#271,.T.);
#604=EDGE_CURVE('',#473,#468,#272,.T.);
#605=EDGE_CURVE('',#474,#408,#273,.T.);
#606=EDGE_CURVE('',#410,#474,#382,.T.);
#607=EDGE_CURVE('',#474,#468,#383,.T.);
#608=EDGE_CURVE('',#473,#408,#384,.T.);
#609=EDGE_CURVE('',#467,#471,#385,.T.);
#610=EDGE_CURVE('',#429,#472,#386,.T.);
#611=EDGE_CURVE('',#414,#420,#315,.T.);
#612=EDGE_CURVE('',#466,#424,#20,.T.);
#613=EDGE_CURVE('',#412,#469,#21,.T.);
#614=EDGE_CURVE('',#475,#475,#274,.T.);
#615=EDGE_CURVE('',#475,#476,#275,.T.);
#616=EDGE_CURVE('',#476,#477,#276,.T.);
#617=EDGE_CURVE('',#477,#476,#277,.T.);
#618=EDGE_CURVE('',#478,#478,#278,.T.);
#619=EDGE_CURVE('',#477,#456,#316,.T.);
#620=EDGE_CURVE('',#479,#428,#387,.T.);
#621=EDGE_CURVE('',#480,#479,#279,.T.);
#622=EDGE_CURVE('',#449,#480,#388,.T.);
#623=EDGE_CURVE('',#449,#481,#280,.T.);
#624=EDGE_CURVE('',#481,#443,#389,.T.);
#625=EDGE_CURVE('',#463,#480,#281,.T.);
#626=EDGE_CURVE('',#479,#464,#282,.T.);
#627=EDGE_CURVE('',#482,#428,#283,.T.);
#628=EDGE_CURVE('',#430,#482,#390,.T.);
#629=EDGE_CURVE('',#482,#464,#391,.T.);
#630=EDGE_CURVE('',#463,#481,#392,.T.);
#631=EDGE_CURVE('',#444,#462,#22,.T.);
#632=EDGE_CURVE('',#432,#465,#23,.T.);
#633=EDGE_CURVE('',#478,#483,#284,.T.);
#634=EDGE_CURVE('',#483,#483,#285,.T.);
#635=EDGE_CURVE('',#484,#484,#286,.T.);
#636=EDGE_CURVE('',#431,#425,#317,.T.);
#637=EDGE_CURVE('',#411,#405,#318,.T.);
#638=EDGE_CURVE('',#451,#445,#319,.T.);
#639=EDGE_CURVE('',#470,#484,#320,.T.);
#640=EDGE_CURVE('',#394,#400,#321,.T.);
#641=ORIENTED_EDGE('',*,*,#485,.T.);
#642=ORIENTED_EDGE('',*,*,#486,.T.);
#643=ORIENTED_EDGE('',*,*,#487,.T.);
#644=ORIENTED_EDGE('',*,*,#488,.T.);
#645=ORIENTED_EDGE('',*,*,#489,.T.);
#646=ORIENTED_EDGE('',*,*,#490,.T.);
#647=ORIENTED_EDGE('',*,*,#491,.T.);
#648=ORIENTED_EDGE('',*,*,#492,.T.);
#649=ORIENTED_EDGE('',*,*,#493,.T.);
#650=ORIENTED_EDGE('',*,*,#494,.T.);
#651=ORIENTED_EDGE('',*,*,#495,.T.);
#652=ORIENTED_EDGE('',*,*,#496,.T.);
#653=ORIENTED_EDGE('',*,*,#495,.F.);
#654=ORIENTED_EDGE('',*,*,#497,.T.);
#655=ORIENTED_EDGE('',*,*,#491,.F.);
#656=ORIENTED_EDGE('',*,*,#489,.F.);
#657=ORIENTED_EDGE('',*,*,#498,.T.);
#658=ORIENTED_EDGE('',*,*,#487,.F.);
#659=ORIENTED_EDGE('',*,*,#488,.F.);
#660=ORIENTED_EDGE('',*,*,#499,.F.);
#661=ORIENTED_EDGE('',*,*,#500,.T.);
#662=ORIENTED_EDGE('',*,*,#501,.F.);
#663=ORIENTED_EDGE('',*,*,#502,.T.);
#664=ORIENTED_EDGE('',*,*,#498,.F.);
#665=ORIENTED_EDGE('',*,*,#503,.T.);
#666=ORIENTED_EDGE('',*,*,#504,.F.);
#667=ORIENTED_EDGE('',*,*,#499,.T.);
#668=ORIENTED_EDGE('',*,*,#492,.F.);
#669=ORIENTED_EDGE('',*,*,#505,.F.);
#670=ORIENTED_EDGE('',*,*,#506,.F.);
#671=ORIENTED_EDGE('',*,*,#507,.T.);
#672=ORIENTED_EDGE('',*,*,#508,.F.);
#673=ORIENTED_EDGE('',*,*,#503,.F.);
#674=ORIENTED_EDGE('',*,*,#497,.F.);
#675=ORIENTED_EDGE('',*,*,#509,.T.);
#676=ORIENTED_EDGE('',*,*,#510,.T.);
#677=ORIENTED_EDGE('',*,*,#505,.T.);
#678=ORIENTED_EDGE('',*,*,#494,.F.);
#679=ORIENTED_EDGE('',*,*,#511,.F.);
#680=ORIENTED_EDGE('',*,*,#512,.F.);
#681=ORIENTED_EDGE('',*,*,#513,.F.);
#682=ORIENTED_EDGE('',*,*,#509,.F.);
#683=ORIENTED_EDGE('',*,*,#514,.T.);
#684=ORIENTED_EDGE('',*,*,#515,.T.);
#685=ORIENTED_EDGE('',*,*,#516,.T.);
#686=ORIENTED_EDGE('',*,*,#517,.T.);
#687=ORIENTED_EDGE('',*,*,#518,.T.);
#688=ORIENTED_EDGE('',*,*,#519,.T.);
#689=ORIENTED_EDGE('',*,*,#520,.T.);
#690=ORIENTED_EDGE('',*,*,#521,.T.);
#691=ORIENTED_EDGE('',*,*,#522,.T.);
#692=ORIENTED_EDGE('',*,*,#523,.T.);
#693=ORIENTED_EDGE('',*,*,#524,.T.);
#694=ORIENTED_EDGE('',*,*,#525,.T.);
#695=ORIENTED_EDGE('',*,*,#524,.F.);
#696=ORIENTED_EDGE('',*,*,#526,.T.);
#697=ORIENTED_EDGE('',*,*,#520,.F.);
#698=ORIENTED_EDGE('',*,*,#518,.F.);
#699=ORIENTED_EDGE('',*,*,#527,.T.);
#700=ORIENTED_EDGE('',*,*,#516,.F.);
#701=ORIENTED_EDGE('',*,*,#517,.F.);
#702=ORIENTED_EDGE('',*,*,#528,.F.);
#703=ORIENTED_EDGE('',*,*,#529,.F.);
#704=ORIENTED_EDGE('',*,*,#530,.F.);
#705=ORIENTED_EDGE('',*,*,#531,.T.);
#706=ORIENTED_EDGE('',*,*,#527,.F.);
#707=ORIENTED_EDGE('',*,*,#532,.T.);
#708=ORIENTED_EDGE('',*,*,#533,.F.);
#709=ORIENTED_EDGE('',*,*,#528,.T.);
#710=ORIENTED_EDGE('',*,*,#521,.F.);
#711=ORIENTED_EDGE('',*,*,#534,.F.);
#712=ORIENTED_EDGE('',*,*,#535,.F.);
#713=ORIENTED_EDGE('',*,*,#536,.T.);
#714=ORIENTED_EDGE('',*,*,#537,.F.);
#715=ORIENTED_EDGE('',*,*,#532,.F.);
#716=ORIENTED_EDGE('',*,*,#526,.F.);
#717=ORIENTED_EDGE('',*,*,#538,.T.);
#718=ORIENTED_EDGE('',*,*,#539,.T.);
#719=ORIENTED_EDGE('',*,*,#534,.T.);
#720=ORIENTED_EDGE('',*,*,#523,.F.);
#721=ORIENTED_EDGE('',*,*,#540,.F.);
#722=ORIENTED_EDGE('',*,*,#541,.F.);
#723=ORIENTED_EDGE('',*,*,#542,.F.);
#724=ORIENTED_EDGE('',*,*,#538,.F.);
#725=ORIENTED_EDGE('',*,*,#543,.T.);
#726=ORIENTED_EDGE('',*,*,#544,.T.);
#727=ORIENTED_EDGE('',*,*,#545,.T.);
#728=ORIENTED_EDGE('',*,*,#546,.T.);
#729=ORIENTED_EDGE('',*,*,#547,.T.);
#730=ORIENTED_EDGE('',*,*,#548,.T.);
#731=ORIENTED_EDGE('',*,*,#549,.T.);
#732=ORIENTED_EDGE('',*,*,#550,.T.);
#733=ORIENTED_EDGE('',*,*,#551,.T.);
#734=ORIENTED_EDGE('',*,*,#552,.T.);
#735=ORIENTED_EDGE('',*,*,#553,.T.);
#736=ORIENTED_EDGE('',*,*,#554,.T.);
#737=ORIENTED_EDGE('',*,*,#553,.F.);
#738=ORIENTED_EDGE('',*,*,#555,.T.);
#739=ORIENTED_EDGE('',*,*,#549,.F.);
#740=ORIENTED_EDGE('',*,*,#547,.F.);
#741=ORIENTED_EDGE('',*,*,#556,.T.);
#742=ORIENTED_EDGE('',*,*,#545,.F.);
#743=ORIENTED_EDGE('',*,*,#546,.F.);
#744=ORIENTED_EDGE('',*,*,#557,.F.);
#745=ORIENTED_EDGE('',*,*,#558,.T.);
#746=ORIENTED_EDGE('',*,*,#559,.F.);
#747=ORIENTED_EDGE('',*,*,#560,.T.);
#748=ORIENTED_EDGE('',*,*,#556,.F.);
#749=ORIENTED_EDGE('',*,*,#561,.T.);
#750=ORIENTED_EDGE('',*,*,#562,.F.);
#751=ORIENTED_EDGE('',*,*,#557,.T.);
#752=ORIENTED_EDGE('',*,*,#550,.F.);
#753=ORIENTED_EDGE('',*,*,#563,.F.);
#754=ORIENTED_EDGE('',*,*,#564,.F.);
#755=ORIENTED_EDGE('',*,*,#565,.T.);
#756=ORIENTED_EDGE('',*,*,#566,.F.);
#757=ORIENTED_EDGE('',*,*,#561,.F.);
#758=ORIENTED_EDGE('',*,*,#555,.F.);
#759=ORIENTED_EDGE('',*,*,#567,.T.);
#760=ORIENTED_EDGE('',*,*,#568,.T.);
#761=ORIENTED_EDGE('',*,*,#563,.T.);
#762=ORIENTED_EDGE('',*,*,#552,.F.);
#763=ORIENTED_EDGE('',*,*,#569,.F.);
#764=ORIENTED_EDGE('',*,*,#570,.F.);
#765=ORIENTED_EDGE('',*,*,#571,.F.);
#766=ORIENTED_EDGE('',*,*,#567,.F.);
#767=ORIENTED_EDGE('',*,*,#572,.T.);
#768=ORIENTED_EDGE('',*,*,#573,.T.);
#769=ORIENTED_EDGE('',*,*,#504,.T.);
#770=ORIENTED_EDGE('',*,*,#508,.T.);
#771=ORIENTED_EDGE('',*,*,#574,.T.);
#772=ORIENTED_EDGE('',*,*,#575,.T.);
#773=ORIENTED_EDGE('',*,*,#576,.T.);
#774=ORIENTED_EDGE('',*,*,#577,.T.);
#775=ORIENTED_EDGE('',*,*,#578,.T.);
#776=ORIENTED_EDGE('',*,*,#579,.T.);
#777=ORIENTED_EDGE('',*,*,#564,.T.);
#778=ORIENTED_EDGE('',*,*,#568,.F.);
#779=ORIENTED_EDGE('',*,*,#580,.T.);
#780=ORIENTED_EDGE('',*,*,#579,.F.);
#781=ORIENTED_EDGE('',*,*,#581,.T.);
#782=ORIENTED_EDGE('',*,*,#577,.F.);
#783=ORIENTED_EDGE('',*,*,#582,.T.);
#784=ORIENTED_EDGE('',*,*,#574,.F.);
#785=ORIENTED_EDGE('',*,*,#583,.T.);
#786=ORIENTED_EDGE('',*,*,#572,.F.);
#787=ORIENTED_EDGE('',*,*,#584,.T.);
#788=ORIENTED_EDGE('',*,*,#573,.F.);
#789=ORIENTED_EDGE('',*,*,#583,.F.);
#790=ORIENTED_EDGE('',*,*,#585,.T.);
#791=ORIENTED_EDGE('',*,*,#586,.F.);
#792=ORIENTED_EDGE('',*,*,#500,.F.);
#793=ORIENTED_EDGE('',*,*,#578,.F.);
#794=ORIENTED_EDGE('',*,*,#587,.F.);
#795=ORIENTED_EDGE('',*,*,#588,.F.);
#796=ORIENTED_EDGE('',*,*,#589,.F.);
#797=ORIENTED_EDGE('',*,*,#590,.F.);
#798=ORIENTED_EDGE('',*,*,#591,.F.);
#799=ORIENTED_EDGE('',*,*,#592,.F.);
#800=ORIENTED_EDGE('',*,*,#593,.F.);
#801=ORIENTED_EDGE('',*,*,#594,.F.);
#802=ORIENTED_EDGE('',*,*,#595,.F.);
#803=ORIENTED_EDGE('',*,*,#596,.F.);
#804=ORIENTED_EDGE('',*,*,#585,.F.);
#805=ORIENTED_EDGE('',*,*,#597,.T.);
#806=ORIENTED_EDGE('',*,*,#581,.F.);
#807=ORIENTED_EDGE('',*,*,#580,.F.);
#808=ORIENTED_EDGE('',*,*,#571,.T.);
#809=ORIENTED_EDGE('',*,*,#598,.T.);
#810=ORIENTED_EDGE('',*,*,#587,.T.);
#811=ORIENTED_EDGE('',*,*,#544,.F.);
#812=ORIENTED_EDGE('',*,*,#599,.T.);
#813=ORIENTED_EDGE('',*,*,#554,.F.);
#814=ORIENTED_EDGE('',*,*,#548,.F.);
#815=ORIENTED_EDGE('',*,*,#600,.T.);
#816=ORIENTED_EDGE('',*,*,#601,.T.);
#817=ORIENTED_EDGE('',*,*,#533,.T.);
#818=ORIENTED_EDGE('',*,*,#537,.T.);
#819=ORIENTED_EDGE('',*,*,#602,.T.);
#820=ORIENTED_EDGE('',*,*,#603,.T.);
#821=ORIENTED_EDGE('',*,*,#604,.T.);
#822=ORIENTED_EDGE('',*,*,#594,.T.);
#823=ORIENTED_EDGE('',*,*,#605,.T.);
#824=ORIENTED_EDGE('',*,*,#506,.T.);
#825=ORIENTED_EDGE('',*,*,#510,.F.);
#826=ORIENTED_EDGE('',*,*,#606,.T.);
#827=ORIENTED_EDGE('',*,*,#605,.F.);
#828=ORIENTED_EDGE('',*,*,#607,.T.);
#829=ORIENTED_EDGE('',*,*,#604,.F.);
#830=ORIENTED_EDGE('',*,*,#608,.T.);
#831=ORIENTED_EDGE('',*,*,#602,.F.);
#832=ORIENTED_EDGE('',*,*,#609,.T.);
#833=ORIENTED_EDGE('',*,*,#600,.F.);
#834=ORIENTED_EDGE('',*,*,#610,.T.);
#835=ORIENTED_EDGE('',*,*,#515,.F.);
#836=ORIENTED_EDGE('',*,*,#611,.T.);
#837=ORIENTED_EDGE('',*,*,#525,.F.);
#838=ORIENTED_EDGE('',*,*,#519,.F.);
#839=ORIENTED_EDGE('',*,*,#601,.F.);
#840=ORIENTED_EDGE('',*,*,#609,.F.);
#841=ORIENTED_EDGE('',*,*,#593,.T.);
#842=ORIENTED_EDGE('',*,*,#612,.T.);
#843=ORIENTED_EDGE('',*,*,#529,.T.);
#844=ORIENTED_EDGE('',*,*,#607,.F.);
#845=ORIENTED_EDGE('',*,*,#606,.F.);
#846=ORIENTED_EDGE('',*,*,#513,.T.);
#847=ORIENTED_EDGE('',*,*,#613,.T.);
#848=ORIENTED_EDGE('',*,*,#595,.T.);
#849=ORIENTED_EDGE('',*,*,#614,.T.);
#850=ORIENTED_EDGE('',*,*,#615,.T.);
#851=ORIENTED_EDGE('',*,*,#616,.T.);
#852=ORIENTED_EDGE('',*,*,#617,.T.);
#853=ORIENTED_EDGE('',*,*,#615,.F.);
#854=ORIENTED_EDGE('',*,*,#614,.F.);
#855=ORIENTED_EDGE('',*,*,#618,.F.);
#856=ORIENTED_EDGE('',*,*,#616,.F.);
#857=ORIENTED_EDGE('',*,*,#617,.F.);
#858=ORIENTED_EDGE('',*,*,#619,.T.);
#859=ORIENTED_EDGE('',*,*,#575,.F.);
#860=ORIENTED_EDGE('',*,*,#584,.F.);
#861=ORIENTED_EDGE('',*,*,#507,.F.);
#862=ORIENTED_EDGE('',*,*,#608,.F.);
#863=ORIENTED_EDGE('',*,*,#603,.F.);
#864=ORIENTED_EDGE('',*,*,#610,.F.);
#865=ORIENTED_EDGE('',*,*,#536,.F.);
#866=ORIENTED_EDGE('',*,*,#620,.F.);
#867=ORIENTED_EDGE('',*,*,#621,.F.);
#868=ORIENTED_EDGE('',*,*,#622,.F.);
#869=ORIENTED_EDGE('',*,*,#565,.F.);
#870=ORIENTED_EDGE('',*,*,#582,.F.);
#871=ORIENTED_EDGE('',*,*,#576,.F.);
#872=ORIENTED_EDGE('',*,*,#619,.F.);
#873=ORIENTED_EDGE('',*,*,#623,.T.);
#874=ORIENTED_EDGE('',*,*,#624,.T.);
#875=ORIENTED_EDGE('',*,*,#562,.T.);
#876=ORIENTED_EDGE('',*,*,#566,.T.);
#877=ORIENTED_EDGE('',*,*,#625,.T.);
#878=ORIENTED_EDGE('',*,*,#621,.T.);
#879=ORIENTED_EDGE('',*,*,#626,.T.);
#880=ORIENTED_EDGE('',*,*,#590,.T.);
#881=ORIENTED_EDGE('',*,*,#627,.T.);
#882=ORIENTED_EDGE('',*,*,#535,.T.);
#883=ORIENTED_EDGE('',*,*,#539,.F.);
#884=ORIENTED_EDGE('',*,*,#628,.T.);
#885=ORIENTED_EDGE('',*,*,#627,.F.);
#886=ORIENTED_EDGE('',*,*,#629,.T.);
#887=ORIENTED_EDGE('',*,*,#626,.F.);
#888=ORIENTED_EDGE('',*,*,#620,.T.);
#889=ORIENTED_EDGE('',*,*,#625,.F.);
#890=ORIENTED_EDGE('',*,*,#630,.T.);
#891=ORIENTED_EDGE('',*,*,#623,.F.);
#892=ORIENTED_EDGE('',*,*,#622,.T.);
#893=ORIENTED_EDGE('',*,*,#624,.F.);
#894=ORIENTED_EDGE('',*,*,#630,.F.);
#895=ORIENTED_EDGE('',*,*,#589,.T.);
#896=ORIENTED_EDGE('',*,*,#631,.F.);
#897=ORIENTED_EDGE('',*,*,#558,.F.);
#898=ORIENTED_EDGE('',*,*,#629,.F.);
#899=ORIENTED_EDGE('',*,*,#628,.F.);
#900=ORIENTED_EDGE('',*,*,#542,.T.);
#901=ORIENTED_EDGE('',*,*,#632,.T.);
#902=ORIENTED_EDGE('',*,*,#591,.T.);
#903=ORIENTED_EDGE('',*,*,#618,.T.);
#904=ORIENTED_EDGE('',*,*,#633,.T.);
#905=ORIENTED_EDGE('',*,*,#634,.T.);
#906=ORIENTED_EDGE('',*,*,#633,.F.);
#907=ORIENTED_EDGE('',*,*,#635,.F.);
#908=ORIENTED_EDGE('',*,*,#634,.F.);
#909=ORIENTED_EDGE('',*,*,#636,.T.);
#910=ORIENTED_EDGE('',*,*,#530,.T.);
#911=ORIENTED_EDGE('',*,*,#612,.F.);
#912=ORIENTED_EDGE('',*,*,#592,.T.);
#913=ORIENTED_EDGE('',*,*,#632,.F.);
#914=ORIENTED_EDGE('',*,*,#541,.T.);
#915=ORIENTED_EDGE('',*,*,#637,.T.);
#916=ORIENTED_EDGE('',*,*,#501,.T.);
#917=ORIENTED_EDGE('',*,*,#586,.T.);
#918=ORIENTED_EDGE('',*,*,#596,.T.);
#919=ORIENTED_EDGE('',*,*,#613,.F.);
#920=ORIENTED_EDGE('',*,*,#512,.T.);
#921=ORIENTED_EDGE('',*,*,#638,.T.);
#922=ORIENTED_EDGE('',*,*,#559,.T.);
#923=ORIENTED_EDGE('',*,*,#631,.T.);
#924=ORIENTED_EDGE('',*,*,#588,.T.);
#925=ORIENTED_EDGE('',*,*,#598,.F.);
#926=ORIENTED_EDGE('',*,*,#570,.T.);
#927=ORIENTED_EDGE('',*,*,#597,.F.);
#928=ORIENTED_EDGE('',*,*,#639,.T.);
#929=ORIENTED_EDGE('',*,*,#635,.T.);
#930=ORIENTED_EDGE('',*,*,#639,.F.);
#931=ORIENTED_EDGE('',*,*,#543,.F.);
#932=ORIENTED_EDGE('',*,*,#560,.F.);
#933=ORIENTED_EDGE('',*,*,#638,.F.);
#934=ORIENTED_EDGE('',*,*,#569,.T.);
#935=ORIENTED_EDGE('',*,*,#551,.F.);
#936=ORIENTED_EDGE('',*,*,#599,.F.);
#937=ORIENTED_EDGE('',*,*,#514,.F.);
#938=ORIENTED_EDGE('',*,*,#531,.F.);
#939=ORIENTED_EDGE('',*,*,#636,.F.);
#940=ORIENTED_EDGE('',*,*,#540,.T.);
#941=ORIENTED_EDGE('',*,*,#522,.F.);
#942=ORIENTED_EDGE('',*,*,#611,.F.);
#943=ORIENTED_EDGE('',*,*,#485,.F.);
#944=ORIENTED_EDGE('',*,*,#502,.F.);
#945=ORIENTED_EDGE('',*,*,#637,.F.);
#946=ORIENTED_EDGE('',*,*,#511,.T.);
#947=ORIENTED_EDGE('',*,*,#493,.F.);
#948=ORIENTED_EDGE('',*,*,#640,.F.);
#949=ORIENTED_EDGE('',*,*,#486,.F.);
#950=ORIENTED_EDGE('',*,*,#640,.T.);
#951=ORIENTED_EDGE('',*,*,#496,.F.);
#952=ORIENTED_EDGE('',*,*,#490,.F.);
#953=CYLINDRICAL_SURFACE('',#1054,1.);
#954=CYLINDRICAL_SURFACE('',#1058,1.);
#955=CYLINDRICAL_SURFACE('',#1079,1.);
#956=CYLINDRICAL_SURFACE('',#1083,1.);
#957=CYLINDRICAL_SURFACE('',#1104,1.);
#958=CYLINDRICAL_SURFACE('',#1108,1.);
#959=CYLINDRICAL_SURFACE('',#1137,1.);
#960=CYLINDRICAL_SURFACE('',#1143,1.);
#961=CYLINDRICAL_SURFACE('',#1153,1.);
#962=CYLINDRICAL_SURFACE('',#1155,1.);
#963=CYLINDRICAL_SURFACE('',#1164,89.);
#964=CYLINDRICAL_SURFACE('',#1171,1.);
#965=CYLINDRICAL_SURFACE('',#1173,1.);
#966=CYLINDRICAL_SURFACE('',#1180,1.);
#967=CYLINDRICAL_SURFACE('',#1181,1.);
#968=CYLINDRICAL_SURFACE('',#1182,1.);
#969=CYLINDRICAL_SURFACE('',#1183,83.);
#970=CYLINDRICAL_SURFACE('',#1184,57.0000013262034);
#971=CYLINDRICAL_SURFACE('',#1185,57.0000013262034);
#972=CYLINDRICAL_SURFACE('',#1186,57.0000013262034);
#973=ADVANCED_FACE('',(#71),#953,.T.);
#974=ADVANCED_FACE('',(#72),#56,.F.);
#975=ADVANCED_FACE('',(#73),#954,.T.);
#976=ADVANCED_FACE('',(#74),#50,.T.);
#977=ADVANCED_FACE('',(#75),#51,.T.);
#978=ADVANCED_FACE('',(#76),#38,.T.);
#979=ADVANCED_FACE('',(#77),#27,.T.);
#980=ADVANCED_FACE('',(#78),#24,.F.);
#981=ADVANCED_FACE('',(#79),#28,.T.);
#982=ADVANCED_FACE('',(#80),#39,.T.);
#983=ADVANCED_FACE('',(#81),#955,.T.);
#984=ADVANCED_FACE('',(#82),#57,.F.);
#985=ADVANCED_FACE('',(#83),#956,.T.);
#986=ADVANCED_FACE('',(#84),#52,.T.);
#987=ADVANCED_FACE('',(#85),#53,.T.);
#988=ADVANCED_FACE('',(#86),#40,.T.);
#989=ADVANCED_FACE('',(#87),#29,.T.);
#990=ADVANCED_FACE('',(#88),#25,.F.);
#991=ADVANCED_FACE('',(#89),#30,.T.);
#992=ADVANCED_FACE('',(#90),#41,.T.);
#993=ADVANCED_FACE('',(#91),#957,.T.);
#994=ADVANCED_FACE('',(#92),#58,.F.);
#995=ADVANCED_FACE('',(#93),#958,.T.);
#996=ADVANCED_FACE('',(#94),#54,.T.);
#997=ADVANCED_FACE('',(#95),#55,.T.);
#998=ADVANCED_FACE('',(#96),#42,.T.);
#999=ADVANCED_FACE('',(#97),#31,.T.);
#1000=ADVANCED_FACE('',(#98),#26,.F.);
#1001=ADVANCED_FACE('',(#99),#32,.T.);
#1002=ADVANCED_FACE('',(#100),#43,.T.);
#1003=ADVANCED_FACE('',(#101),#59,.F.);
#1004=ADVANCED_FACE('',(#102),#33,.T.);
#1005=ADVANCED_FACE('',(#103),#60,.F.);
#1006=ADVANCED_FACE('',(#104),#61,.F.);
#1007=ADVANCED_FACE('',(#105),#62,.F.);
#1008=ADVANCED_FACE('',(#106),#959,.F.);
#1009=ADVANCED_FACE('',(#107,#15),#44,.T.);
#1010=ADVANCED_FACE('',(#108),#960,.F.);
#1011=ADVANCED_FACE('',(#109),#45,.T.);
#1012=ADVANCED_FACE('',(#110),#63,.F.);
#1013=ADVANCED_FACE('',(#111),#34,.T.);
#1014=ADVANCED_FACE('',(#112),#64,.F.);
#1015=ADVANCED_FACE('',(#113),#65,.F.);
#1016=ADVANCED_FACE('',(#114),#66,.F.);
#1017=ADVANCED_FACE('',(#115),#46,.T.);
#1018=ADVANCED_FACE('',(#116),#961,.F.);
#1019=ADVANCED_FACE('',(#117),#962,.F.);
#1020=ADVANCED_FACE('',(#118),#35,.T.);
#1021=ADVANCED_FACE('',(#119,#16),#47,.F.);
#1022=ADVANCED_FACE('',(#120),#963,.T.);
#1023=ADVANCED_FACE('',(#121),#67,.F.);
#1024=ADVANCED_FACE('',(#122),#36,.T.);
#1025=ADVANCED_FACE('',(#123),#68,.F.);
#1026=ADVANCED_FACE('',(#124),#69,.F.);
#1027=ADVANCED_FACE('',(#125),#70,.F.);
#1028=ADVANCED_FACE('',(#126),#964,.F.);
#1029=ADVANCED_FACE('',(#127),#965,.F.);
#1030=ADVANCED_FACE('',(#128),#37,.T.);
#1031=ADVANCED_FACE('',(#129,#17),#48,.T.);
#1032=ADVANCED_FACE('',(#130),#966,.F.);
#1033=ADVANCED_FACE('',(#131),#967,.F.);
#1034=ADVANCED_FACE('',(#132),#968,.F.);
#1035=ADVANCED_FACE('',(#133),#969,.F.);
#1036=ADVANCED_FACE('',(#134),#970,.F.);
#1037=ADVANCED_FACE('',(#135),#971,.F.);
#1038=ADVANCED_FACE('',(#136),#972,.F.);
#1039=ADVANCED_FACE('',(#137),#49,.T.);
#1040=CLOSED_SHELL('',(#973,#974,#975,#976,#977,#978,#979,#980,#981,#982,
#983,#984,#985,#986,#987,#988,#989,#990,#991,#992,#993,#994,#995,#996,#997,
#998,#999,#1000,#1001,#1002,#1003,#1004,#1005,#1006,#1007,#1008,#1009,#1010,
#1011,#1012,#1013,#1014,#1015,#1016,#1017,#1018,#1019,#1020,#1021,#1022,
#1023,#1024,#1025,#1026,#1027,#1028,#1029,#1030,#1031,#1032,#1033,#1034,
#1035,#1036,#1037,#1038,#1039));
#1041=DERIVED_UNIT_ELEMENT(#1043,1.);
#1042=DERIVED_UNIT_ELEMENT(#2309,-3.);
#1043=(
MASS_UNIT()
NAMED_UNIT(*)
SI_UNIT(.KILO.,.GRAM.)
);
#1044=DERIVED_UNIT((#1041,#1042));
#1045=MEASURE_REPRESENTATION_ITEM('density measure',
POSITIVE_RATIO_MEASURE(7850.),#1044);
#1046=PROPERTY_DEFINITION_REPRESENTATION(#1051,#1048);
#1047=PROPERTY_DEFINITION_REPRESENTATION(#1052,#1049);
#1048=REPRESENTATION('material name',(#1050),#2306);
#1049=REPRESENTATION('density',(#1045),#2306);
#1050=DESCRIPTIVE_REPRESENTATION_ITEM('Steel','Steel');
#1051=PROPERTY_DEFINITION('material property','material name',#2316);
#1052=PROPERTY_DEFINITION('material property','density of part',#2316);
#1053=AXIS2_PLACEMENT_3D('',#1493,#1188,#1189);
#1054=AXIS2_PLACEMENT_3D('',#1494,#1190,#1191);
#1055=AXIS2_PLACEMENT_3D('',#1510,#1193,#1194);
#1056=AXIS2_PLACEMENT_3D('',#1533,#1196,#1197);
#1057=AXIS2_PLACEMENT_3D('',#1540,#1198,#1199);
#1058=AXIS2_PLACEMENT_3D('',#1545,#1200,#1201);
#1059=AXIS2_PLACEMENT_3D('',#1560,#1203,#1204);
#1060=AXIS2_PLACEMENT_3D('',#1562,#1206,#1207);
#1061=AXIS2_PLACEMENT_3D('',#1563,#1208,#1209);
#1062=AXIS2_PLACEMENT_3D('',#1564,#1210,#1211);
#1063=AXIS2_PLACEMENT_3D('',#1565,#1212,#1213);
#1064=AXIS2_PLACEMENT_3D('',#1566,#1214,#1215);
#1065=AXIS2_PLACEMENT_3D('',#1568,#1216,#1217);
#1066=AXIS2_PLACEMENT_3D('',#1572,#1219,#1220);
#1067=AXIS2_PLACEMENT_3D('',#1573,#1221,#1222);
#1068=AXIS2_PLACEMENT_3D('',#1574,#1223,#1224);
#1069=AXIS2_PLACEMENT_3D('',#1576,#1225,#1226);
#1070=AXIS2_PLACEMENT_3D('',#1577,#1227,#1228);
#1071=AXIS2_PLACEMENT_3D('',#1588,#1229,#1230);
#1072=AXIS2_PLACEMENT_3D('',#1595,#1231,#1232);
#1073=AXIS2_PLACEMENT_3D('',#1600,#1233,#1234);
#1074=AXIS2_PLACEMENT_3D('',#1602,#1235,#1236);
#1075=AXIS2_PLACEMENT_3D('',#1603,#1237,#1238);
#1076=AXIS2_PLACEMENT_3D('',#1604,#1239,#1240);
#1077=AXIS2_PLACEMENT_3D('',#1606,#1241,#1242);
#1078=AXIS2_PLACEMENT_3D('',#1608,#1243,#1244);
#1079=AXIS2_PLACEMENT_3D('',#1610,#1246,#1247);
#1080=AXIS2_PLACEMENT_3D('',#1626,#1249,#1250);
#1081=AXIS2_PLACEMENT_3D('',#1649,#1252,#1253);
#1082=AXIS2_PLACEMENT_3D('',#1656,#1254,#1255);
#1083=AXIS2_PLACEMENT_3D('',#1661,#1256,#1257);
#1084=AXIS2_PLACEMENT_3D('',#1676,#1259,#1260);
#1085=AXIS2_PLACEMENT_3D('',#1678,#1262,#1263);
#1086=AXIS2_PLACEMENT_3D('',#1679,#1264,#1265);
#1087=AXIS2_PLACEMENT_3D('',#1680,#1266,#1267);
#1088=AXIS2_PLACEMENT_3D('',#1681,#1268,#1269);
#1089=AXIS2_PLACEMENT_3D('',#1682,#1270,#1271);
#1090=AXIS2_PLACEMENT_3D('',#1684,#1272,#1273);
#1091=AXIS2_PLACEMENT_3D('',#1688,#1275,#1276);
#1092=AXIS2_PLACEMENT_3D('',#1689,#1277,#1278);
#1093=AXIS2_PLACEMENT_3D('',#1690,#1279,#1280);
#1094=AXIS2_PLACEMENT_3D('',#1692,#1281,#1282);
#1095=AXIS2_PLACEMENT_3D('',#1693,#1283,#1284);
#1096=AXIS2_PLACEMENT_3D('',#1704,#1285,#1286);
#1097=AXIS2_PLACEMENT_3D('',#1711,#1287,#1288);
#1098=AXIS2_PLACEMENT_3D('',#1716,#1289,#1290);
#1099=AXIS2_PLACEMENT_3D('',#1718,#1291,#1292);
#1100=AXIS2_PLACEMENT_3D('',#1719,#1293,#1294);
#1101=AXIS2_PLACEMENT_3D('',#1720,#1295,#1296);
#1102=AXIS2_PLACEMENT_3D('',#1722,#1297,#1298);
#1103=AXIS2_PLACEMENT_3D('',#1724,#1299,#1300);
#1104=AXIS2_PLACEMENT_3D('',#1726,#1302,#1303);
#1105=AXIS2_PLACEMENT_3D('',#1742,#1305,#1306);
#1106=AXIS2_PLACEMENT_3D('',#1765,#1308,#1309);
#1107=AXIS2_PLACEMENT_3D('',#1772,#1310,#1311);
#1108=AXIS2_PLACEMENT_3D('',#1777,#1312,#1313);
#1109=AXIS2_PLACEMENT_3D('',#1792,#1315,#1316);
#1110=AXIS2_PLACEMENT_3D('',#1794,#1318,#1319);
#1111=AXIS2_PLACEMENT_3D('',#1795,#1320,#1321);
#1112=AXIS2_PLACEMENT_3D('',#1796,#1322,#1323);
#1113=AXIS2_PLACEMENT_3D('',#1797,#1324,#1325);
#1114=AXIS2_PLACEMENT_3D('',#1798,#1326,#1327);
#1115=AXIS2_PLACEMENT_3D('',#1800,#1328,#1329);
#1116=AXIS2_PLACEMENT_3D('',#1804,#1331,#1332);
#1117=AXIS2_PLACEMENT_3D('',#1805,#1333,#1334);
#1118=AXIS2_PLACEMENT_3D('',#1806,#1335,#1336);
#1119=AXIS2_PLACEMENT_3D('',#1808,#1337,#1338);
#1120=AXIS2_PLACEMENT_3D('',#1809,#1339,#1340);
#1121=AXIS2_PLACEMENT_3D('',#1820,#1341,#1342);
#1122=AXIS2_PLACEMENT_3D('',#1827,#1343,#1344);
#1123=AXIS2_PLACEMENT_3D('',#1832,#1345,#1346);
#1124=AXIS2_PLACEMENT_3D('',#1834,#1347,#1348);
#1125=AXIS2_PLACEMENT_3D('',#1835,#1349,#1350);
#1126=AXIS2_PLACEMENT_3D('',#1836,#1351,#1352);
#1127=AXIS2_PLACEMENT_3D('',#1838,#1353,#1354);
#1128=AXIS2_PLACEMENT_3D('',#1840,#1355,#1356);
#1129=AXIS2_PLACEMENT_3D('',#1863,#1358,#1359);
#1130=AXIS2_PLACEMENT_3D('',#1868,#1360,#1361);
#1131=AXIS2_PLACEMENT_3D('',#1871,#1362,#1363);
#1132=AXIS2_PLACEMENT_3D('',#1873,#1364,#1365);
#1133=AXIS2_PLACEMENT_3D('',#1875,#1366,#1367);
#1134=AXIS2_PLACEMENT_3D('',#1877,#1368,#1369);
#1135=AXIS2_PLACEMENT_3D('',#1878,#1370,#1371);
#1136=AXIS2_PLACEMENT_3D('',#1900,#1372,#1373);
#1137=AXIS2_PLACEMENT_3D('',#1975,#1374,#1375);
#1138=AXIS2_PLACEMENT_3D('',#1978,#1377,#1378);
#1139=AXIS2_PLACEMENT_3D('',#1979,#1379,#1380);
#1140=AXIS2_PLACEMENT_3D('',#1987,#1384,#1385);
#1141=AXIS2_PLACEMENT_3D('',#1995,#1389,#1390);
#1142=AXIS2_PLACEMENT_3D('',#2000,#1393,#1394);
#1143=AXIS2_PLACEMENT_3D('',#2001,#1395,#1396);
#1144=AXIS2_PLACEMENT_3D('',#2002,#1397,#1398);
#1145=AXIS2_PLACEMENT_3D('',#2003,#1399,#1400);
#1146=AXIS2_PLACEMENT_3D('',#2026,#1402,#1403);
#1147=AXIS2_PLACEMENT_3D('',#2031,#1404,#1405);
#1148=AXIS2_PLACEMENT_3D('',#2033,#1406,#1407);
#1149=AXIS2_PLACEMENT_3D('',#2035,#1408,#1409);
#1150=AXIS2_PLACEMENT_3D('',#2036,#1410,#1411);
#1151=AXIS2_PLACEMENT_3D('',#2058,#1412,#1413);
#1152=AXIS2_PLACEMENT_3D('',#2133,#1414,#1415);
#1153=AXIS2_PLACEMENT_3D('',#2135,#1417,#1418);
#1154=AXIS2_PLACEMENT_3D('',#2136,#1419,#1420);
#1155=AXIS2_PLACEMENT_3D('',#2137,#1421,#1422);
#1156=AXIS2_PLACEMENT_3D('',#2138,#1423,#1424);
#1157=AXIS2_PLACEMENT_3D('',#2139,#1425,#1426);
#1158=AXIS2_PLACEMENT_3D('',#2141,#1427,#1428);
#1159=AXIS2_PLACEMENT_3D('',#2143,#1429,#1430);
#1160=AXIS2_PLACEMENT_3D('',#2145,#1431,#1432);
#1161=AXIS2_PLACEMENT_3D('',#2146,#1433,#1434);
#1162=AXIS2_PLACEMENT_3D('',#2147,#1435,#1436);
#1163=AXIS2_PLACEMENT_3D('',#2149,#1437,#1438);
#1164=AXIS2_PLACEMENT_3D('',#2150,#1439,#1440);
#1165=AXIS2_PLACEMENT_3D('',#2159,#1442,#1443);
#1166=AXIS2_PLACEMENT_3D('',#2186,#1444,#1445);
#1167=AXIS2_PLACEMENT_3D('',#2191,#1446,#1447);
#1168=AXIS2_PLACEMENT_3D('',#2192,#1448,#1449);
#1169=AXIS2_PLACEMENT_3D('',#2193,#1450,#1451);
#1170=AXIS2_PLACEMENT_3D('',#2215,#1452,#1453);
#1171=AXIS2_PLACEMENT_3D('',#2280,#1454,#1455);
#1172=AXIS2_PLACEMENT_3D('',#2281,#1456,#1457);
#1173=AXIS2_PLACEMENT_3D('',#2282,#1458,#1459);
#1174=AXIS2_PLACEMENT_3D('',#2283,#1460,#1461);
#1175=AXIS2_PLACEMENT_3D('',#2284,#1462,#1463);
#1176=AXIS2_PLACEMENT_3D('',#2286,#1464,#1465);
#1177=AXIS2_PLACEMENT_3D('',#2287,#1466,#1467);
#1178=AXIS2_PLACEMENT_3D('',#2288,#1468,#1469);
#1179=AXIS2_PLACEMENT_3D('',#2290,#1470,#1471);
#1180=AXIS2_PLACEMENT_3D('',#2291,#1472,#1473);
#1181=AXIS2_PLACEMENT_3D('',#2293,#1475,#1476);
#1182=AXIS2_PLACEMENT_3D('',#2295,#1478,#1479);
#1183=AXIS2_PLACEMENT_3D('',#2297,#1481,#1482);
#1184=AXIS2_PLACEMENT_3D('',#2299,#1484,#1485);
#1185=AXIS2_PLACEMENT_3D('',#2300,#1486,#1487);
#1186=AXIS2_PLACEMENT_3D('',#2301,#1488,#1489);
#1187=AXIS2_PLACEMENT_3D('',#2303,#1491,#1492);
#1188=DIRECTION('axis',(0.,0.,1.));
#1189=DIRECTION('refdir',(1.,0.,0.));
#1190=DIRECTION('center_axis',(0.489073800366903,-0.847100670886274,-0.207911690817759));
#1191=DIRECTION('ref_axis',(-0.538864552463193,-0.480872779108978,0.691654801480226));
#1192=DIRECTION('',(-0.489073800366903,0.847100670886274,0.207911690817759));
#1193=DIRECTION('center_axis',(0.489073800366904,-0.847100670886274,-0.207911690817756));
#1194=DIRECTION('ref_axis',(0.103955845408876,-0.180056805991953,0.978147600733806));
#1195=DIRECTION('',(0.489073800366903,-0.847100670886274,-0.207911690817759));
#1196=DIRECTION('center_axis',(0.827528864538426,0.561213031827082,0.0153594030872558));
#1197=DIRECTION('ref_axis',(-0.553427389013125,0.810837083343646,0.190424130206452));
#1198=DIRECTION('center_axis',(-0.899789174766351,-0.436054503141627,0.0153594030872632));
#1199=DIRECTION('ref_axis',(0.103955845408885,-0.180056805991953,0.978147600733806));
#1200=DIRECTION('center_axis',(-0.489073800366903,0.847100670886274,0.207911690817759));
#1201=DIRECTION('ref_axis',(0.685880318928394,0.226234002077578,0.691654801480223));
#1202=DIRECTION('',(-0.489073800366903,0.847100670886274,0.207911690817759));
#1203=DIRECTION('center_axis',(0.489073800366904,-0.847100670886273,-0.207911690817758));
#1204=DIRECTION('ref_axis',(0.866025403784438,0.500000000000001,2.22044604925032E-15));
#1205=DIRECTION('',(0.489073800366903,-0.847100670886274,-0.207911690817759));
#1206=DIRECTION('center_axis',(0.,0.,1.));
#1207=DIRECTION('ref_axis',(1.,0.,0.));
#1208=DIRECTION('center_axis',(0.0954728634879983,-0.165363850305301,0.981600595634298));
#1209=DIRECTION('ref_axis',(-0.490800297817149,0.850091052189238,0.190945726975997));
#1210=DIRECTION('center_axis',(0.,0.,1.));
#1211=DIRECTION('ref_axis',(-0.849321489532193,-0.527875939420255,0.));
#1212=DIRECTION('center_axis',(0.0954728634879983,-0.165363850305301,0.981600595634298));
#1213=DIRECTION('ref_axis',(-0.490800297817149,0.850091052189238,0.190945726975997));
#1214=DIRECTION('center_axis',(-0.866025403784439,-0.5,0.));
#1215=DIRECTION('ref_axis',(0.,0.,1.));
#1216=DIRECTION('center_axis',(0.866025403784439,0.5,0.));
#1217=DIRECTION('ref_axis',(-0.496797573868684,0.860478639017513,0.112998594649479));
#1218=DIRECTION('',(0.5,-0.866025403784439,0.));
#1219=DIRECTION('center_axis',(-0.866025403784439,-0.5,0.));
#1220=DIRECTION('ref_axis',(-0.356696149130145,0.617815853157591,-0.70076488837761));
#1221=DIRECTION('center_axis',(0.866025403784442,0.499999999999994,-3.72675458170605E-16));
#1222=DIRECTION('ref_axis',(-0.499999999999994,0.866025403784442,5.45372701161878E-15));
#1223=DIRECTION('center_axis',(0.866025403784439,0.5,0.));
#1224=DIRECTION('ref_axis',(0.,0.,-1.));
#1225=DIRECTION('center_axis',(-0.866025403784439,-0.5,0.));
#1226=DIRECTION('ref_axis',(-0.496797573868684,0.860478639017513,0.112998594649479));
#1227=DIRECTION('center_axis',(-0.0086565674170601,0.0149936145854713,-0.999850116448569));
#1228=DIRECTION('ref_axis',(-0.866025403784433,-0.50000000000001,1.08246744900952E-14));
#1229=DIRECTION('center_axis',(0.866025403784439,0.5,0.));
#1230=DIRECTION('ref_axis',(-0.496797573868684,0.860478639017513,0.112998594649479));
#1231=DIRECTION('center_axis',(0.,0.,1.));
#1232=DIRECTION('ref_axis',(1.,0.,0.));
#1233=DIRECTION('center_axis',(0.866025403784439,0.5,0.));
#1234=DIRECTION('ref_axis',(0.,0.,-1.));
#1235=DIRECTION('center_axis',(-0.866025403784439,-0.5,0.));
#1236=DIRECTION('ref_axis',(-0.496797573868684,0.860478639017513,0.112998594649479));
#1237=DIRECTION('center_axis',(0.00865656741705067,-0.0149936145854779,
0.999850116448569));
#1238=DIRECTION('ref_axis',(0.866025403784443,0.499999999999992,2.77555756156291E-16));
#1239=DIRECTION('center_axis',(0.866025403784439,0.5,0.));
#1240=DIRECTION('ref_axis',(0.,0.,-1.));
#1241=DIRECTION('center_axis',(0.866025403784439,0.5,0.));
#1242=DIRECTION('ref_axis',(-0.5,0.866025403784439,5.45372701161878E-15));
#1243=DIRECTION('center_axis',(0.866025403784439,0.5,0.));
#1244=DIRECTION('ref_axis',(-0.356696149130145,0.617815853157591,-0.70076488837761));
#1245=DIRECTION('',(0.5,-0.866025403784439,0.));
#1246=DIRECTION('center_axis',(-0.978147600733806,0.,-0.207911690817759));
#1247=DIRECTION('ref_axis',(-0.147015766465194,0.707106781186551,0.691654801480223));
#1248=DIRECTION('',(0.978147600733806,0.,0.207911690817759));
#1249=DIRECTION('center_axis',(-0.978147600733807,4.61656692469233E-16,
-0.207911690817753));
#1250=DIRECTION('ref_axis',(-0.207911690817753,0.,0.978147600733807));
#1251=DIRECTION('',(-0.978147600733806,0.,-0.207911690817759));
#1252=DIRECTION('center_axis',(0.0722603102279251,-0.99726753496871,0.0153594030872552));
#1253=DIRECTION('ref_axis',(0.97891920701264,0.0738636363636362,0.190424130206456));
#1254=DIRECTION('center_axis',(0.0722603102279259,0.99726753496871,0.0153594030872565));
#1255=DIRECTION('ref_axis',(-0.207911690817752,0.,0.978147600733807));
#1256=DIRECTION('center_axis',(0.978147600733806,0.,0.207911690817759));
#1257=DIRECTION('ref_axis',(-0.147015766465194,-0.707106781186551,0.691654801480223));
#1258=DIRECTION('',(0.978147600733806,0.,0.207911690817759));
#1259=DIRECTION('center_axis',(-0.978147600733807,4.61656692469234E-16,
-0.207911690817754));
#1260=DIRECTION('ref_axis',(0.,-1.,-2.22044604925031E-15));
#1261=DIRECTION('',(-0.978147600733806,0.,-0.207911690817759));
#1262=DIRECTION('center_axis',(0.,0.,1.));
#1263=DIRECTION('ref_axis',(1.,0.,0.));
#1264=DIRECTION('center_axis',(-0.190945726975997,0.,0.981600595634298));
#1265=DIRECTION('ref_axis',(0.981600595634298,0.,0.190945726975997));
#1266=DIRECTION('center_axis',(0.,0.,1.));
#1267=DIRECTION('ref_axis',(-0.0324932288184385,0.999471955625045,0.));
#1268=DIRECTION('center_axis',(-0.190945726975997,0.,0.981600595634298));
#1269=DIRECTION('ref_axis',(0.981600595634298,0.,0.190945726975997));
#1270=DIRECTION('center_axis',(0.,1.,0.));
#1271=DIRECTION('ref_axis',(0.,0.,1.));
#1272=DIRECTION('center_axis',(0.,-1.,0.));
#1273=DIRECTION('ref_axis',(0.993595147737368,0.,0.112998594649479));
#1274=DIRECTION('',(1.,0.,0.));
#1275=DIRECTION('center_axis',(0.,1.,0.));
#1276=DIRECTION('ref_axis',(0.713392298260308,0.,-0.700764888377604));
#1277=DIRECTION('center_axis',(-7.11107135751464E-15,-1.,-3.72675458170605E-16));
#1278=DIRECTION('ref_axis',(1.,-7.10932271157448E-15,5.45372701161878E-15));
#1279=DIRECTION('center_axis',(0.,-1.,0.));
#1280=DIRECTION('ref_axis',(0.,0.,-1.));
#1281=DIRECTION('center_axis',(0.,1.,0.));
#1282=DIRECTION('ref_axis',(0.993595147737368,0.,0.112998594649479));
#1283=DIRECTION('center_axis',(0.0173131348341035,-1.24881369801226E-15,
-0.999850116448569));
#1284=DIRECTION('ref_axis',(0.,1.,-1.2490009027033E-15));
#1285=DIRECTION('center_axis',(0.,-1.,0.));
#1286=DIRECTION('ref_axis',(0.993595147737368,0.,0.112998594649479));
#1287=DIRECTION('center_axis',(0.,0.,1.));
#1288=DIRECTION('ref_axis',(1.,0.,0.));
#1289=DIRECTION('center_axis',(0.,-1.,0.));
#1290=DIRECTION('ref_axis',(0.,0.,-1.));
#1291=DIRECTION('center_axis',(0.,1.,0.));
#1292=DIRECTION('ref_axis',(0.993595147737368,0.,0.112998594649479));
#1293=DIRECTION('center_axis',(-0.0173131348341033,2.77514155113836E-16,
0.999850116448569));
#1294=DIRECTION('ref_axis',(0.,-1.,2.77555756156289E-16));
#1295=DIRECTION('center_axis',(0.,-1.,0.));
#1296=DIRECTION('ref_axis',(0.,0.,-1.));
#1297=DIRECTION('center_axis',(0.,-1.,0.));
#1298=DIRECTION('ref_axis',(1.,0.,5.45372701161878E-15));
#1299=DIRECTION('center_axis',(0.,-1.,0.));
#1300=DIRECTION('ref_axis',(0.713392298260308,0.,-0.700764888377604));
#1301=DIRECTION('',(-1.,0.,0.));
#1302=DIRECTION('center_axis',(0.489073800366903,0.847100670886274,-0.207911690817759));
#1303=DIRECTION('ref_axis',(0.685880318928397,-0.226234002077567,0.691654801480224));
#1304=DIRECTION('',(-0.489073800366903,-0.847100670886274,0.207911690817759));
#1305=DIRECTION('center_axis',(0.489073800366898,0.847100670886277,-0.207911690817759));
#1306=DIRECTION('ref_axis',(0.103955845408881,0.180056805991954,0.978147600733806));
#1307=DIRECTION('',(0.489073800366903,0.847100670886274,-0.207911690817759));
#1308=DIRECTION('center_axis',(-0.899789174766348,0.436054503141634,0.0153594030872615));
#1309=DIRECTION('ref_axis',(-0.425491817999521,-0.88470071970728,0.190424130206452));
#1310=DIRECTION('center_axis',(0.827528864538427,-0.561213031827081,0.0153594030872503));
#1311=DIRECTION('ref_axis',(0.103955845408885,0.180056805991952,0.978147600733806));
#1312=DIRECTION('center_axis',(-0.489073800366903,-0.847100670886274,0.207911690817759));
#1313=DIRECTION('ref_axis',(-0.538864552463198,0.48087277910897,0.691654801480228));
#1314=DIRECTION('',(-0.489073800366903,-0.847100670886274,0.207911690817759));
#1315=DIRECTION('center_axis',(0.489073800366904,0.847100670886274,-0.207911690817756));
#1316=DIRECTION('ref_axis',(-0.866025403784438,0.500000000000001,2.22044604925032E-15));
#1317=DIRECTION('',(0.489073800366903,0.847100670886274,-0.207911690817759));
#1318=DIRECTION('center_axis',(0.,0.,1.));
#1319=DIRECTION('ref_axis',(-0.846588040848476,0.532248709808055,0.));
#1320=DIRECTION('center_axis',(0.0954728634879984,0.165363850305301,0.981600595634298));
#1321=DIRECTION('ref_axis',(-0.490800297817149,-0.850091052189238,0.190945726975997));
#1322=DIRECTION('center_axis',(0.,0.,1.));
#1323=DIRECTION('ref_axis',(1.,0.,0.));
#1324=DIRECTION('center_axis',(0.0954728634879984,0.165363850305301,0.981600595634298));
#1325=DIRECTION('ref_axis',(-0.490800297817149,-0.850091052189238,0.190945726975997));
#1326=DIRECTION('center_axis',(0.866025403784438,-0.5,0.));
#1327=DIRECTION('ref_axis',(0.,0.,1.));
#1328=DIRECTION('center_axis',(-0.866025403784438,0.5,0.));
#1329=DIRECTION('ref_axis',(-0.496797573868685,-0.860478639017513,0.112998594649479));
#1330=DIRECTION('',(0.5,0.866025403784438,0.));
#1331=DIRECTION('center_axis',(0.866025403784438,-0.5,0.));
#1332=DIRECTION('ref_axis',(-0.356696149130145,-0.617815853157591,-0.70076488837761));
#1333=DIRECTION('center_axis',(-0.866025403784435,0.500000000000007,-3.72675458170605E-16));
#1334=DIRECTION('ref_axis',(-0.500000000000007,-0.866025403784435,5.45372701161878E-15));
#1335=DIRECTION('center_axis',(-0.866025403784438,0.5,0.));
#1336=DIRECTION('ref_axis',(0.,0.,1.));
#1337=DIRECTION('center_axis',(0.866025403784438,-0.5,0.));
#1338=DIRECTION('ref_axis',(-0.496797573868685,-0.860478639017513,0.112998594649479));
#1339=DIRECTION('center_axis',(-0.00865656741696814,-0.0149936145855133,
-0.999850116448569));
#1340=DIRECTION('ref_axis',(0.866025403784437,-0.500000000000002,8.96505092384758E-14));
#1341=DIRECTION('center_axis',(-0.866025403784438,0.5,0.));
#1342=DIRECTION('ref_axis',(-0.496797573868685,-0.860478639017513,0.112998594649479));
#1343=DIRECTION('center_axis',(0.,0.,1.));
#1344=DIRECTION('ref_axis',(1.,0.,0.));
#1345=DIRECTION('center_axis',(-0.866025403784438,0.5,0.));
#1346=DIRECTION('ref_axis',(0.,0.,1.));
#1347=DIRECTION('center_axis',(0.866025403784438,-0.5,0.));
#1348=DIRECTION('ref_axis',(-0.496797573868685,-0.860478639017513,0.112998594649479));
#1349=DIRECTION('center_axis',(0.00865656741705056,0.0149936145854785,0.999850116448569));
#1350=DIRECTION('ref_axis',(-0.866025403784438,0.500000000000001,-8.32667268468872E-16));
#1351=DIRECTION('center_axis',(-0.866025403784438,0.5,0.));
#1352=DIRECTION('ref_axis',(0.,0.,-1.));
#1353=DIRECTION('center_axis',(-0.866025403784438,0.5,0.));
#1354=DIRECTION('ref_axis',(-0.5,-0.866025403784438,5.45372701161878E-15));
#1355=DIRECTION('center_axis',(-0.866025403784438,0.5,0.));
#1356=DIRECTION('ref_axis',(-0.356696149130145,-0.617815853157591,-0.70076488837761));
#1357=DIRECTION('',(0.5,0.866025403784438,0.));
#1358=DIRECTION('center_axis',(0.413421082987357,0.283190743858546,0.865382002779353));
#1359=DIRECTION('ref_axis',(-0.565123803504807,0.825006113136297,-2.7824964554668E-14));
#1360=DIRECTION('center_axis',(0.,0.,1.));
#1361=DIRECTION('ref_axis',(-1.,5.66553889764798E-16,0.));
#1362=DIRECTION('center_axis',(-0.81368055858411,-0.581312264262721,-7.2269351266395E-15));
#1363=DIRECTION('ref_axis',(-8.88178419700125E-15,0.,1.));
#1364=DIRECTION('center_axis',(0.,0.,1.));
#1365=DIRECTION('ref_axis',(-1.,1.22464679914735E-16,0.));
#1366=DIRECTION('center_axis',(0.,0.,1.));
#1367=DIRECTION('ref_axis',(-1.,1.22464679914735E-16,0.));
#1368=DIRECTION('center_axis',(-0.813680558584114,0.581312264262715,7.22693512663953E-15));
#1369=DIRECTION('ref_axis',(-0.581312264262715,-0.813680558584114,0.));
#1370=DIRECTION('center_axis',(0.,0.,-1.));
#1371=DIRECTION('ref_axis',(-1.,1.22464679914735E-16,0.));
#1372=DIRECTION('center_axis',(0.413421082280491,-0.283190743333368,0.865382003288907));
#1373=DIRECTION('ref_axis',(-0.750000000438723,0.43301270214552,0.499999999122552));
#1374=DIRECTION('center_axis',(0.5,-0.866025403784439,0.));
#1375=DIRECTION('ref_axis',(0.612372435695793,0.353553390593273,-0.707106781186549));
#1376=DIRECTION('',(0.5,-0.866025403784439,0.));
#1377=DIRECTION('center_axis',(-0.965925826289069,0.258819045102518,-1.08779196440841E-14));
#1378=DIRECTION('ref_axis',(-0.258819045102518,-0.965925826289069,1.08779196440842E-14));
#1379=DIRECTION('center_axis',(0.,0.,1.));
#1380=DIRECTION('ref_axis',(1.,0.,0.));
#1381=DIRECTION('',(-0.5,-0.866025403784438,0.));
#1382=DIRECTION('',(-0.866025403784438,0.5,0.));
#1383=DIRECTION('',(0.5,0.866025403784438,0.));
#1384=DIRECTION('center_axis',(0.,0.,-1.));
#1385=DIRECTION('ref_axis',(0.499999999999999,-0.866025403784439,0.));
#1386=DIRECTION('',(1.,0.,0.));
#1387=DIRECTION('',(0.,-1.,0.));
#1388=DIRECTION('',(-1.,0.,0.));
#1389=DIRECTION('center_axis',(0.,0.,-1.));
#1390=DIRECTION('ref_axis',(0.5,0.866025403784439,0.));
#1391=DIRECTION('',(-0.5,0.866025403784439,0.));
#1392=DIRECTION('',(0.866025403784439,0.5,0.));
#1393=DIRECTION('center_axis',(0.,0.,-1.));
#1394=DIRECTION('ref_axis',(1.,0.,0.));
#1395=DIRECTION('center_axis',(-0.5,-0.866025403784438,0.));
#1396=DIRECTION('ref_axis',(0.612372435695793,-0.353553390593273,-0.707106781186549));
#1397=DIRECTION('center_axis',(0.965925826289071,0.258819045102513,0.));
#1398=DIRECTION('ref_axis',(-0.258819045102513,0.965925826289071,0.));
#1399=DIRECTION('center_axis',(0.10395584540888,0.180056805991955,0.978147600733806));
#1400=DIRECTION('ref_axis',(-0.489073800366903,-0.847100670886274,0.207911690817759));
#1401=DIRECTION('',(-0.866025403784438,0.5,0.));
#1402=DIRECTION('center_axis',(0.0385398368036836,-0.499628532249928,0.865382002783123));
#1403=DIRECTION('ref_axis',(0.997038154006254,0.076908513545646,-2.44079496197754E-12));
#1404=DIRECTION('center_axis',(0.,0.,1.));
#1405=DIRECTION('ref_axis',(1.,0.,0.));
#1406=DIRECTION('center_axis',(-0.096590909090911,0.995324166430712,0.));
#1407=DIRECTION('ref_axis',(0.,0.,1.));
#1408=DIRECTION('center_axis',(0.,0.,1.));
#1409=DIRECTION('ref_axis',(0.5,0.866025403784439,0.));
#1410=DIRECTION('center_axis',(0.910271467675019,0.414011902168002,1.13967461083809E-14));
#1411=DIRECTION('ref_axis',(-0.414011902168002,0.910271467675019,0.));
#1412=DIRECTION('center_axis',(-0.451960918983456,-0.216437788048242,0.865382003288961));
#1413=DIRECTION('ref_axis',(0.750000000438774,0.433012702145536,0.49999999912246));
#1414=DIRECTION('center_axis',(-0.207911690817759,0.,0.978147600733806));
#1415=DIRECTION('ref_axis',(0.978147600733806,0.,0.207911690817759));
#1416=DIRECTION('',(0.,-1.,0.));
#1417=DIRECTION('center_axis',(-1.,0.,0.));
#1418=DIRECTION('ref_axis',(0.,-0.707106781186548,-0.707106781186547));
#1419=DIRECTION('center_axis',(-0.707106781186549,-0.707106781186546,0.));
#1420=DIRECTION('ref_axis',(0.707106781186546,-0.707106781186549,0.));
#1421=DIRECTION('center_axis',(-0.5,0.866025403784439,0.));
#1422=DIRECTION('ref_axis',(-0.612372435695796,-0.353553390593267,-0.70710678118655));
#1423=DIRECTION('center_axis',(-0.258819045102519,-0.965925826289069,0.));
#1424=DIRECTION('ref_axis',(0.965925826289069,-0.258819045102519,0.));
#1425=DIRECTION('center_axis',(0.,0.,-1.));
#1426=DIRECTION('ref_axis',(-1.,0.,0.));
#1427=DIRECTION('center_axis',(0.,0.,1.));
#1428=DIRECTION('ref_axis',(-0.996442985780482,0.0842696629213486,0.));
#1429=DIRECTION('center_axis',(-1.22464679914735E-16,-1.,0.));
#1430=DIRECTION('ref_axis',(1.,-1.22464679914735E-16,0.));
#1431=DIRECTION('center_axis',(0.,0.,-1.));
#1432=DIRECTION('ref_axis',(-0.996442985780482,0.0842696629213485,0.));
#1433=DIRECTION('center_axis',(0.,0.,-1.));
#1434=DIRECTION('ref_axis',(-0.996442985780482,0.0842696629213485,0.));
#1435=DIRECTION('center_axis',(0.,0.,1.));
#1436=DIRECTION('ref_axis',(1.,0.,0.));
#1437=DIRECTION('center_axis',(0.,0.,-1.));
#1438=DIRECTION('ref_axis',(1.,0.,0.));
#1439=DIRECTION('center_axis',(0.,0.,-1.));
#1440=DIRECTION('ref_axis',(1.,0.,0.));
#1441=DIRECTION('',(0.,0.,1.));
#1442=DIRECTION('center_axis',(0.,0.,1.));
#1443=DIRECTION('ref_axis',(0.499999999999999,-0.866025403784439,0.));
#1444=DIRECTION('center_axis',(-0.451960919791749,0.216437788397836,0.865382002779379));
#1445=DIRECTION('ref_axis',(-0.431914350501101,-0.901914626686591,-3.18581966363138E-14));
#1446=DIRECTION('center_axis',(0.,0.,1.));
#1447=DIRECTION('ref_axis',(1.,0.,0.));
#1448=DIRECTION('center_axis',(0.910271467675022,-0.414011902167995,0.));
#1449=DIRECTION('ref_axis',(0.,0.,1.));
#1450=DIRECTION('center_axis',(-0.0965909090909181,-0.995324166430711,-8.84025445229773E-15));
#1451=DIRECTION('ref_axis',(0.995324166430711,-0.0965909090909181,0.));
#1452=DIRECTION('center_axis',(0.0385398367026613,0.499628531378278,0.865382003290869));
#1453=DIRECTION('ref_axis',(0.,-0.866025404292984,0.499999999119174));
#1454=DIRECTION('center_axis',(0.5,0.866025403784438,0.));
#1455=DIRECTION('ref_axis',(-0.612372435695796,0.353553390593267,-0.70710678118655));
#1456=DIRECTION('center_axis',(0.258819045102525,-0.965925826289067,0.));
#1457=DIRECTION('ref_axis',(0.965925826289067,0.258819045102525,0.));
#1458=DIRECTION('center_axis',(1.,0.,0.));
#1459=DIRECTION('ref_axis',(0.,0.707106781186548,-0.707106781186547));
#1460=DIRECTION('center_axis',(-0.707106781186549,0.707106781186546,0.));
#1461=DIRECTION('ref_axis',(-0.707106781186546,-0.707106781186549,0.));
#1462=DIRECTION('center_axis',(0.,0.,1.));
#1463=DIRECTION('ref_axis',(1.,0.,0.));
#1464=DIRECTION('center_axis',(1.22464679914735E-16,-1.,0.));
#1465=DIRECTION('ref_axis',(-1.,-1.22464679914735E-16,0.));
#1466=DIRECTION('center_axis',(0.,0.,1.));
#1467=DIRECTION('ref_axis',(1.,0.,0.));
#1468=DIRECTION('center_axis',(0.,0.,1.));
#1469=DIRECTION('ref_axis',(1.,0.,0.));
#1470=DIRECTION('center_axis',(0.,0.,-1.));
#1471=DIRECTION('ref_axis',(1.,0.,0.));
#1472=DIRECTION('center_axis',(0.,-1.,0.));
#1473=DIRECTION('ref_axis',(0.713392298260308,0.,-0.700764888377604));
#1474=DIRECTION('',(0.,1.,0.));
#1475=DIRECTION('center_axis',(0.866025403784439,0.5,0.));
#1476=DIRECTION('ref_axis',(-0.356696149130145,0.617815853157591,-0.70076488837761));
#1477=DIRECTION('',(-0.866025403784439,-0.5,0.));
#1478=DIRECTION('center_axis',(-0.866025403784438,0.5,0.));
#1479=DIRECTION('ref_axis',(-0.356696149130145,-0.617815853157591,-0.70076488837761));
#1480=DIRECTION('',(0.866025403784438,-0.5,0.));
#1481=DIRECTION('center_axis',(0.,0.,-1.));
#1482=DIRECTION('ref_axis',(1.,0.,0.));
#1483=DIRECTION('',(0.,0.,-1.));
#1484=DIRECTION('center_axis',(-0.866025403784438,0.5,0.));
#1485=DIRECTION('ref_axis',(-0.5,-0.866025403784438,0.));
#1486=DIRECTION('center_axis',(0.,-1.,0.));
#1487=DIRECTION('ref_axis',(1.,0.,0.));
#1488=DIRECTION('center_axis',(0.866025403784439,0.5,0.));
#1489=DIRECTION('ref_axis',(-0.5,0.866025403784439,0.));
#1490=DIRECTION('',(0.866025403784439,0.5,0.));
#1491=DIRECTION('center_axis',(0.10395584540888,-0.180056805991955,0.978147600733806));
#1492=DIRECTION('ref_axis',(-0.489073800366903,0.847100670886274,0.207911690817759));
#1493=CARTESIAN_POINT('',(0.,0.,0.));
#1494=CARTESIAN_POINT('Origin',(-48.9529366869368,71.788973521477,11.0184663987704));
#1495=CARTESIAN_POINT('',(-49.4720631921992,70.6881270041472,10.8709951245365));
#1496=CARTESIAN_POINT('',(-48.5063723941236,71.0155014774785,11.8509666523455));
#1497=CARTESIAN_POINT('Ctrl Pts',(-49.4720631921992,70.6881270041472,10.8709951245365));
#1498=CARTESIAN_POINT('Ctrl Pts',(-49.4600888553545,70.6673868443452,10.9942605637356));
#1499=CARTESIAN_POINT('Ctrl Pts',(-49.4253634338283,70.6574199341587,11.1256555916301));
#1500=CARTESIAN_POINT('Ctrl Pts',(-49.3126769275854,70.6663431021361,11.3672089149929));
#1501=CARTESIAN_POINT('Ctrl Pts',(-49.2347272607557,70.68525346029,11.4773717872534));
#1502=CARTESIAN_POINT('Ctrl Pts',(-49.0629276119973,70.7428408348228,11.6512575774153));
#1503=CARTESIAN_POINT('Ctrl Pts',(-48.9576313846517,70.7853576602461,11.7265727854288));
#1504=CARTESIAN_POINT('Ctrl Pts',(-48.7337181233167,70.8902873201977,11.8264248536343));
#1505=CARTESIAN_POINT('Ctrl Pts',(-48.615112700857,70.9527202321143,11.8509666523455));
#1506=CARTESIAN_POINT('Ctrl Pts',(-48.5063723941236,71.0155014774785,11.8509666523455));
#1507=CARTESIAN_POINT('',(-48.8736454532317,71.6516370761049,12.0070992496215));
#1508=CARTESIAN_POINT('',(-48.8489808415279,71.6089167154851,11.9966139995042));
#1509=CARTESIAN_POINT('',(-49.843626702425,71.3316938820969,11.0289516488877));
#1510=CARTESIAN_POINT('Origin',(-48.9776012986406,71.8316938820969,11.0289516488877));
#1511=CARTESIAN_POINT('',(-49.8189620907212,71.288973521477,11.0184663987704));
#1512=CARTESIAN_POINT('Ctrl Pts',(-38.1447628674424,79.2163946018042,11.2193757790942));
#1513=CARTESIAN_POINT('Ctrl Pts',(-42.0917456946873,77.303606674656,11.2867829769331));
#1514=CARTESIAN_POINT('Ctrl Pts',(-45.9010143370687,75.1043243985615,11.2867829769331));
#1515=CARTESIAN_POINT('Ctrl Pts',(-49.5310286876537,72.6425309654406,11.2193757790942));
#1516=CARTESIAN_POINT('Ctrl Pts',(-38.1155353162705,79.1665426504,11.5162926724975));
#1517=CARTESIAN_POINT('Ctrl Pts',(-42.062894936719,77.2535623067448,11.5836982679588));
#1518=CARTESIAN_POINT('Ctrl Pts',(-45.8721000221254,75.0543167252869,11.5836982679588));
#1519=CARTESIAN_POINT('Ctrl Pts',(-49.5024694068954,72.5922931879332,11.5162926724975));
#1520=CARTESIAN_POINT('Ctrl Pts',(-37.9555489118071,78.8527803845759,11.9809322080881));
#1521=CARTESIAN_POINT('Ctrl Pts',(-41.891718221239,76.9452210357705,12.0481274279811));
#1522=CARTESIAN_POINT('Ctrl Pts',(-45.6906570061665,74.7519027056577,12.0481274279811));
#1523=CARTESIAN_POINT('Ctrl Pts',(-49.3107365161744,72.2968597644957,11.9809322080881));
#1524=CARTESIAN_POINT('Ctrl Pts',(-37.711452025224,78.3516702485768,12.0541384885001));
#1525=CARTESIAN_POINT('Ctrl Pts',(-41.6241291479657,76.4555094115913,12.1209268809852));
#1526=CARTESIAN_POINT('Ctrl Pts',(-45.4003488357354,74.2753079583383,12.1209268809852));
#1527=CARTESIAN_POINT('Ctrl Pts',(-48.9988108515969,71.8349105917305,12.0541384885001));
#1528=CARTESIAN_POINT('Ctrl Pts',(-37.615315204034,78.151637076105,12.0070992496215));
#1529=CARTESIAN_POINT('Ctrl Pts',(-41.5179530004573,76.2603465016179,12.0737172849345));
#1530=CARTESIAN_POINT('Ctrl Pts',(-45.2844208715761,74.0857752623334,12.0737172849345));
#1531=CARTESIAN_POINT('Ctrl Pts',(-48.8736454532317,71.651637076105,12.0070992496215));
#1532=CARTESIAN_POINT('',(-49.5310286876537,72.6425309654406,11.2193757790942));
#1533=CARTESIAN_POINT('Origin',(-48.9776012986406,71.8316938820969,11.0289516488877));
#1534=CARTESIAN_POINT('',(-37.615315204034,78.151637076105,12.0070992496215));
#1535=CARTESIAN_POINT('Ctrl Pts',(-48.8736454532317,71.651637076105,12.0070992496215));
#1536=CARTESIAN_POINT('Ctrl Pts',(-45.2844208715761,74.0857752623334,12.0737172849345));
#1537=CARTESIAN_POINT('Ctrl Pts',(-41.5179530004573,76.2603465016179,12.0737172849345));
#1538=CARTESIAN_POINT('Ctrl Pts',(-37.615315204034,78.151637076105,12.0070992496215));
#1539=CARTESIAN_POINT('',(-38.1447628674424,79.2163946018042,11.2193757790942));
#1540=CARTESIAN_POINT('Origin',(-37.7192710494429,78.3316938820969,11.0289516488877));
#1541=CARTESIAN_POINT('Ctrl Pts',(-38.1447628674424,79.2163946018042,11.2193757790942));
#1542=CARTESIAN_POINT('Ctrl Pts',(-42.0917456946873,77.303606674656,11.2867829769331));
#1543=CARTESIAN_POINT('Ctrl Pts',(-45.9010143370687,75.1043243985615,11.2867829769331));
#1544=CARTESIAN_POINT('Ctrl Pts',(-49.5310286876537,72.6425309654406,11.2193757790942));
#1545=CARTESIAN_POINT('Origin',(-37.2919427965254,77.5915396365342,10.8472888005985));
#1546=CARTESIAN_POINT('',(-37.2480421449259,77.5155014774785,11.8509666523455));
#1547=CARTESIAN_POINT('',(-36.4816821354327,78.1881270041472,10.8709951245365));
#1548=CARTESIAN_POINT('Ctrl Pts',(-37.2480421449259,77.5155014774785,11.8509666523455));
#1549=CARTESIAN_POINT('Ctrl Pts',(-37.1393018381926,77.5782827228428,11.8509666523455));
#1550=CARTESIAN_POINT('Ctrl Pts',(-37.0259306392107,77.6497815757613,11.8264248536343));
#1551=CARTESIAN_POINT('Ctrl Pts',(-36.8231022574147,77.7912313183458,11.7265727854288));
#1552=CARTESIAN_POINT('Ctrl Pts',(-36.733633492837,77.8611621134381,11.6512575774153));
#1553=CARTESIAN_POINT('Ctrl Pts',(-36.5978615391751,77.9811512863577,11.4773717872534));
#1554=CARTESIAN_POINT('Ctrl Pts',(-36.5425098552043,78.0392024989717,11.3672089149929));
#1555=CARTESIAN_POINT('Ctrl Pts',(-36.4784389119323,78.1323302920532,11.1256555916301));
#1556=CARTESIAN_POINT('Ctrl Pts',(-36.4697077985879,78.1673868443452,10.9942605637356));
#1557=CARTESIAN_POINT('Ctrl Pts',(-36.4816821354326,78.1881270041472,10.8709951245365));
#1558=CARTESIAN_POINT('',(-36.8532456456584,78.8316938820969,11.0289516488877));
#1559=CARTESIAN_POINT('',(-36.4259173927409,78.0915396365342,10.8472888005985));
#1560=CARTESIAN_POINT('Origin',(-37.7192710494429,78.3316938820969,11.0289516488877));
#1561=CARTESIAN_POINT('',(-37.1879869511165,77.4114828305422,11.8254364013323));
#1562=CARTESIAN_POINT('Origin',(-37.7192710494429,78.3316938820969,11.0289516488877));
#1563=CARTESIAN_POINT('Origin',(-37.7192710494429,78.3316938820969,11.0289516488877));
#1564=CARTESIAN_POINT('Origin',(-48.9776012986406,71.8316938820969,11.0289516488877));
#1565=CARTESIAN_POINT('Origin',(-48.9776012986406,71.8316938820969,11.0289516488877));
#1566=CARTESIAN_POINT('Origin',(-50.8369033956147,73.0520995806755,0.));
#1567=CARTESIAN_POINT('',(-50.3706693492114,72.2445585240865,0.999999999999986));
#1568=CARTESIAN_POINT('Origin',(-21.4951905283833,22.2307621135332,0.));
#1569=CARTESIAN_POINT('',(-49.9907265499295,71.5864782917604,1.));
#1570=CARTESIAN_POINT('',(-28.6858328535951,34.6853199598552,1.));
#1571=CARTESIAN_POINT('',(-49.9906468241894,71.5863402027277,1.01785714243425));
#1572=CARTESIAN_POINT('Origin',(-49.4907265499295,70.720452887976,1.));
#1573=CARTESIAN_POINT('Origin',(-21.4951905283816,22.2307621135294,-3.10862446895044E-13));
#1574=CARTESIAN_POINT('Origin',(-20.6291651245988,22.7307621135332,0.));
#1575=CARTESIAN_POINT('',(-50.0671711692014,73.5711569835774,1.01726584142069));
#1576=CARTESIAN_POINT('Origin',(-20.6931329101056,22.6938302953513,0.));
#1577=CARTESIAN_POINT('Origin',(-49.5046439454269,72.7445585240865,0.999999999999975));
#1578=CARTESIAN_POINT('Ctrl Pts',(-50.2960185119317,73.4255440691278,0.));
#1579=CARTESIAN_POINT('Ctrl Pts',(-50.2960185119317,73.4255440691278,5.66264717048987));
#1580=CARTESIAN_POINT('Ctrl Pts',(-49.7551224495046,72.4886846073902,11.2210011333156));
#1581=CARTESIAN_POINT('Ctrl Pts',(-44.6321936844979,77.3052271137744,4.95614839739228E-15));
#1582=CARTESIAN_POINT('Ctrl Pts',(-44.6321936844979,77.3052271137744,5.71354968932028));
#1583=CARTESIAN_POINT('Ctrl Pts',(-44.0864354134299,76.3599460596336,11.3218686612204));
#1584=CARTESIAN_POINT('Ctrl Pts',(-38.4403771955195,80.2704017746653,0.));
#1585=CARTESIAN_POINT('Ctrl Pts',(-38.4403771955195,80.2704017746653,5.66264717049749));
#1586=CARTESIAN_POINT('Ctrl Pts',(-37.8994811330917,79.3335423129264,11.2210011333307));
#1587=CARTESIAN_POINT('',(-38.6809053489901,80.145020619941,1.01726584142072));
#1588=CARTESIAN_POINT('Origin',(-9.30686708989433,29.267693931715,0.));
#1589=CARTESIAN_POINT('',(-38.440377196077,80.2704017743983,1.42945886898171E-9));
#1590=CARTESIAN_POINT('Ctrl Pts',(-38.4403771955193,80.2704017746654,1.78486336821493E-9));
#1591=CARTESIAN_POINT('Ctrl Pts',(-38.599969299954,80.193975339054,0.307359323375845));
#1592=CARTESIAN_POINT('Ctrl Pts',(-38.6839796849177,80.1503455259672,0.662174153556734));
#1593=CARTESIAN_POINT('Ctrl Pts',(-38.6809053489902,80.145020619941,1.01726584142052));
#1594=CARTESIAN_POINT('',(-50.2960185119316,73.4255440691278,1.28525662335122E-13));
#1595=CARTESIAN_POINT('Origin',(0.,0.,0.));
#1596=CARTESIAN_POINT('Ctrl Pts',(-50.0671711692014,73.5711569835774,1.01726584142069));
#1597=CARTESIAN_POINT('Ctrl Pts',(-50.0702455049231,73.5764818892468,0.662174177346626));
#1598=CARTESIAN_POINT('Ctrl Pts',(-50.1500352494274,73.5255416512558,0.307359269357319));
#1599=CARTESIAN_POINT('Ctrl Pts',(-50.2960185119317,73.4255440691278,1.0543649286987E-13));
#1600=CARTESIAN_POINT('Origin',(-9.37083487540114,29.2307621135332,0.));
#1601=CARTESIAN_POINT('',(-37.3802882924448,79.7445585240865,1.));
#1602=CARTESIAN_POINT('Origin',(-8.50480947161671,29.7307621135332,0.));
#1603=CARTESIAN_POINT('Origin',(-38.2463136962293,79.2445585240865,1.));
#1604=CARTESIAN_POINT('Origin',(-37.0048101347184,79.094211277772,0.));
#1605=CARTESIAN_POINT('',(-37.0002657674228,79.0863402027277,1.01785714243425));
#1606=CARTESIAN_POINT('Origin',(-8.50480947161465,29.7307621135296,-3.10862446895044E-13));
#1607=CARTESIAN_POINT('',(-37.000345493163,79.0864782917604,1.));
#1608=CARTESIAN_POINT('Origin',(-36.500345493163,78.220452887976,1.));
#1609=CARTESIAN_POINT('',(-15.2745956947636,41.4563758084034,1.));
#1610=CARTESIAN_POINT('Origin',(86.6475431246759,6.5,11.0184663987704));
#1611=CARTESIAN_POINT('',(85.9537453276319,7.5,10.8709951245365));
#1612=CARTESIAN_POINT('',(85.7544145390496,6.5,11.8509666523455));
#1613=CARTESIAN_POINT('Ctrl Pts',(85.9537453276319,7.5,10.8709951245365));
#1614=CARTESIAN_POINT('Ctrl Pts',(85.9297966539424,7.5,10.9942605637356));
#1615=CARTESIAN_POINT('Ctrl Pts',(85.9038023457606,7.47491035789446,11.1256555916301));
#1616=CARTESIAN_POINT('Ctrl Pts',(85.8551867827897,7.37285939683571,11.3672089149929));
#1617=CARTESIAN_POINT('Ctrl Pts',(85.8325887999309,7.29589782606768,11.4773717872534));
#1618=CARTESIAN_POINT('Ctrl Pts',(85.7965611048344,7.11832127861527,11.6512575774153));
#1619=CARTESIAN_POINT('Ctrl Pts',(85.7807336420664,7.00587365809965,11.7265727854288));
#1620=CARTESIAN_POINT('Ctrl Pts',(85.7596487625274,6.75949425556356,11.8264248536343));
#1621=CARTESIAN_POINT('Ctrl Pts',(85.7544145390495,6.62556249072852,11.8509666523455));
#1622=CARTESIAN_POINT('Ctrl Pts',(85.7544145390495,6.5,11.8509666523455));
#1623=CARTESIAN_POINT('',(86.4889606572657,6.5,12.0070992496215));
#1624=CARTESIAN_POINT('',(86.4396314338582,6.5,11.9966139995042));
#1625=CARTESIAN_POINT('',(86.6968723480834,7.5,11.0289516488877));
#1626=CARTESIAN_POINT('Origin',(86.6968723480834,6.5,11.0289516488877));
#1627=CARTESIAN_POINT('',(86.6475431246759,7.5,11.0184663987704));
#1628=CARTESIAN_POINT('Ctrl Pts',(87.6757915550961,-6.57386363636363,11.2193757790942));
#1629=CARTESIAN_POINT('Ctrl Pts',(87.992760031756,-2.19928227609454,11.2867829769331));
#1630=CARTESIAN_POINT('Ctrl Pts',(87.992760031756,2.19928227609455,11.2867829769331));
#1631=CARTESIAN_POINT('Ctrl Pts',(87.6757915550961,6.57386363636363,11.2193757790942));
#1632=CARTESIAN_POINT('Ctrl Pts',(87.6180047231659,-6.5742494624668,11.5162926724975));
#1633=CARTESIAN_POINT('Ctrl Pts',(87.9349949588445,-2.19924558145787,11.5836982679588));
#1634=CARTESIAN_POINT('Ctrl Pts',(87.9349949588445,2.19924558145787,11.5836982679588));
#1635=CARTESIAN_POINT('Ctrl Pts',(87.6180047231659,6.5742494624668,11.5162926724975));
#1636=CARTESIAN_POINT('Ctrl Pts',(87.2662987212918,-6.55592196573064,11.9809570394446));
#1637=CARTESIAN_POINT('Ctrl Pts',(87.5823885207157,-2.19331967576329,12.0481522593376));
#1638=CARTESIAN_POINT('Ctrl Pts',(87.5823885207157,2.19331967576329,12.0481522593376));
#1639=CARTESIAN_POINT('Ctrl Pts',(87.2662987212918,6.55592196573064,11.9809570394446));
#1640=CARTESIAN_POINT('Ctrl Pts',(86.7102628768209,-6.51675965684631,12.0541384885001));
#1641=CARTESIAN_POINT('Ctrl Pts',(87.0244779837011,-2.18020145325301,12.1209268809852));
#1642=CARTESIAN_POINT('Ctrl Pts',(87.0244779837011,2.18020145325301,12.1209268809852));
#1643=CARTESIAN_POINT('Ctrl Pts',(86.7102628768209,6.51675965684631,12.0541384885001));
#1644=CARTESIAN_POINT('Ctrl Pts',(86.4889606572657,-6.5,12.0070992496215));
#1645=CARTESIAN_POINT('Ctrl Pts',(86.8023738720335,-2.17457123928449,12.0737172849345));
#1646=CARTESIAN_POINT('Ctrl Pts',(86.8023738720335,2.17457123928449,12.0737172849345));
#1647=CARTESIAN_POINT('Ctrl Pts',(86.4889606572657,6.5,12.0070992496215));
#1648=CARTESIAN_POINT('',(87.6757915550961,6.57386363636364,11.2193757790942));
#1649=CARTESIAN_POINT('Origin',(86.6968723480834,6.5,11.0289516488877));
#1650=CARTESIAN_POINT('',(86.4889606572657,-6.5,12.0070992496215));
#1651=CARTESIAN_POINT('Ctrl Pts',(86.4889606572657,6.5,12.0070992496215));
#1652=CARTESIAN_POINT('Ctrl Pts',(86.8023738720335,2.17457123928449,12.0737172849345));
#1653=CARTESIAN_POINT('Ctrl Pts',(86.8023738720335,-2.17457123928449,12.0737172849345));
#1654=CARTESIAN_POINT('Ctrl Pts',(86.4889606572657,-6.5,12.0070992496215));
#1655=CARTESIAN_POINT('',(87.6757915550961,-6.57386363636364,11.2193757790942));
#1656=CARTESIAN_POINT('Origin',(86.6968723480834,-6.5,11.0289516488877));
#1657=CARTESIAN_POINT('Ctrl Pts',(87.6757915550961,-6.57386363636363,11.2193757790942));
#1658=CARTESIAN_POINT('Ctrl Pts',(87.992760031756,-2.19928227609454,11.2867829769331));
#1659=CARTESIAN_POINT('Ctrl Pts',(87.992760031756,2.19928227609455,11.2867829769331));
#1660=CARTESIAN_POINT('Ctrl Pts',(87.6757915550961,6.57386363636363,11.2193757790942));
#1661=CARTESIAN_POINT('Origin',(85.8422158422484,-6.5,10.8472888005985));
#1662=CARTESIAN_POINT('',(85.7544145390496,-6.5,11.8509666523455));
#1663=CARTESIAN_POINT('',(85.9537453276319,-7.5,10.8709951245365));
#1664=CARTESIAN_POINT('Ctrl Pts',(85.7544145390495,-6.5,11.8509666523455));
#1665=CARTESIAN_POINT('Ctrl Pts',(85.7544145390495,-6.62556249072852,11.8509666523455));
#1666=CARTESIAN_POINT('Ctrl Pts',(85.7596487625274,-6.75949425556356,11.8264248536343));
#1667=CARTESIAN_POINT('Ctrl Pts',(85.7807336420664,-7.00587365809965,11.7265727854288));
#1668=CARTESIAN_POINT('Ctrl Pts',(85.7965611048344,-7.11832127861527,11.6512575774153));
#1669=CARTESIAN_POINT('Ctrl Pts',(85.8325887999309,-7.29589782606768,11.4773717872534));
#1670=CARTESIAN_POINT('Ctrl Pts',(85.8551867827897,-7.3728593968357,11.3672089149929));
#1671=CARTESIAN_POINT('Ctrl Pts',(85.9038023457606,-7.47491035789446,11.1256555916301));
#1672=CARTESIAN_POINT('Ctrl Pts',(85.9297966539424,-7.5,10.9942605637356));
#1673=CARTESIAN_POINT('Ctrl Pts',(85.9537453276319,-7.5,10.8709951245365));
#1674=CARTESIAN_POINT('',(86.6968723480834,-7.5,11.0289516488877));
#1675=CARTESIAN_POINT('',(85.8422158422484,-7.5,10.8472888005985));
#1676=CARTESIAN_POINT('Origin',(86.6968723480834,-6.5,11.0289516488877));
#1677=CARTESIAN_POINT('',(85.6343041514307,-6.5,11.8254364013323));
#1678=CARTESIAN_POINT('Origin',(86.6968723480834,-6.5,11.0289516488877));
#1679=CARTESIAN_POINT('Origin',(86.6968723480834,-6.5,11.0289516488877));
#1680=CARTESIAN_POINT('Origin',(86.6968723480834,6.5,11.0289516488877));
#1681=CARTESIAN_POINT('Origin',(86.6968723480834,6.5,11.0289516488877));
#1682=CARTESIAN_POINT('Origin',(88.6834257344629,7.5,0.));
#1683=CARTESIAN_POINT('',(87.7509576416563,7.5,1.));
#1684=CARTESIAN_POINT('Origin',(30.,7.5,0.));
#1685=CARTESIAN_POINT('',(86.9910720430925,7.5,1.));
#1686=CARTESIAN_POINT('',(44.2625693008472,7.5,1.));
#1687=CARTESIAN_POINT('',(86.9909125916122,7.5,1.01785714243425));
#1688=CARTESIAN_POINT('Origin',(85.9910720430925,7.5,1.));
#1689=CARTESIAN_POINT('Origin',(29.9999999999959,7.50000000000041,-3.10862446895044E-13));
#1690=CARTESIAN_POINT('Origin',(30.,6.5,0.));
#1691=CARTESIAN_POINT('',(88.7480765181916,6.57386363636364,1.01726584142072));
#1692=CARTESIAN_POINT('Origin',(30.,6.57386363636364,0.));
#1693=CARTESIAN_POINT('Origin',(87.7509576416563,6.5,1.));
#1694=CARTESIAN_POINT('Ctrl Pts',(88.7363957065249,6.8448577059738,0.));
#1695=CARTESIAN_POINT('Ctrl Pts',(88.7363957065249,6.8448577059738,5.66264717048993));
#1696=CARTESIAN_POINT('Ctrl Pts',(87.6546035816708,6.8448577059738,11.2210011333157));
#1697=CARTESIAN_POINT('Ctrl Pts',(89.2643873681027,5.13632469889558E-10,
0.));
#1698=CARTESIAN_POINT('Ctrl Pts',(89.2643873681027,5.13632469889558E-10,
5.71354968932024));
#1699=CARTESIAN_POINT('Ctrl Pts',(88.1728708259667,5.13632469889558E-10,
11.3218686612204));
#1700=CARTESIAN_POINT('Ctrl Pts',(88.7363957066037,-6.84485770495283,0.));
#1701=CARTESIAN_POINT('Ctrl Pts',(88.7363957066037,-6.84485770495283,5.66264717049752));
#1702=CARTESIAN_POINT('Ctrl Pts',(87.6546035817481,-6.84485770495283,11.2210011333308));
#1703=CARTESIAN_POINT('',(88.7480765181916,-6.57386363636364,1.01726584142072));
#1704=CARTESIAN_POINT('Origin',(30.,-6.57386363636364,0.));
#1705=CARTESIAN_POINT('',(88.7363957066514,-6.84485770433423,1.43488620724802E-9));
#1706=CARTESIAN_POINT('Ctrl Pts',(88.7363957066037,-6.84485770495283,1.79207359889133E-9));
#1707=CARTESIAN_POINT('Ctrl Pts',(88.7500047345328,-6.66843094191594,0.307364076958572));
#1708=CARTESIAN_POINT('Ctrl Pts',(88.7542252385558,-6.57386363636364,0.66217135211696));
#1709=CARTESIAN_POINT('Ctrl Pts',(88.7480765181916,-6.57386363636364,1.01726584142072));
#1710=CARTESIAN_POINT('',(88.7363957065253,6.84485770596917,1.07177764926969E-11));
#1711=CARTESIAN_POINT('Origin',(0.,0.,0.));
#1712=CARTESIAN_POINT('Ctrl Pts',(88.7480765181916,6.57386363636364,1.01726584142072));
#1713=CARTESIAN_POINT('Ctrl Pts',(88.7542252385677,6.57386363636364,0.662171351431996));
#1714=CARTESIAN_POINT('Ctrl Pts',(88.7500047345154,6.66843094228872,0.307364075592564));
#1715=CARTESIAN_POINT('Ctrl Pts',(88.7363957065249,6.84485770597379,1.3385993702375E-11));
#1716=CARTESIAN_POINT('Origin',(30.,-6.5,0.));
#1717=CARTESIAN_POINT('',(87.7509576416562,-7.5,1.));
#1718=CARTESIAN_POINT('Origin',(30.,-7.5,0.));
#1719=CARTESIAN_POINT('Origin',(87.7509576416562,-6.5,1.));
#1720=CARTESIAN_POINT('Origin',(87.0000013262033,-7.5,0.));
#1721=CARTESIAN_POINT('',(86.9909125916122,-7.5,1.01785714243425));
#1722=CARTESIAN_POINT('Origin',(29.9999999999959,-7.5,-3.10862446895044E-13));
#1723=CARTESIAN_POINT('',(86.9910720430925,-7.5,1.));
#1724=CARTESIAN_POINT('Origin',(85.9910720430925,-7.5,1.));
#1725=CARTESIAN_POINT('',(43.4208570967174,-7.5,1.));
#1726=CARTESIAN_POINT('Origin',(-37.6946064377391,-78.288973521477,11.0184663987704));
#1727=CARTESIAN_POINT('',(-36.4816821354327,-78.1881270041472,10.8709951245365));
#1728=CARTESIAN_POINT('',(-37.248042144926,-77.5155014774785,11.8509666523455));
#1729=CARTESIAN_POINT('Ctrl Pts',(-36.4816821354327,-78.1881270041472,10.8709951245365));
#1730=CARTESIAN_POINT('Ctrl Pts',(-36.4697077985879,-78.1673868443451,10.9942605637356));
#1731=CARTESIAN_POINT('Ctrl Pts',(-36.4784389119323,-78.1323302920532,11.1256555916301));
#1732=CARTESIAN_POINT('Ctrl Pts',(-36.5425098552044,-78.0392024989717,11.3672089149929));
#1733=CARTESIAN_POINT('Ctrl Pts',(-36.5978615391752,-77.9811512863576,11.4773717872534));
#1734=CARTESIAN_POINT('Ctrl Pts',(-36.7336334928371,-77.8611621134381,11.6512575774153));
#1735=CARTESIAN_POINT('Ctrl Pts',(-36.8231022574147,-77.7912313183457,11.7265727854288));
#1736=CARTESIAN_POINT('Ctrl Pts',(-37.0259306392107,-77.6497815757612,11.8264248536343));
#1737=CARTESIAN_POINT('Ctrl Pts',(-37.1393018381926,-77.5782827228428,11.8509666523455));
#1738=CARTESIAN_POINT('Ctrl Pts',(-37.248042144926,-77.5155014774785,11.8509666523455));
#1739=CARTESIAN_POINT('',(-37.615315204034,-78.1516370761049,12.0070992496215));
#1740=CARTESIAN_POINT('',(-37.5906505923302,-78.108916715485,11.9966139995042));
#1741=CARTESIAN_POINT('',(-36.8532456456585,-78.8316938820969,11.0289516488877));
#1742=CARTESIAN_POINT('Origin',(-37.7192710494429,-78.3316938820969,11.0289516488877));
#1743=CARTESIAN_POINT('',(-36.8285810339547,-78.788973521477,11.0184663987704));
#1744=CARTESIAN_POINT('Ctrl Pts',(-49.5310286876537,-72.6425309654405,11.2193757790942));
#1745=CARTESIAN_POINT('Ctrl Pts',(-45.9010143370688,-75.1043243985614,11.2867829769331));
#1746=CARTESIAN_POINT('Ctrl Pts',(-42.0917456946873,-77.303606674656,11.2867829769331));
#1747=CARTESIAN_POINT('Ctrl Pts',(-38.1447628674424,-79.2163946018042,11.2193757790942));
#1748=CARTESIAN_POINT('Ctrl Pts',(-49.5024694068954,-72.5922931879332,11.5162926724975));
#1749=CARTESIAN_POINT('Ctrl Pts',(-45.8721000221255,-75.0543167252869,11.5836982679588));
#1750=CARTESIAN_POINT('Ctrl Pts',(-42.0628949367191,-77.2535623067448,11.5836982679588));
#1751=CARTESIAN_POINT('Ctrl Pts',(-38.1155353162705,-79.1665426503999,11.5162926724975));
#1752=CARTESIAN_POINT('Ctrl Pts',(-49.3107365161745,-72.2968597644957,11.9809322080881));
#1753=CARTESIAN_POINT('Ctrl Pts',(-45.6906570061665,-74.7519027056577,12.0481274279811));
#1754=CARTESIAN_POINT('Ctrl Pts',(-41.891718221239,-76.9452210357705,12.0481274279811));
#1755=CARTESIAN_POINT('Ctrl Pts',(-37.9555489118072,-78.8527803845759,11.9809322080881));
#1756=CARTESIAN_POINT('Ctrl Pts',(-48.998810851597,-71.8349105917305,12.0541384885002));
#1757=CARTESIAN_POINT('Ctrl Pts',(-45.4003488357355,-74.2753079583382,12.1209268809852));
#1758=CARTESIAN_POINT('Ctrl Pts',(-41.6241291479658,-76.4555094115913,12.1209268809852));
#1759=CARTESIAN_POINT('Ctrl Pts',(-37.711452025224,-78.3516702485768,12.0541384885002));
#1760=CARTESIAN_POINT('Ctrl Pts',(-48.8736454532317,-71.6516370761049,12.0070992496215));
#1761=CARTESIAN_POINT('Ctrl Pts',(-45.2844208715762,-74.0857752623333,12.0737172849345));
#1762=CARTESIAN_POINT('Ctrl Pts',(-41.5179530004574,-76.2603465016178,12.0737172849345));
#1763=CARTESIAN_POINT('Ctrl Pts',(-37.615315204034,-78.1516370761049,12.0070992496215));
#1764=CARTESIAN_POINT('',(-38.1447628674424,-79.2163946018042,11.2193757790942));
#1765=CARTESIAN_POINT('Origin',(-37.7192710494429,-78.3316938820969,11.0289516488877));
#1766=CARTESIAN_POINT('',(-48.8736454532317,-71.6516370761049,12.0070992496215));
#1767=CARTESIAN_POINT('Ctrl Pts',(-37.615315204034,-78.1516370761049,12.0070992496215));
#1768=CARTESIAN_POINT('Ctrl Pts',(-41.5179530004574,-76.2603465016178,12.0737172849345));
#1769=CARTESIAN_POINT('Ctrl Pts',(-45.2844208715762,-74.0857752623333,12.0737172849345));
#1770=CARTESIAN_POINT('Ctrl Pts',(-48.8736454532317,-71.6516370761049,12.0070992496215));
#1771=CARTESIAN_POINT('',(-49.5310286876537,-72.6425309654405,11.2193757790942));
#1772=CARTESIAN_POINT('Origin',(-48.9776012986406,-71.8316938820969,11.0289516488877));
#1773=CARTESIAN_POINT('Ctrl Pts',(-49.5310286876537,-72.6425309654405,11.2193757790942));
#1774=CARTESIAN_POINT('Ctrl Pts',(-45.9010143370688,-75.1043243985614,11.2867829769331));
#1775=CARTESIAN_POINT('Ctrl Pts',(-42.0917456946873,-77.303606674656,11.2867829769331));
#1776=CARTESIAN_POINT('Ctrl Pts',(-38.1447628674424,-79.2163946018042,11.2193757790942));
#1777=CARTESIAN_POINT('Origin',(-48.5502730457231,-71.0915396365341,10.8472888005985));
#1778=CARTESIAN_POINT('',(-48.5063723941237,-71.0155014774785,11.8509666523455));
#1779=CARTESIAN_POINT('',(-49.4720631921993,-70.6881270041472,10.8709951245365));
#1780=CARTESIAN_POINT('Ctrl Pts',(-48.5063723941237,-71.0155014774785,11.8509666523455));
#1781=CARTESIAN_POINT('Ctrl Pts',(-48.615112700857,-70.9527202321142,11.8509666523455));
#1782=CARTESIAN_POINT('Ctrl Pts',(-48.7337181233168,-70.8902873201977,11.8264248536343));
#1783=CARTESIAN_POINT('Ctrl Pts',(-48.9576313846517,-70.7853576602461,11.7265727854288));
#1784=CARTESIAN_POINT('Ctrl Pts',(-49.0629276119974,-70.7428408348228,11.6512575774153));
#1785=CARTESIAN_POINT('Ctrl Pts',(-49.2347272607557,-70.6852534602899,11.4773717872534));
#1786=CARTESIAN_POINT('Ctrl Pts',(-49.3126769275854,-70.666343102136,11.3672089149928));
#1787=CARTESIAN_POINT('Ctrl Pts',(-49.4253634338284,-70.6574199341587,11.1256555916301));
#1788=CARTESIAN_POINT('Ctrl Pts',(-49.4600888553545,-70.6673868443451,10.9942605637356));
#1789=CARTESIAN_POINT('Ctrl Pts',(-49.4720631921993,-70.6881270041472,10.8709951245365));
#1790=CARTESIAN_POINT('',(-49.843626702425,-71.3316938820969,11.0289516488877));
#1791=CARTESIAN_POINT('',(-49.4162984495076,-70.5915396365341,10.8472888005985));
#1792=CARTESIAN_POINT('Origin',(-48.9776012986406,-71.8316938820969,11.0289516488877));
#1793=CARTESIAN_POINT('',(-48.4463172003142,-70.9114828305422,11.8254364013323));
#1794=CARTESIAN_POINT('Origin',(-48.9776012986406,-71.8316938820969,11.0289516488877));
#1795=CARTESIAN_POINT('Origin',(-48.9776012986406,-71.8316938820969,11.0289516488877));
#1796=CARTESIAN_POINT('Origin',(-37.7192710494429,-78.3316938820969,11.0289516488877));
#1797=CARTESIAN_POINT('Origin',(-37.7192710494429,-78.3316938820969,11.0289516488877));
#1798=CARTESIAN_POINT('Origin',(-37.8465223388482,-80.5520995806755,0.));
#1799=CARTESIAN_POINT('',(-37.3802882924449,-79.7445585240865,0.999999999999864));
#1800=CARTESIAN_POINT('Origin',(-8.50480947161672,-29.7307621135332,0.));
#1801=CARTESIAN_POINT('',(-37.000345493163,-79.0864782917604,1.));
#1802=CARTESIAN_POINT('',(-15.6954517968285,-42.1853199598552,1.));
#1803=CARTESIAN_POINT('',(-37.0002657674228,-79.0863402027277,1.01785714243425));
#1804=CARTESIAN_POINT('Origin',(-36.500345493163,-78.220452887976,1.));
#1805=CARTESIAN_POINT('Origin',(-8.50480947161432,-29.7307621135298,-3.10862446895044E-13));
#1806=CARTESIAN_POINT('Origin',(-9.37083487540117,-29.2307621135332,0.));
#1807=CARTESIAN_POINT('',(-38.6809053489903,-80.1450206199409,1.01726584142049));
#1808=CARTESIAN_POINT('Origin',(-9.30686708989436,-29.267693931715,0.));
#1809=CARTESIAN_POINT('Origin',(-38.2463136962294,-79.2445585240865,0.999999999999774));
#1810=CARTESIAN_POINT('Ctrl Pts',(-38.4403771945926,-80.2704017751091,0.));
#1811=CARTESIAN_POINT('Ctrl Pts',(-38.4403771945926,-80.2704017751091,5.66264717048987));
#1812=CARTESIAN_POINT('Ctrl Pts',(-37.8994811321656,-79.3335423133715,11.2210011333156));
#1813=CARTESIAN_POINT('Ctrl Pts',(-44.6321936836052,-77.3052271142898,0.));
#1814=CARTESIAN_POINT('Ctrl Pts',(-44.6321936836052,-77.3052271142898,5.71354968932028));
#1815=CARTESIAN_POINT('Ctrl Pts',(-44.0864354125372,-76.3599460601491,11.3218686612204));
#1816=CARTESIAN_POINT('Ctrl Pts',(-50.2960185110839,-73.4255440697085,0.));
#1817=CARTESIAN_POINT('Ctrl Pts',(-50.2960185110839,-73.4255440697085,5.66264717049749));
#1818=CARTESIAN_POINT('Ctrl Pts',(-49.7551224486561,-72.4886846079696,11.2210011333307));
#1819=CARTESIAN_POINT('',(-50.0671711692015,-73.5711569835773,1.01726584142072));
#1820=CARTESIAN_POINT('Origin',(-20.6931329101057,-22.6938302953513,0.));
#1821=CARTESIAN_POINT('',(-50.296018510574,-73.4255440700578,1.42938724224939E-9));
#1822=CARTESIAN_POINT('Ctrl Pts',(-50.2960185110839,-73.4255440697085,1.78520529955928E-9));
#1823=CARTESIAN_POINT('Ctrl Pts',(-50.1500352490872,-73.5255416514751,0.307359270780734));
#1824=CARTESIAN_POINT('Ctrl Pts',(-50.0702455049174,-73.5764818892368,0.66217417800979));
#1825=CARTESIAN_POINT('Ctrl Pts',(-50.0671711692015,-73.5711569835773,1.01726584142071));
#1826=CARTESIAN_POINT('',(-38.4403771945927,-80.2704017751091,1.37537550792821E-13));
#1827=CARTESIAN_POINT('Origin',(0.,0.,0.));
#1828=CARTESIAN_POINT('Ctrl Pts',(-38.6809053489903,-80.1450206199409,1.01726584142049));
#1829=CARTESIAN_POINT('Ctrl Pts',(-38.6839796849235,-80.1503455259771,0.662174152894426));
#1830=CARTESIAN_POINT('Ctrl Pts',(-38.5999692995934,-80.1939753392393,0.307359321951129));
#1831=CARTESIAN_POINT('Ctrl Pts',(-38.4403771945924,-80.2704017751092,-2.93775420656672E-13));
#1832=CARTESIAN_POINT('Origin',(-20.6291651245989,-22.7307621135331,0.));
#1833=CARTESIAN_POINT('',(-50.3706693492114,-72.2445585240865,1.));
#1834=CARTESIAN_POINT('Origin',(-21.4951905283833,-22.2307621135331,0.));
#1835=CARTESIAN_POINT('Origin',(-49.504643945427,-72.7445585240865,1.));
#1836=CARTESIAN_POINT('Origin',(-49.995191191485,-71.5942112777719,0.));
#1837=CARTESIAN_POINT('',(-49.9906468241894,-71.5863402027277,1.01785714243425));
#1838=CARTESIAN_POINT('Origin',(-21.4951905283812,-22.2307621135296,-3.10862446895044E-13));
#1839=CARTESIAN_POINT('',(-49.9907265499296,-71.5864782917604,1.));
#1840=CARTESIAN_POINT('Origin',(-49.4907265499296,-70.7204528879759,1.));
#1841=CARTESIAN_POINT('',(-28.2649767515302,-33.9563758084034,1.));
#1842=CARTESIAN_POINT('Ctrl Pts',(-50.0671711692014,73.5711569835774,1.01726584142069));
#1843=CARTESIAN_POINT('Ctrl Pts',(-50.0702455049231,73.5764818892468,0.662174177346626));
#1844=CARTESIAN_POINT('Ctrl Pts',(-50.1500352494274,73.5255416512558,0.307359269357319));
#1845=CARTESIAN_POINT('Ctrl Pts',(-50.2960185119317,73.4255440691278,1.0543649286987E-13));
#1846=CARTESIAN_POINT('Ctrl Pts',(-50.3028871032174,73.410752214947,1.01690123036707));
#1847=CARTESIAN_POINT('Ctrl Pts',(-50.3050310362434,73.4156371783742,0.71198343743893));
#1848=CARTESIAN_POINT('Ctrl Pts',(-50.3741603387965,73.3716416222692,0.406640003382569));
#1849=CARTESIAN_POINT('Ctrl Pts',(-50.5005662279136,73.2854302185594,0.143570450312381));
#1850=CARTESIAN_POINT('Ctrl Pts',(-50.583997116053,72.9450443923434,1.0123513525914));
#1851=CARTESIAN_POINT('Ctrl Pts',(-50.5851547655295,72.9499660483896,0.795332258745393));
#1852=CARTESIAN_POINT('Ctrl Pts',(-50.6349537367721,72.9176554459387,0.578094433210427));
#1853=CARTESIAN_POINT('Ctrl Pts',(-50.725655237311,72.8533852680078,0.392486734992298));
#1854=CARTESIAN_POINT('Ctrl Pts',(-50.4775722781287,72.4297198284493,1.00370220454458));
#1855=CARTESIAN_POINT('Ctrl Pts',(-50.4798511599779,72.4349698202671,0.825225367370961));
#1856=CARTESIAN_POINT('Ctrl Pts',(-50.5199084633263,72.4073908605936,0.646292070604213));
#1857=CARTESIAN_POINT('Ctrl Pts',(-50.5918395474551,72.3514060096911,0.492828147067457));
#1858=CARTESIAN_POINT('Ctrl Pts',(-50.3706693492114,72.2445585240865,1.00000000000001));
#1859=CARTESIAN_POINT('Ctrl Pts',(-50.3736915048726,72.2497930512402,0.825467616420651));
#1860=CARTESIAN_POINT('Ctrl Pts',(-50.4120871846509,72.2227888397063,0.651070954703939));
#1861=CARTESIAN_POINT('Ctrl Pts',(-50.4808947084269,72.1675252540992,0.500000000000058));
#1862=CARTESIAN_POINT('',(-50.4808947084269,72.1675252540992,0.500000000000074));
#1863=CARTESIAN_POINT('Origin',(-49.7308947084268,72.6005379559915,1.5635062688979E-13));
#1864=CARTESIAN_POINT('Ctrl Pts',(-50.4808947084269,72.1675252540992,0.500000000000058));
#1865=CARTESIAN_POINT('Ctrl Pts',(-50.4120871846509,72.2227888397063,0.651070954703939));
#1866=CARTESIAN_POINT('Ctrl Pts',(-50.3736915048726,72.2497930512402,0.825467616420651));
#1867=CARTESIAN_POINT('Ctrl Pts',(-50.3706693492114,72.2445585240865,1.00000000000001));
#1868=CARTESIAN_POINT('Origin',(0.,0.,-1.));
#1869=CARTESIAN_POINT('',(-51.155479255119,71.6038891554019,0.));
#1870=CARTESIAN_POINT('',(-51.7367915193818,72.417569713986,-1.));
#1871=CARTESIAN_POINT('Origin',(-51.155479255119,71.6038891554019,-1.));
#1872=CARTESIAN_POINT('',(-89.,1.08993565124114E-14,-1.));
#1873=CARTESIAN_POINT('Origin',(0.,0.,-1.));
#1874=CARTESIAN_POINT('',(-51.7367915193818,-72.417569713986,-1.));
#1875=CARTESIAN_POINT('Origin',(0.,0.,-1.));
#1876=CARTESIAN_POINT('',(-51.1554792551191,-71.6038891554019,0.));
#1877=CARTESIAN_POINT('Origin',(-51.1554792551191,-71.6038891554019,-1.));
#1878=CARTESIAN_POINT('Origin',(0.,0.,0.));
#1879=CARTESIAN_POINT('Ctrl Pts',(-50.2960185110839,-73.4255440697085,1.78520529955928E-9));
#1880=CARTESIAN_POINT('Ctrl Pts',(-50.1500352490872,-73.5255416514751,0.307359270780734));
#1881=CARTESIAN_POINT('Ctrl Pts',(-50.0702455049174,-73.5764818892368,0.66217417800979));
#1882=CARTESIAN_POINT('Ctrl Pts',(-50.0671711692015,-73.5711569835773,1.01726584142071));
#1883=CARTESIAN_POINT('Ctrl Pts',(-50.5005662271794,-73.2854302190606,0.143570451841162));
#1884=CARTESIAN_POINT('Ctrl Pts',(-50.3741603385016,-73.3716416224588,0.406640004606035));
#1885=CARTESIAN_POINT('Ctrl Pts',(-50.3050310362394,-73.415637178365,0.711983438008391));
#1886=CARTESIAN_POINT('Ctrl Pts',(-50.3028871032175,-73.410752214947,1.01690123036708));
#1887=CARTESIAN_POINT('Ctrl Pts',(-50.7256552367843,-72.8533852683809,0.392486736070012));
#1888=CARTESIAN_POINT('Ctrl Pts',(-50.634953736559,-72.9176554460785,0.578094434080939));
#1889=CARTESIAN_POINT('Ctrl Pts',(-50.5851547655274,-72.9499660483804,0.795332259150696));
#1890=CARTESIAN_POINT('Ctrl Pts',(-50.5839971160531,-72.9450443923434,1.0123513525914));
#1891=CARTESIAN_POINT('Ctrl Pts',(-50.5918395470371,-72.3514060100163,0.492828147959393));
#1892=CARTESIAN_POINT('Ctrl Pts',(-50.5199084631555,-72.4073908607131,0.646292071320687));
#1893=CARTESIAN_POINT('Ctrl Pts',(-50.4798511599737,-72.4349698202572,0.825225367704284));
#1894=CARTESIAN_POINT('Ctrl Pts',(-50.4775722781288,-72.4297198284492,1.00370220454458));
#1895=CARTESIAN_POINT('Ctrl Pts',(-50.4808947080273,-72.1675252544202,0.500000000877448));
#1896=CARTESIAN_POINT('Ctrl Pts',(-50.4120871844877,-72.2227888398232,0.651070955403533));
#1897=CARTESIAN_POINT('Ctrl Pts',(-50.373691504867,-72.2497930512304,0.825467616746609));
#1898=CARTESIAN_POINT('Ctrl Pts',(-50.3706693492114,-72.2445585240865,1.));
#1899=CARTESIAN_POINT('',(-50.4808947080273,-72.1675252544202,0.500000000877451));
#1900=CARTESIAN_POINT('Origin',(-49.7308947075886,-72.6005379565657,1.75490301110304E-9));
#1901=CARTESIAN_POINT('Ctrl Pts',(-50.3706693492114,-72.2445585240865,1.));
#1902=CARTESIAN_POINT('Ctrl Pts',(-50.373691504867,-72.2497930512304,0.825467616746609));
#1903=CARTESIAN_POINT('Ctrl Pts',(-50.4120871844877,-72.2227888398232,0.651070955403533));
#1904=CARTESIAN_POINT('Ctrl Pts',(-50.4808947080273,-72.1675252544202,0.500000000877448));
#1905=CARTESIAN_POINT('Ctrl Pts',(-51.7367915193818,-72.417569713986,-1.));
#1906=CARTESIAN_POINT('Ctrl Pts',(-51.4487578213934,-72.6233476687315,-0.999999999999997));
#1907=CARTESIAN_POINT('Ctrl Pts',(-50.8703111225321,-73.0308971212599,-0.813545640779769));
#1908=CARTESIAN_POINT('Ctrl Pts',(-50.4423648897643,-73.325297755372,-0.302893450782059));
#1909=CARTESIAN_POINT('Ctrl Pts',(-50.2960185110839,-73.4255440697085,1.75490604686912E-9));
#1910=CARTESIAN_POINT('Ctrl Pts',(-51.7367915193818,-72.417569713986,-0.700800699658119));
#1911=CARTESIAN_POINT('Ctrl Pts',(-51.491061673244,-72.5929625161171,-0.704074904638719));
#1912=CARTESIAN_POINT('Ctrl Pts',(-50.9950296220015,-72.943323075434,-0.550420951804397));
#1913=CARTESIAN_POINT('Ctrl Pts',(-50.6265233173027,-73.1985915562199,-0.115238899035289));
#1914=CARTESIAN_POINT('Ctrl Pts',(-50.5005662271837,-73.2854302190629,0.143570451812746));
#1915=CARTESIAN_POINT('Ctrl Pts',(-51.5907211194987,-72.2131105069878,-0.182977429566949));
#1916=CARTESIAN_POINT('Ctrl Pts',(-51.4220464414507,-72.3406707936999,-0.191463613844967));
#1917=CARTESIAN_POINT('Ctrl Pts',(-51.0761235067467,-72.5984890056667,-0.0946888069454584));
#1918=CARTESIAN_POINT('Ctrl Pts',(-50.8150500575106,-72.7885455953715,0.209573912378884));
#1919=CARTESIAN_POINT('Ctrl Pts',(-50.7256549122668,-72.8533852012426,0.392486602986253));
#1920=CARTESIAN_POINT('Ctrl Pts',(-51.2859254221798,-71.7864786457745,-5.86346505782803E-15));
#1921=CARTESIAN_POINT('Ctrl Pts',(-51.1499914614057,-71.9013590266186,-0.00381116270656604));
#1922=CARTESIAN_POINT('Ctrl Pts',(-50.8724041294905,-72.1299952901155,0.0834912755053435));
#1923=CARTESIAN_POINT('Ctrl Pts',(-50.6633511940113,-72.295241944022,0.339834106207905));
#1924=CARTESIAN_POINT('Ctrl Pts',(-50.5918395470405,-72.3514060100166,0.492828147954438));
#1925=CARTESIAN_POINT('Ctrl Pts',(-51.1554792551191,-71.6038891554019,-7.49400541621981E-15));
#1926=CARTESIAN_POINT('Ctrl Pts',(-51.0215325496167,-71.7202613298303,-3.90934887848764E-15));
#1927=CARTESIAN_POINT('Ctrl Pts',(-50.7513111058502,-71.9490300720077,0.0932271796101371));
#1928=CARTESIAN_POINT('Ctrl Pts',(-50.5498733824172,-72.1121242071533,0.348553274608922));
#1929=CARTESIAN_POINT('Ctrl Pts',(-50.4808947080273,-72.1675252544202,0.500000000877452));
#1930=CARTESIAN_POINT('Ctrl Pts',(-50.4808947080273,-72.1675252544202,0.500000000877452));
#1931=CARTESIAN_POINT('Ctrl Pts',(-50.5498733824172,-72.1121242071533,0.348553274608922));
#1932=CARTESIAN_POINT('Ctrl Pts',(-50.7513111058502,-71.9490300720077,0.0932271796101371));
#1933=CARTESIAN_POINT('Ctrl Pts',(-51.0215325496167,-71.7202613298303,-3.90934887848764E-15));
#1934=CARTESIAN_POINT('Ctrl Pts',(-51.1554792551191,-71.6038891554019,-7.49400541621981E-15));
#1935=CARTESIAN_POINT('Ctrl Pts',(-51.7367915193818,-72.417569713986,-1.));
#1936=CARTESIAN_POINT('Ctrl Pts',(-51.4487578213934,-72.6233476687315,-0.999999999999997));
#1937=CARTESIAN_POINT('Ctrl Pts',(-50.8703111225321,-73.0308971212599,-0.813545640779769));
#1938=CARTESIAN_POINT('Ctrl Pts',(-50.4423648897643,-73.325297755372,-0.302893450782059));
#1939=CARTESIAN_POINT('Ctrl Pts',(-50.2960185110839,-73.4255440697085,1.75490604686912E-9));
#1940=CARTESIAN_POINT('Ctrl Pts',(-50.2960185119317,73.4255440691278,1.271552307891E-13));
#1941=CARTESIAN_POINT('Ctrl Pts',(-50.4423648955983,73.3252977513733,-0.30289346215025));
#1942=CARTESIAN_POINT('Ctrl Pts',(-50.870337665329,73.0308786139765,-0.813563451380438));
#1943=CARTESIAN_POINT('Ctrl Pts',(-51.4487578120823,72.6233476753836,-0.999999999999991));
#1944=CARTESIAN_POINT('Ctrl Pts',(-51.7367915193817,72.4175697139861,-1.00000000000001));
#1945=CARTESIAN_POINT('Ctrl Pts',(-50.5005662279136,73.2854302185595,0.143570450312401));
#1946=CARTESIAN_POINT('Ctrl Pts',(-50.6265233223239,73.1985915527561,-0.115238908747194));
#1947=CARTESIAN_POINT('Ctrl Pts',(-50.9950524165735,72.9433071268853,-0.550435968359754));
#1948=CARTESIAN_POINT('Ctrl Pts',(-51.4910616653004,72.592962521787,-0.704074904744559));
#1949=CARTESIAN_POINT('Ctrl Pts',(-51.7367915193817,72.4175697139861,-0.700800699658123));
#1950=CARTESIAN_POINT('Ctrl Pts',(-50.7256549127846,72.8533852008671,0.392486601926853));
#1951=CARTESIAN_POINT('Ctrl Pts',(-50.8150500610732,72.7885455927861,0.209573905521076));
#1952=CARTESIAN_POINT('Ctrl Pts',(-51.0761395307989,72.5984771827787,-0.0946990373359921));
#1953=CARTESIAN_POINT('Ctrl Pts',(-51.4220464359981,72.3406707978235,-0.191463614119296));
#1954=CARTESIAN_POINT('Ctrl Pts',(-51.5907211194987,72.2131105069879,-0.182977429566956));
#1955=CARTESIAN_POINT('Ctrl Pts',(-50.5918395474551,72.3514060096911,0.492828147067473));
#1956=CARTESIAN_POINT('Ctrl Pts',(-50.6633511968615,72.2952419417812,0.339834100468133));
#1957=CARTESIAN_POINT('Ctrl Pts',(-50.872416955999,72.1299849091156,0.0834825174576972));
#1958=CARTESIAN_POINT('Ctrl Pts',(-51.1499914570115,71.9013590303322,-0.00381116282977022));
#1959=CARTESIAN_POINT('Ctrl Pts',(-51.2859254221797,71.7864786457746,-1.40513598644386E-14));
#1960=CARTESIAN_POINT('Ctrl Pts',(-50.4808947084269,72.1675252540992,0.500000000000075));
#1961=CARTESIAN_POINT('Ctrl Pts',(-50.5498733851665,72.1121242049426,0.348553268924563));
#1962=CARTESIAN_POINT('Ctrl Pts',(-50.7513235467798,71.949019742203,0.0932182743097046));
#1963=CARTESIAN_POINT('Ctrl Pts',(-51.0215325452867,71.7202613335921,-7.39135090986225E-15));
#1964=CARTESIAN_POINT('Ctrl Pts',(-51.155479255119,71.6038891554019,-1.56819002228303E-14));
#1965=CARTESIAN_POINT('Ctrl Pts',(-51.155479255119,71.6038891554019,-1.56819002228303E-14));
#1966=CARTESIAN_POINT('Ctrl Pts',(-51.0215325452867,71.7202613335921,-7.39135090986225E-15));
#1967=CARTESIAN_POINT('Ctrl Pts',(-50.7513235467798,71.949019742203,0.0932182743097046));
#1968=CARTESIAN_POINT('Ctrl Pts',(-50.5498733851665,72.1121242049426,0.348553268924563));
#1969=CARTESIAN_POINT('Ctrl Pts',(-50.4808947084269,72.1675252540992,0.500000000000075));
#1970=CARTESIAN_POINT('Ctrl Pts',(-50.2960185119317,73.4255440691278,1.271552307891E-13));
#1971=CARTESIAN_POINT('Ctrl Pts',(-50.4423648955983,73.3252977513733,-0.30289346215025));
#1972=CARTESIAN_POINT('Ctrl Pts',(-50.870337665329,73.0308786139765,-0.813563451380438));
#1973=CARTESIAN_POINT('Ctrl Pts',(-51.4487578120823,72.6233476753836,-0.999999999999991));
#1974=CARTESIAN_POINT('Ctrl Pts',(-51.7367915193817,72.4175697139861,-1.00000000000001));
#1975=CARTESIAN_POINT('Origin',(-29.5518582573795,34.1853199598552,1.));
#1976=CARTESIAN_POINT('',(-50.356751953714,70.220452887976,0.));
#1977=CARTESIAN_POINT('',(-29.5518582573795,34.1853199598552,0.));
#1978=CARTESIAN_POINT('Origin',(-50.356751953714,70.220452887976,1.));
#1979=CARTESIAN_POINT('Origin',(-0.158287132768535,0.,0.));
#1980=CARTESIAN_POINT('',(-50.356751953714,-70.2204528879759,0.));
#1981=CARTESIAN_POINT('',(-29.1310021553146,-33.4563758084034,0.));
#1982=CARTESIAN_POINT('',(-35.6343200893786,-78.720452887976,0.));
#1983=CARTESIAN_POINT('',(-42.9955360215463,-74.4704528879759,0.));
#1984=CARTESIAN_POINT('',(-36.4330473907836,-80.1038891554019,0.));
#1985=CARTESIAN_POINT('',(-14.8294263930441,-42.6853199598552,0.));
#1986=CARTESIAN_POINT('',(87.5885266459027,-8.5,0.));
#1987=CARTESIAN_POINT('Origin',(0.,0.,0.));
#1988=CARTESIAN_POINT('',(85.9910720430925,-8.5,0.));
#1989=CARTESIAN_POINT('',(43.4208570967174,-8.5,0.));
#1990=CARTESIAN_POINT('',(85.9910720430925,8.5,0.));
#1991=CARTESIAN_POINT('',(85.9910720430925,0.,0.));
#1992=CARTESIAN_POINT('',(87.5885266459027,8.5,0.));
#1993=CARTESIAN_POINT('',(44.2625693008472,8.5,0.));
#1994=CARTESIAN_POINT('',(-36.4330473907836,80.1038891554019,0.));
#1995=CARTESIAN_POINT('Origin',(0.,0.,0.));
#1996=CARTESIAN_POINT('',(-35.6343200893785,78.720452887976,0.));
#1997=CARTESIAN_POINT('',(-14.4085702909792,41.9563758084034,0.));
#1998=CARTESIAN_POINT('',(-42.9955360215463,74.470452887976,0.));
#1999=CARTESIAN_POINT('',(-83.,-1.0164568432923E-14,0.));
#2000=CARTESIAN_POINT('Origin',(0.,0.,0.));
#2001=CARTESIAN_POINT('Origin',(-29.1310021553146,-33.4563758084034,1.));
#2002=CARTESIAN_POINT('Origin',(-50.356751953714,-70.2204528879759,1.));
#2003=CARTESIAN_POINT('Origin',(-43.3662807455861,-75.1126015866509,12.0588782052966));
#2004=CARTESIAN_POINT('',(-36.3820167411415,-78.0155014774785,11.8509666523455));
#2005=CARTESIAN_POINT('Ctrl Pts',(88.7480765181916,6.57386363636364,1.01726584142072));
#2006=CARTESIAN_POINT('Ctrl Pts',(88.7542252385677,6.57386363636364,0.662171351431996));
#2007=CARTESIAN_POINT('Ctrl Pts',(88.7500047345154,6.66843094228872,0.307364075592564));
#2008=CARTESIAN_POINT('Ctrl Pts',(88.7363957065249,6.84485770597379,1.3385993702375E-11));
#2009=CARTESIAN_POINT('Ctrl Pts',(88.7270198806776,6.85820200761342,1.01690123036709));
#2010=CARTESIAN_POINT('Ctrl Pts',(88.7323223918135,6.8576162217025,0.711981010821416));
#2011=CARTESIAN_POINT('Ctrl Pts',(88.7287859108267,6.93947935071007,0.406644117051143));
#2012=CARTESIAN_POINT('Ctrl Pts',(88.7173274105015,7.09205814958539,0.143570450323751));
#2013=CARTESIAN_POINT('Ctrl Pts',(88.4642761525784,7.33452493133679,1.01235163086556));
#2014=CARTESIAN_POINT('Ctrl Pts',(88.4691172950082,7.33306664556368,0.795330809923444));
#2015=CARTESIAN_POINT('Ctrl Pts',(88.4660354575968,7.39234524666011,0.578107253184417));
#2016=CARTESIAN_POINT('Ctrl Pts',(88.4557264398715,7.5030318700476,0.392496652591422));
#2017=CARTESIAN_POINT('Ctrl Pts',(87.9647634994909,7.5,1.00370220454458));
#2018=CARTESIAN_POINT('Ctrl Pts',(87.9704496119506,7.49934856848047,0.825223947004467));
#2019=CARTESIAN_POINT('Ctrl Pts',(87.9665943344444,7.54782728398157,0.646294470348739));
#2020=CARTESIAN_POINT('Ctrl Pts',(87.9540753776427,7.63811526743285,0.492828147074083));
#2021=CARTESIAN_POINT('Ctrl Pts',(87.7509576416563,7.5,1.));
#2022=CARTESIAN_POINT('Ctrl Pts',(87.757002001081,7.5,0.825466227445177));
#2023=CARTESIAN_POINT('Ctrl Pts',(87.7528136700826,7.54675237596296,0.651073317029113));
#2024=CARTESIAN_POINT('Ctrl Pts',(87.739357552519,7.63397459621176,0.500000000006578));
#2025=CARTESIAN_POINT('',(87.739357552519,7.63397459621176,0.500000000006579));
#2026=CARTESIAN_POINT('Origin',(87.739357552519,6.76794919242353,1.31585714546745E-11));
#2027=CARTESIAN_POINT('Ctrl Pts',(87.739357552519,7.63397459621176,0.500000000006578));
#2028=CARTESIAN_POINT('Ctrl Pts',(87.7528136700826,7.54675237596296,0.651073317029113));
#2029=CARTESIAN_POINT('Ctrl Pts',(87.757002001081,7.5,0.825466227445177));
#2030=CARTESIAN_POINT('Ctrl Pts',(87.7509576416563,7.5,1.));
#2031=CARTESIAN_POINT('Origin',(0.,0.,-1.));
#2032=CARTESIAN_POINT('',(88.5838508123334,8.59659090909091,-1.));
#2033=CARTESIAN_POINT('Origin',(87.5885266459027,8.5,-1.));
#2034=CARTESIAN_POINT('',(-36.8470592929516,81.0141606230769,-1.));
#2035=CARTESIAN_POINT('Origin',(0.,0.,-1.));
#2036=CARTESIAN_POINT('Origin',(-36.4330473907836,80.1038891554019,-1.));
#2037=CARTESIAN_POINT('Ctrl Pts',(-38.4403771955193,80.2704017746654,1.78486336821493E-9));
#2038=CARTESIAN_POINT('Ctrl Pts',(-38.599969299954,80.193975339054,0.307359323375845));
#2039=CARTESIAN_POINT('Ctrl Pts',(-38.6839796849177,80.1503455259672,0.662174153556734));
#2040=CARTESIAN_POINT('Ctrl Pts',(-38.6809053489902,80.145020619941,1.01726584142052));
#2041=CARTESIAN_POINT('Ctrl Pts',(-38.2167611833884,80.3774883677662,0.143570451840887));
#2042=CARTESIAN_POINT('Ctrl Pts',(-38.3546254167576,80.3111233473259,0.406640049622358));
#2043=CARTESIAN_POINT('Ctrl Pts',(-38.4272913135832,80.2732534050266,0.711983417010585));
#2044=CARTESIAN_POINT('Ctrl Pts',(-38.4241327774602,80.2689542225604,1.01690123036697));
#2045=CARTESIAN_POINT('Ctrl Pts',(-37.7300536726982,80.3564020259216,0.392488145764244));
#2046=CARTESIAN_POINT('Ctrl Pts',(-37.8310640466879,80.3099873034713,0.5780958755365));
#2047=CARTESIAN_POINT('Ctrl Pts',(-37.8839450269283,80.2830155480479,0.795332283760192));
#2048=CARTESIAN_POINT('Ctrl Pts',(-37.8802615722551,80.2795521659374,1.01235139214555));
#2049=CARTESIAN_POINT('Ctrl Pts',(-37.3622358306777,79.9895212769285,0.492828147959282));
#2050=CARTESIAN_POINT('Ctrl Pts',(-37.4466856900001,79.9552195504439,0.646292097581464));
#2051=CARTESIAN_POINT('Ctrl Pts',(-37.4905984069497,79.9343183942398,0.825225355413895));
#2052=CARTESIAN_POINT('Ctrl Pts',(-37.4871912213622,79.9297198284492,1.00370220454467));
#2053=CARTESIAN_POINT('Ctrl Pts',(-37.2584628445692,79.8014998501292,0.50000000087734));
#2054=CARTESIAN_POINT('Ctrl Pts',(-37.3407262892793,79.7695425740053,0.65107098125483));
#2055=CARTESIAN_POINT('Ctrl Pts',(-37.3833104483085,79.7497930515909,0.825467604727854));
#2056=CARTESIAN_POINT('Ctrl Pts',(-37.3802882924449,79.7445585240865,1.0000000000001));
#2057=CARTESIAN_POINT('',(-37.2584628445693,79.8014998501292,0.500000000877446));
#2058=CARTESIAN_POINT('Origin',(-38.008462845008,79.3684871479836,1.75498870644275E-9));
#2059=CARTESIAN_POINT('Ctrl Pts',(-37.3802882924449,79.7445585240865,1.0000000000001));
#2060=CARTESIAN_POINT('Ctrl Pts',(-37.3833104483085,79.7497930515909,0.825467604727854));
#2061=CARTESIAN_POINT('Ctrl Pts',(-37.3407262892793,79.7695425740053,0.65107098125483));
#2062=CARTESIAN_POINT('Ctrl Pts',(-37.2584628445692,79.8014998501292,0.50000000087734));
#2063=CARTESIAN_POINT('Ctrl Pts',(-36.847059292952,81.0141606230768,-1.00000000000006));
#2064=CARTESIAN_POINT('Ctrl Pts',(-37.1692850781654,80.8676051009043,-0.999999999999927));
#2065=CARTESIAN_POINT('Ctrl Pts',(-37.8114566699492,80.5704302684332,-0.813545758595661));
#2066=CARTESIAN_POINT('Ctrl Pts',(-38.2803881513921,80.3470182991555,-0.30289345066083));
#2067=CARTESIAN_POINT('Ctrl Pts',(-38.4403771955194,80.2704017746653,1.7547635566828E-9));
#2068=CARTESIAN_POINT('Ctrl Pts',(-36.8470592929518,81.0141606230768,-0.700800699658182));
#2069=CARTESIAN_POINT('Ctrl Pts',(-37.1218188381971,80.8890487349692,-0.70407490463736));
#2070=CARTESIAN_POINT('Ctrl Pts',(-37.6732561206789,80.6346526493221,-0.550421090830634));
#2071=CARTESIAN_POINT('Ctrl Pts',(-38.0785781503315,80.443151076153,-0.115238898931659));
#2072=CARTESIAN_POINT('Ctrl Pts',(-38.2167611833884,80.377488367771,0.143570451812643));
#2073=CARTESIAN_POINT('Ctrl Pts',(-36.743029110783,80.7854336079613,-0.182973125304508));
#2074=CARTESIAN_POINT('Ctrl Pts',(-36.9378368985354,80.7031371951857,-0.191459309579049));
#2075=CARTESIAN_POINT('Ctrl Pts',(-37.3340740670595,80.53246869919,-0.094685842566169));
#2076=CARTESIAN_POINT('Ctrl Pts',(-37.6292031762293,80.4014012276944,0.209575682738778));
#2077=CARTESIAN_POINT('Ctrl Pts',(-37.7300534946665,80.3564025638919,0.392488373272781));
#2078=CARTESIAN_POINT('Ctrl Pts',(-36.52595144438,80.3081535950891,-7.05667642979173E-14));
#2079=CARTESIAN_POINT('Ctrl Pts',(-36.693407752907,80.247871522268,-0.00381116270503838));
#2080=CARTESIAN_POINT('Ctrl Pts',(-37.0302062901315,80.1217919450552,0.0834911844123736));
#2081=CARTESIAN_POINT('Ctrl Pts',(-37.2778404992935,80.0233701468639,0.339834106269293));
#2082=CARTESIAN_POINT('Ctrl Pts',(-37.3622358306762,79.9895212769316,0.492828147954431));
#2083=CARTESIAN_POINT('Ctrl Pts',(-36.4330473907836,80.1038891554019,-6.78623823802127E-14));
#2084=CARTESIAN_POINT('Ctrl Pts',(-36.6008020028159,80.0460739929211,9.34266263217414E-16));
#2085=CARTESIAN_POINT('Ctrl Pts',(-36.9340323011737,79.9264397228687,0.0932271207020778));
#2086=CARTESIAN_POINT('Ctrl Pts',(-37.175994793078,79.8335366108239,0.348553274669694));
#2087=CARTESIAN_POINT('Ctrl Pts',(-37.2584628445693,79.8014998501292,0.500000000877447));
#2088=CARTESIAN_POINT('Ctrl Pts',(-37.2584628445693,79.8014998501292,0.500000000877447));
#2089=CARTESIAN_POINT('Ctrl Pts',(-37.175994793078,79.8335366108239,0.348553274669694));
#2090=CARTESIAN_POINT('Ctrl Pts',(-36.9340323011737,79.9264397228687,0.0932271207020778));
#2091=CARTESIAN_POINT('Ctrl Pts',(-36.6008020028159,80.0460739929211,9.34266263217414E-16));
#2092=CARTESIAN_POINT('Ctrl Pts',(-36.4330473907836,80.1038891554019,-6.78623823802127E-14));
#2093=CARTESIAN_POINT('Ctrl Pts',(-36.847059292952,81.0141606230768,-1.00000000000006));
#2094=CARTESIAN_POINT('Ctrl Pts',(-37.1692850781654,80.8676051009043,-0.999999999999927));
#2095=CARTESIAN_POINT('Ctrl Pts',(-37.8114566699492,80.5704302684332,-0.813545758595661));
#2096=CARTESIAN_POINT('Ctrl Pts',(-38.2803881513921,80.3470182991555,-0.30289345066083));
#2097=CARTESIAN_POINT('Ctrl Pts',(-38.4403771955194,80.2704017746653,1.7547635566828E-9));
#2098=CARTESIAN_POINT('Ctrl Pts',(88.7363957065249,6.84485770597379,1.31597857611077E-11));
#2099=CARTESIAN_POINT('Ctrl Pts',(88.7227530403919,7.02172055286885,-0.302893465585744));
#2100=CARTESIAN_POINT('Ctrl Pts',(88.6817650293351,7.53956508031599,-0.813563966480905));
#2101=CARTESIAN_POINT('Ctrl Pts',(88.618042901182,8.24425741671476,-1.));
#2102=CARTESIAN_POINT('Ctrl Pts',(88.5838508123334,8.59659090909091,-1.));
#2103=CARTESIAN_POINT('Ctrl Pts',(88.7173274105016,7.09205814958541,0.143570450323541));
#2104=CARTESIAN_POINT('Ctrl Pts',(88.7051014669513,7.24455952776682,-0.115238911682598));
#2105=CARTESIAN_POINT('Ctrl Pts',(88.6682834417325,7.69135681284802,-0.550436582723579));
#2106=CARTESIAN_POINT('Ctrl Pts',(88.6128805128197,8.29608620566778,-0.704074904781831));
#2107=CARTESIAN_POINT('Ctrl Pts',(88.5838508123334,8.59659090909091,-0.700800699658118));
#2108=CARTESIAN_POINT('Ctrl Pts',(88.4557253432249,7.50303063871819,0.392495990522111));
#2109=CARTESIAN_POINT('Ctrl Pts',(88.4442701694694,7.61286891340023,0.209583292034019));
#2110=CARTESIAN_POINT('Ctrl Pts',(88.410212508712,7.93400532037868,-0.0946832420941249));
#2111=CARTESIAN_POINT('Ctrl Pts',(88.3599007920854,8.36246496450179,-0.191440786869434));
#2112=CARTESIAN_POINT('Ctrl Pts',(88.3337676811605,8.57232167319472,-0.182954602220504));
#2113=CARTESIAN_POINT('Ctrl Pts',(87.9540753776427,7.63811526743289,0.492828147074056));
#2114=CARTESIAN_POINT('Ctrl Pts',(87.9411916926096,7.72812820746348,0.33983409873313));
#2115=CARTESIAN_POINT('Ctrl Pts',(87.9026078106901,7.99181267179766,0.083482113756167));
#2116=CARTESIAN_POINT('Ctrl Pts',(87.8433992157578,8.34651248796942,-0.00381116287314873));
#2117=CARTESIAN_POINT('Ctrl Pts',(87.8118768665597,8.52167494931454,-9.67836527759658E-15));
#2118=CARTESIAN_POINT('Ctrl Pts',(87.739357552519,7.63397459621178,0.500000000006588));
#2119=CARTESIAN_POINT('Ctrl Pts',(87.7258681747695,7.7214124081599,0.348553267207136));
#2120=CARTESIAN_POINT('Ctrl Pts',(87.6853407031628,7.97742543296522,0.0932180167595432));
#2121=CARTESIAN_POINT('Ctrl Pts',(87.6223345539777,8.32581265545443,-9.92106863247932E-15));
#2122=CARTESIAN_POINT('Ctrl Pts',(87.5885266459027,8.5,-9.71445146547012E-15));
#2123=CARTESIAN_POINT('Ctrl Pts',(87.5885266459027,8.5,-9.71445146547012E-15));
#2124=CARTESIAN_POINT('Ctrl Pts',(87.6223345539777,8.32581265545443,-9.92106863247932E-15));
#2125=CARTESIAN_POINT('Ctrl Pts',(87.6853407031628,7.97742543296522,0.0932180167595432));
#2126=CARTESIAN_POINT('Ctrl Pts',(87.7258681747695,7.7214124081599,0.348553267207136));
#2127=CARTESIAN_POINT('Ctrl Pts',(87.739357552519,7.63397459621178,0.500000000006588));
#2128=CARTESIAN_POINT('Ctrl Pts',(88.7363957065249,6.84485770597379,1.31597857611077E-11));
#2129=CARTESIAN_POINT('Ctrl Pts',(88.7227530403919,7.02172055286885,-0.302893465585744));
#2130=CARTESIAN_POINT('Ctrl Pts',(88.6817650293351,7.53956508031599,-0.813563966480905));
#2131=CARTESIAN_POINT('Ctrl Pts',(88.618042901182,8.24425741671476,-1.));
#2132=CARTESIAN_POINT('Ctrl Pts',(88.5838508123334,8.59659090909091,-1.));
#2133=CARTESIAN_POINT('Origin',(86.7325614911721,0.,12.0588782052966));
#2134=CARTESIAN_POINT('',(85.7544145390496,7.5,11.8509666523455));
#2135=CARTESIAN_POINT('Origin',(44.2625693008472,8.5,1.));
#2136=CARTESIAN_POINT('Origin',(85.9910720430925,8.5,1.));
#2137=CARTESIAN_POINT('Origin',(-14.4085702909792,41.9563758084034,1.));
#2138=CARTESIAN_POINT('Origin',(-35.6343200893785,78.720452887976,1.));
#2139=CARTESIAN_POINT('Origin',(0.,0.,-2.));
#2140=CARTESIAN_POINT('',(88.,-1.07768918324967E-14,-3.));
#2141=CARTESIAN_POINT('Origin',(0.,0.,-3.));
#2142=CARTESIAN_POINT('',(89.,-1.08993565124114E-14,-2.));
#2143=CARTESIAN_POINT('Origin',(88.,-1.07768918324967E-14,-2.));
#2144=CARTESIAN_POINT('',(-89.,1.08993565124114E-14,-2.));
#2145=CARTESIAN_POINT('Origin',(0.,0.,-2.));
#2146=CARTESIAN_POINT('Origin',(0.,0.,-2.));
#2147=CARTESIAN_POINT('Origin',(-0.158287132768535,0.,-3.));
#2148=CARTESIAN_POINT('',(-80.,9.79717439317883E-15,-3.));
#2149=CARTESIAN_POINT('Origin',(0.,0.,-3.));
#2150=CARTESIAN_POINT('Origin',(0.,0.,0.));
#2151=CARTESIAN_POINT('',(-89.,1.08993565124114E-14,0.));
#2152=CARTESIAN_POINT('',(88.5838508123334,-8.59659090909091,-1.));
#2153=CARTESIAN_POINT('Ctrl Pts',(88.5838508123334,-8.59659090909091,-1.));
#2154=CARTESIAN_POINT('Ctrl Pts',(88.618042899291,-8.24425743620087,-1.));
#2155=CARTESIAN_POINT('Ctrl Pts',(88.6817677862331,-7.53953283474783,-0.813546156897236));
#2156=CARTESIAN_POINT('Ctrl Pts',(88.722753041251,-7.02172054175759,-0.302893447262856));
#2157=CARTESIAN_POINT('Ctrl Pts',(88.7363957066037,-6.84485770495283,1.76165040888243E-9));
#2158=CARTESIAN_POINT('',(-36.8470592929516,-81.0141606230769,-1.));
#2159=CARTESIAN_POINT('Origin',(0.,0.,-1.));
#2160=CARTESIAN_POINT('Ctrl Pts',(-38.4403771945925,-80.2704017751092,-6.95971058561895E-14));
#2161=CARTESIAN_POINT('Ctrl Pts',(-38.2803881448849,-80.3470183022694,-0.30289346226974));
#2162=CARTESIAN_POINT('Ctrl Pts',(-37.8114273701868,-80.5704440018022,-0.813563569648231));
#2163=CARTESIAN_POINT('Ctrl Pts',(-37.1692850888379,-80.8676050960502,-0.999999999999911));
#2164=CARTESIAN_POINT('Ctrl Pts',(-36.847059292952,-81.0141606230767,-1.00000000000006));
#2165=CARTESIAN_POINT('Ctrl Pts',(-38.6809053489903,-80.1450206199409,1.01726584142049));
#2166=CARTESIAN_POINT('Ctrl Pts',(-38.6839796849235,-80.1503455259771,0.662174152894426));
#2167=CARTESIAN_POINT('Ctrl Pts',(-38.5999692995934,-80.1939753392393,0.307359321951129));
#2168=CARTESIAN_POINT('Ctrl Pts',(-38.4403771945924,-80.2704017751092,-2.93775420656672E-13));
#2169=CARTESIAN_POINT('Ctrl Pts',(-38.4241327774602,-80.2689542225604,1.01690123036694));
#2170=CARTESIAN_POINT('Ctrl Pts',(-38.4272913135892,-80.2732534050346,0.711983416441828));
#2171=CARTESIAN_POINT('Ctrl Pts',(-38.3546254164453,-80.3111233474868,0.406640048397764));
#2172=CARTESIAN_POINT('Ctrl Pts',(-38.2167611825873,-80.3774883681515,0.143570450312056));
#2173=CARTESIAN_POINT('Ctrl Pts',(-37.8802615722552,-80.2795521659374,1.01235139214553));
#2174=CARTESIAN_POINT('Ctrl Pts',(-37.8839450269352,-80.2830155480544,0.795332283355331));
#2175=CARTESIAN_POINT('Ctrl Pts',(-37.8310640464597,-80.3099873035862,0.578095874665165));
#2176=CARTESIAN_POINT('Ctrl Pts',(-37.7300536721117,-80.3564020261911,0.392488144686496));
#2177=CARTESIAN_POINT('Ctrl Pts',(-37.4871912213622,-79.9297198284492,1.00370220454466));
#2178=CARTESIAN_POINT('Ctrl Pts',(-37.4905984069561,-79.9343183942484,0.825225355080901));
#2179=CARTESIAN_POINT('Ctrl Pts',(-37.4466856898109,-79.9552195505323,0.646292096864296));
#2180=CARTESIAN_POINT('Ctrl Pts',(-37.362235830187,-79.9895212771279,0.49282814706732));
#2181=CARTESIAN_POINT('Ctrl Pts',(-37.3802882924449,-79.7445585240865,1.00000000000009));
#2182=CARTESIAN_POINT('Ctrl Pts',(-37.3833104483142,-79.7497930516006,0.825467604402216));
#2183=CARTESIAN_POINT('Ctrl Pts',(-37.3407262890961,-79.7695425740884,0.651070980554552));
#2184=CARTESIAN_POINT('Ctrl Pts',(-37.2584628440915,-79.8014998503148,0.499999999999928));
#2185=CARTESIAN_POINT('',(-37.2584628440915,-79.8014998503148,0.500000000000033));
#2186=CARTESIAN_POINT('Origin',(-38.0084628440916,-79.3684871484225,1.69395747429135E-13));
#2187=CARTESIAN_POINT('Ctrl Pts',(-37.2584628440915,-79.8014998503148,0.499999999999928));
#2188=CARTESIAN_POINT('Ctrl Pts',(-37.3407262890961,-79.7695425740884,0.651070980554552));
#2189=CARTESIAN_POINT('Ctrl Pts',(-37.3833104483142,-79.7497930516006,0.825467604402216));
#2190=CARTESIAN_POINT('Ctrl Pts',(-37.3802882924449,-79.7445585240865,1.00000000000009));
#2191=CARTESIAN_POINT('Origin',(0.,0.,-1.));
#2192=CARTESIAN_POINT('Origin',(-36.4330473907836,-80.1038891554019,-1.));
#2193=CARTESIAN_POINT('Origin',(87.5885266459027,-8.49999999999999,-1.));
#2194=CARTESIAN_POINT('Ctrl Pts',(88.7363957066037,-6.84485770495283,1.79207359889133E-9));
#2195=CARTESIAN_POINT('Ctrl Pts',(88.7500047345328,-6.66843094191594,0.307364076958572));
#2196=CARTESIAN_POINT('Ctrl Pts',(88.7542252385558,-6.57386363636364,0.66217135211696));
#2197=CARTESIAN_POINT('Ctrl Pts',(88.7480765181916,-6.57386363636364,1.01726584142072));
#2198=CARTESIAN_POINT('Ctrl Pts',(88.7173274105682,-7.09205814870209,0.143570451847045));
#2199=CARTESIAN_POINT('Ctrl Pts',(88.7287859108415,-6.939479350387,0.406644118225468));
#2200=CARTESIAN_POINT('Ctrl Pts',(88.7323223918033,-6.85761622170363,0.71198101140959));
#2201=CARTESIAN_POINT('Ctrl Pts',(88.7270198806776,-6.85820200761342,1.01690123036708));
#2202=CARTESIAN_POINT('Ctrl Pts',(88.455726439931,-7.50303186940717,0.392496653665258));
#2203=CARTESIAN_POINT('Ctrl Pts',(88.4660354576095,-7.39234524642528,0.578107254020238));
#2204=CARTESIAN_POINT('Ctrl Pts',(88.4691172949989,-7.33306664556649,0.79533081034205));
#2205=CARTESIAN_POINT('Ctrl Pts',(88.4642761525784,-7.33452493133679,1.01235163086556));
#2206=CARTESIAN_POINT('Ctrl Pts',(87.9540753777151,-7.63811526691009,0.492828147962828));
#2207=CARTESIAN_POINT('Ctrl Pts',(87.9665943344603,-7.54782728378997,0.646294471036568));
#2208=CARTESIAN_POINT('Ctrl Pts',(87.9704496119397,-7.49934856848172,0.825223947348724));
#2209=CARTESIAN_POINT('Ctrl Pts',(87.9647634994909,-7.5,1.00370220454458));
#2210=CARTESIAN_POINT('Ctrl Pts',(87.7393575525969,-7.63397459570702,0.500000000880827));
#2211=CARTESIAN_POINT('Ctrl Pts',(87.7528136700999,-7.54675237577867,0.651073317700531));
#2212=CARTESIAN_POINT('Ctrl Pts',(87.7570020010693,-7.5,0.825466227781824));
#2213=CARTESIAN_POINT('Ctrl Pts',(87.7509576416563,-7.5,1.));
#2214=CARTESIAN_POINT('',(87.7393575525969,-7.63397459570702,0.500000000880826));
#2215=CARTESIAN_POINT('Origin',(87.7393575525969,-6.76794919141403,1.7616524385089E-9));
#2216=CARTESIAN_POINT('Ctrl Pts',(87.7509576416563,-7.5,1.));
#2217=CARTESIAN_POINT('Ctrl Pts',(87.7570020010693,-7.5,0.825466227781824));
#2218=CARTESIAN_POINT('Ctrl Pts',(87.7528136700999,-7.54675237577867,0.651073317700531));
#2219=CARTESIAN_POINT('Ctrl Pts',(87.7393575525969,-7.63397459570702,0.500000000880827));
#2220=CARTESIAN_POINT('Ctrl Pts',(88.5838508123334,-8.59659090909091,-1.));
#2221=CARTESIAN_POINT('Ctrl Pts',(88.618042899291,-8.24425743620087,-1.));
#2222=CARTESIAN_POINT('Ctrl Pts',(88.6817677862331,-7.53953283474783,-0.813546156897236));
#2223=CARTESIAN_POINT('Ctrl Pts',(88.722753041251,-7.02172054175759,-0.302893447262856));
#2224=CARTESIAN_POINT('Ctrl Pts',(88.7363957066037,-6.84485770495283,1.76165040888243E-9));
#2225=CARTESIAN_POINT('Ctrl Pts',(88.5838508123334,-8.59659090909091,-0.700800699658118));
#2226=CARTESIAN_POINT('Ctrl Pts',(88.6128805112142,-8.2960862222875,-0.704074904600748));
#2227=CARTESIAN_POINT('Ctrl Pts',(88.6682858566083,-7.6913290936161,-0.550421566961048));
#2228=CARTESIAN_POINT('Ctrl Pts',(88.705101467721,-7.24455951818611,-0.11523889602826));
#2229=CARTESIAN_POINT('Ctrl Pts',(88.7173274105724,-7.09205814870468,0.143570451818512));
#2230=CARTESIAN_POINT('Ctrl Pts',(88.3337676811605,-8.57232167319473,-0.182954602220504));
#2231=CARTESIAN_POINT('Ctrl Pts',(88.3599007906401,-8.3624649761082,-0.191440786400098));
#2232=CARTESIAN_POINT('Ctrl Pts',(88.410214736027,-7.93398552860746,-0.0946730124730336));
#2233=CARTESIAN_POINT('Ctrl Pts',(88.4442701701901,-7.61286890650113,0.209583303091504));
#2234=CARTESIAN_POINT('Ctrl Pts',(88.455725343291,-7.50303063808424,0.392495991577702));
#2235=CARTESIAN_POINT('Ctrl Pts',(87.8118768665597,-8.52167494931454,-9.48177789728692E-15));
#2236=CARTESIAN_POINT('Ctrl Pts',(87.8433992140145,-8.34651249765706,-0.00381116266236894));
#2237=CARTESIAN_POINT('Ctrl Pts',(87.9026103881385,-7.99179637074777,0.0834908713270178));
#2238=CARTESIAN_POINT('Ctrl Pts',(87.9411916934208,-7.72812820180877,0.339834107985573));
#2239=CARTESIAN_POINT('Ctrl Pts',(87.9540753777171,-7.63811526691296,0.492828147957847));
#2240=CARTESIAN_POINT('Ctrl Pts',(87.5885266459027,-8.5,-9.43689570931383E-15));
#2241=CARTESIAN_POINT('Ctrl Pts',(87.6223345521079,-8.32581266508814,-9.58378132425895E-15));
#2242=CARTESIAN_POINT('Ctrl Pts',(87.6853434290844,-7.977409491336,0.0932269215513695));
#2243=CARTESIAN_POINT('Ctrl Pts',(87.725868175619,-7.72141240266665,0.348553276368626));
#2244=CARTESIAN_POINT('Ctrl Pts',(87.7393575525969,-7.63397459570702,0.500000000880825));
#2245=CARTESIAN_POINT('Ctrl Pts',(87.7393575525969,-7.63397459570702,0.500000000880825));
#2246=CARTESIAN_POINT('Ctrl Pts',(87.725868175619,-7.72141240266665,0.348553276368626));
#2247=CARTESIAN_POINT('Ctrl Pts',(87.6853434290844,-7.977409491336,0.0932269215513695));
#2248=CARTESIAN_POINT('Ctrl Pts',(87.6223345521079,-8.32581266508814,-9.58378132425895E-15));
#2249=CARTESIAN_POINT('Ctrl Pts',(87.5885266459027,-8.5,-9.43689570931383E-15));
#2250=CARTESIAN_POINT('Ctrl Pts',(-38.4403771945925,-80.2704017751092,-6.95971058561895E-14));
#2251=CARTESIAN_POINT('Ctrl Pts',(-38.2803881448849,-80.3470183022694,-0.30289346226974));
#2252=CARTESIAN_POINT('Ctrl Pts',(-37.8114273701868,-80.5704440018022,-0.813563569648231));
#2253=CARTESIAN_POINT('Ctrl Pts',(-37.1692850888379,-80.8676050960502,-0.999999999999911));
#2254=CARTESIAN_POINT('Ctrl Pts',(-36.847059292952,-81.0141606230767,-1.00000000000006));
#2255=CARTESIAN_POINT('Ctrl Pts',(-38.2167611825874,-80.3774883681514,0.143570450312245));
#2256=CARTESIAN_POINT('Ctrl Pts',(-38.0785781447114,-80.4431510788218,-0.11523890884912));
#2257=CARTESIAN_POINT('Ctrl Pts',(-37.6732309110884,-80.6346644159698,-0.55043610780235));
#2258=CARTESIAN_POINT('Ctrl Pts',(-37.1218188472975,-80.8890487308253,-0.704074904745787));
#2259=CARTESIAN_POINT('Ctrl Pts',(-36.8470592929519,-81.0141606230768,-0.700800699658173));
#2260=CARTESIAN_POINT('Ctrl Pts',(-37.7300534940824,-80.3564025641527,0.39248837221338));
#2261=CARTESIAN_POINT('Ctrl Pts',(-37.6292031721289,-80.4014012295228,0.209575675736));
#2262=CARTESIAN_POINT('Ctrl Pts',(-37.3340558157447,-80.5324766651356,-0.0946960732217122));
#2263=CARTESIAN_POINT('Ctrl Pts',(-36.9378369049878,-80.70313719246,-0.191459309859985));
#2264=CARTESIAN_POINT('Ctrl Pts',(-36.7430291107831,-80.7854336079614,-0.18297312530438));
#2265=CARTESIAN_POINT('Ctrl Pts',(-37.3622358301871,-79.9895212771279,0.492828147067418));
#2266=CARTESIAN_POINT('Ctrl Pts',(-37.277840495861,-80.0233701482387,0.339834100408373));
#2267=CARTESIAN_POINT('Ctrl Pts',(-37.0301908863824,-80.1217978627377,0.0834824261140176));
#2268=CARTESIAN_POINT('Ctrl Pts',(-36.6934077584535,-80.2478715202713,-0.00381116283125133));
#2269=CARTESIAN_POINT('Ctrl Pts',(-36.5259514443801,-80.3081535950891,-5.98838505406611E-14));
#2270=CARTESIAN_POINT('Ctrl Pts',(-37.2584628440916,-79.8014998503148,0.500000000000023));
#2271=CARTESIAN_POINT('Ctrl Pts',(-37.1759947897235,-79.8335366121249,0.348553268865423));
#2272=CARTESIAN_POINT('Ctrl Pts',(-36.9340171345322,-79.926445332239,0.0932182151758671));
#2273=CARTESIAN_POINT('Ctrl Pts',(-36.6008020083723,-80.0460739910061,1.40523857832706E-14));
#2274=CARTESIAN_POINT('Ctrl Pts',(-36.4330473907837,-80.1038891554019,-6.03683769639929E-14));
#2275=CARTESIAN_POINT('Ctrl Pts',(-36.4330473907837,-80.1038891554019,-6.03683769639929E-14));
#2276=CARTESIAN_POINT('Ctrl Pts',(-36.6008020083723,-80.0460739910061,1.40523857832706E-14));
#2277=CARTESIAN_POINT('Ctrl Pts',(-36.9340171345322,-79.926445332239,0.0932182151758671));
#2278=CARTESIAN_POINT('Ctrl Pts',(-37.1759947897235,-79.8335366121249,0.348553268865423));
#2279=CARTESIAN_POINT('Ctrl Pts',(-37.2584628440916,-79.8014998503148,0.500000000000023));
#2280=CARTESIAN_POINT('Origin',(-14.8294263930441,-42.6853199598552,1.));
#2281=CARTESIAN_POINT('Origin',(-35.6343200893786,-78.720452887976,1.));
#2282=CARTESIAN_POINT('Origin',(43.4208570967174,-8.5,1.));
#2283=CARTESIAN_POINT('Origin',(85.9910720430925,-8.5,1.));
#2284=CARTESIAN_POINT('Origin',(0.,0.,-2.));
#2285=CARTESIAN_POINT('',(-80.,-9.79717439317883E-15,-1.));
#2286=CARTESIAN_POINT('Origin',(-80.,-9.79717439317883E-15,-2.));
#2287=CARTESIAN_POINT('Origin',(0.,0.,-1.));
#2288=CARTESIAN_POINT('Origin',(0.,0.,-1.));
#2289=CARTESIAN_POINT('',(-83.,-1.0164568432923E-14,-1.));
#2290=CARTESIAN_POINT('Origin',(0.,0.,-1.));
#2291=CARTESIAN_POINT('Origin',(85.9910720430925,0.,1.));
#2292=CARTESIAN_POINT('',(86.9909125916122,0.,1.01785714243425));
#2293=CARTESIAN_POINT('Origin',(-42.9955360215463,74.470452887976,1.));
#2294=CARTESIAN_POINT('',(-43.4954562958061,75.3363402027277,1.01785714243425));
#2295=CARTESIAN_POINT('Origin',(-42.9955360215463,-74.4704528879759,1.));
#2296=CARTESIAN_POINT('',(-43.4954562958061,-75.3363402027277,1.01785714243425));
#2297=CARTESIAN_POINT('Origin',(0.,0.,0.));
#2298=CARTESIAN_POINT('',(-83.,1.0164568432923E-14,0.));
#2299=CARTESIAN_POINT('Origin',(-15.,-25.9807621135332,0.));
#2300=CARTESIAN_POINT('Origin',(30.,0.,0.));
#2301=CARTESIAN_POINT('Origin',(-15.,25.9807621135332,0.));
#2302=CARTESIAN_POINT('',(-49.3723977979081,70.5155014774785,11.8509666523455));
#2303=CARTESIAN_POINT('Origin',(-43.366280745586,75.1126015866509,12.0588782052966));
#2304=UNCERTAINTY_MEASURE_WITH_UNIT(LENGTH_MEASURE(0.01),#2308,
'DISTANCE_ACCURACY_VALUE',
'Maximum model space distance between geometric entities at asserted c
onnectivities');
#2305=UNCERTAINTY_MEASURE_WITH_UNIT(LENGTH_MEASURE(0.01),#2308,
'DISTANCE_ACCURACY_VALUE',
'Maximum model space distance between geometric entities at asserted c
onnectivities');
#2306=(
GEOMETRIC_REPRESENTATION_CONTEXT(3)
GLOBAL_UNCERTAINTY_ASSIGNED_CONTEXT((#2304))
GLOBAL_UNIT_ASSIGNED_CONTEXT((#2308,#2310,#2311))
REPRESENTATION_CONTEXT('','3D')
);
#2307=(
GEOMETRIC_REPRESENTATION_CONTEXT(3)
GLOBAL_UNCERTAINTY_ASSIGNED_CONTEXT((#2305))
GLOBAL_UNIT_ASSIGNED_CONTEXT((#2308,#2310,#2311))
REPRESENTATION_CONTEXT('','3D')
);
#2308=(
LENGTH_UNIT()
NAMED_UNIT(*)
SI_UNIT(.MILLI.,.METRE.)
);
#2309=(
LENGTH_UNIT()
NAMED_UNIT(*)
SI_UNIT($,.METRE.)
);
#2310=(
NAMED_UNIT(*)
PLANE_ANGLE_UNIT()
SI_UNIT($,.RADIAN.)
);
#2311=(
NAMED_UNIT(*)
SI_UNIT($,.STERADIAN.)
SOLID_ANGLE_UNIT()
);
#2312=SHAPE_DEFINITION_REPRESENTATION(#2313,#2314);
#2313=PRODUCT_DEFINITION_SHAPE('',$,#2316);
#2314=SHAPE_REPRESENTATION('',(#1053),#2306);
#2315=PRODUCT_DEFINITION_CONTEXT('part definition',#2320,'design');
#2316=PRODUCT_DEFINITION('ikea-tertial-filter-mount',
'ikea-tertial-filter-mount v0',#2317,#2315);
#2317=PRODUCT_DEFINITION_FORMATION('',$,#2322);
#2318=PRODUCT_RELATED_PRODUCT_CATEGORY('ikea-tertial-filter-mount v0',
'ikea-tertial-filter-mount v0',(#2322));
#2319=APPLICATION_PROTOCOL_DEFINITION('international standard',
'automotive_design',2009,#2320);
#2320=APPLICATION_CONTEXT(
'Core Data for Automotive Mechanical Design Process');
#2321=PRODUCT_CONTEXT('part definition',#2320,'mechanical');
#2322=PRODUCT('ikea-tertial-filter-mount',
'ikea-tertial-filter-mount v0',$,(#2321));
#2323=PRESENTATION_STYLE_ASSIGNMENT((#2324));
#2324=SURFACE_STYLE_USAGE(.BOTH.,#2325);
#2325=SURFACE_SIDE_STYLE('',(#2326));
#2326=SURFACE_STYLE_FILL_AREA(#2327);
#2327=FILL_AREA_STYLE('Steel - Satin',(#2328));
#2328=FILL_AREA_STYLE_COLOUR('Steel - Satin',#2329);
#2329=COLOUR_RGB('Steel - Satin',0.627450980392157,0.627450980392157,0.627450980392157);
ENDSEC;
END-ISO-10303-21;
