mtllib /Users/shreshthmohan/Projects/personal/3d/lampy-pattern/cooling-tower.mtl
o Lofted.001
v 41.97927474975586 1.3192518949508667 0
v 41.96352767944336 1.3187569379806519 8.287424087524414
v 49.88261795043945 3.138348340988159 8.287424087524414
v 41.56804275512695 1.3063284158706665 12.395295143127441
v 49.412498474121094 3.1087710857391357 12.395295143127441
v 40.884891510009766 1.2848596572875977 16.475318908691406
v 48.600433349609375 3.0576798915863037 16.475318908691406
v 38.825679779052734 1.2201460599899292 24.561986923217773
v 46.15261459350586 2.9036762714385986 24.561986923217773
v 36.12604904174805 1.1353068351745605 32.56775665283203
v 42.94352340698242 2.701777458190918 32.56775665283203
v 30.166189193725586 0.9480106234550476 48.41793441772461
v 35.85895919799805 2.256054401397705 48.41793441772461
v 27.586294174194336 0.8669341802597046 56.30299758911133
v 32.79220199584961 2.0631103515625 56.30299758911133
v 25.726640701293945 0.8084922432899475 64.18848419189453
v 30.581605911254883 1.9240316152572632 64.18848419189453
v 25.17320442199707 0.7910997867584229 68.13774871826172
v 29.923730850219727 1.8826415538787842 68.13774871826172
v 24.9157772064209 0.7830098867416382 72.09416961669922
v 29.61772346496582 1.863389253616333 72.09416961669922
v 24.943418502807617 0.78387850522995 76.05770874023438
v 29.65058135986328 1.865456461906433 76.05770874023438
v 25.235767364501953 0.7930659055709839 80.02786254882812
v 29.99810028076172 1.8873205184936523 80.02786254882812
v 26.53313636779785 0.8338373899459839 87.98594665527344
v 31.540300369262695 1.9843473434448242 87.98594665527344
v 28.64498519897461 0.9002049565315247 95.96435546875
v 34.05068588256836 2.142287492752075 95.96435546875
v 31.408422470092773 0.987049400806427 103.95903778076172
v 37.33561706542969 2.3489577770233154 103.95903778076172
v 34.660545349121094 1.0892515182495117 111.9659194946289
v 41.20146179199219 2.5921761989593506 111.9659194946289
v 41.97927474975586 1.3192518949508667 128
v 49.901336669921875 3.139525890350342 128
v 49.901336669921875 3.139525890350342 0
v 41.813602447509766 3.9525492191314697 0
v 41.797916412353516 3.951066732406616 8.287424087524414
v 41.403995513916016 3.9138295650482178 12.395295143127441
v 40.723541259765625 3.849508047103882 16.475318908691406
v 38.67245101928711 3.655622959136963 24.561986923217773
v 35.98347473144531 3.401439666748047 32.56775665283203
v 30.047138214111328 2.8402907848358154 48.41793441772461
v 27.4774227142334 2.597381114959717 56.30299758911133
v 25.62510871887207 2.422286033630371 64.18848419189453
v 25.0738582611084 2.3701772689819336 68.13774871826172
v 24.84497833251953 2.3485419750213623 76.05770874023438
v 24.817445755004883 2.3459393978118896 72.09416961669922
v 25.136173248291016 2.376067876815796 80.02786254882812
v 26.428421020507812 2.4982213973999023 87.98594665527344
v 28.531936645507812 2.6970620155334473 95.96435546875
v 31.284465789794922 2.9572527408599854 103.95903778076172
v 34.52375411987305 3.263455867767334 111.9659194946289
v 41.813602447509766 3.9525492191314697 128
v 49.587127685546875 6.264310836791992 8.287424087524414
v 49.11979293823242 6.205272674560547 12.395295143127441
v 48.31253433227539 6.103292465209961 16.475318908691406
v 45.87921905517578 5.79589319229126 24.561986923217773
v 42.68913650512695 5.392892360687256 32.56775665283203
v 35.646541595458984 4.503205299377441 48.41793441772461
v 32.59794998168945 4.118078708648682 56.30299758911133
v 30.400449752807617 3.8404700756073 64.18848419189453
v 29.746471405029297 3.7578532695770264 68.13774871826172
v 29.442276000976562 3.7194244861602783 72.09416961669922
v 29.474939346313477 3.723550796508789 76.05770874023438
v 29.82040023803711 3.7671926021575928 80.02786254882812
v 31.35346221923828 3.9608635902404785 87.98594665527344
v 33.84897994995117 4.276120185852051 95.96435546875
v 37.11445236206055 4.688645839691162 103.95903778076172
v 40.957393646240234 5.174122333526611 111.9659194946289
v 49.605735778808594 6.266661643981934 128
v 49.605735778808594 6.266661643981934 0
v 41.48291015625 6.570247650146484 0
v 41.467350006103516 6.567782878875732 8.287424087524414
v 41.076541900634766 6.505885124206543 12.395295143127441
v 40.40147018432617 6.3989644050598145 16.475318908691406
v 38.366600036621094 6.076672554016113 24.561986923217773
v 35.698890686035156 5.654148578643799 32.56775665283203
v 29.80950355529785 4.72136116027832 48.41793441772461
v 27.26011085510254 4.317577362060547 56.30299758911133
v 25.422447204589844 4.026520252227783 64.18848419189453
v 24.87555503845215 3.939901113510132 68.13774871826172
v 24.648487091064453 3.9039368629455566 76.05770874023438
v 24.621171951293945 3.8996105194091797 72.09416961669922
v 24.9373779296875 3.949692487716675 80.02786254882812
v 26.219406127929688 4.152745723724365 87.98594665527344
v 28.306285858154297 4.483274936676025 95.96435546875
v 31.037046432495117 4.91578483581543 103.95903778076172
v 34.25071716308594 5.42478084564209 111.9659194946289
v 41.48291015625 6.570247650146484 128
v 49.09593963623047 9.365550994873047 8.287424087524414
v 48.633235931396484 9.2772855758667 12.395295143127441
v 47.8339729309082 9.124817848205566 16.475318908691406
v 45.42475891113281 8.66523551940918 24.561986923217773
v 42.26628112792969 8.062724113464355 32.56775665283203
v 35.29344177246094 6.732583999633789 48.41793441772461
v 32.27505111694336 6.156795024871826 56.30299758911133
v 30.09931755065918 5.741751670837402 64.18848419189453
v 29.451814651489258 5.618234157562256 68.13774871826172
v 29.150634765625 5.560781002044678 72.09416961669922
v 29.182973861694336 5.566949844360352 76.05770874023438
v 29.52501106262207 5.632197380065918 80.02786254882812
v 31.042890548706055 5.921748161315918 87.98594665527344
v 33.5136833190918 6.393077373504639 95.96435546875
v 36.74681091308594 7.009829521179199 103.95903778076172
v 40.55168914794922 7.7356486320495605 111.9659194946289
v 49.11436080932617 9.36906623840332 128
v 49.11436080932617 9.36906623840332 0
v 40.98850631713867 9.162015914916992 0
v 40.97312545776367 9.158578872680664 8.287424087524414
v 40.586978912353516 9.072264671325684 12.395295143127441
v 39.91994857788086 8.923166275024414 16.475318908691406
v 37.90933609008789 8.473740577697754 24.561986923217773
v 35.27341842651367 7.884543418884277 32.56775665283203
v 29.4542236328125 6.583799362182617 48.41793441772461
v 26.935218811035156 6.020734786987305 56.30299758911133
v 25.11945343017578 5.614863395690918 64.18848419189453
v 24.57908058166504 5.494075298309326 68.13774871826172
v 24.354719161987305 5.443924427032471 76.05770874023438
v 24.327728271484375 5.437891960144043 72.09416961669922
v 24.640167236328125 5.507730007171631 80.02786254882812
v 25.90691566467285 5.790881633758545 87.98594665527344
v 27.968923568725586 6.251794815063477 95.96435546875
v 30.66713523864746 6.854917049407959 103.95903778076172
v 33.842506408691406 7.564696311950684 111.9659194946289
v 40.98850631713867 9.162015914916992 128
v 48.410987854003906 12.429829597473145 8.287424087524414
v 47.954742431640625 12.312685012817383 12.395295143127441
v 47.166629791259766 12.110332489013672 16.475318908691406
v 44.7910270690918 11.500381469726562 24.561986923217773
v 41.67660903930664 10.700735092163086 32.56775665283203
v 34.801055908203125 8.935392379760742 48.41793441772461
v 31.82477569580078 8.171213150024414 56.30299758911133
v 29.67939567565918 7.620373249053955 64.18848419189453
v 29.04092788696289 7.456442832946777 68.13774871826172
v 28.743947982788086 7.380191802978516 72.09416961669922
v 28.775836944580078 7.388379096984863 76.05770874023438
v 29.113101959228516 7.474974155426025 80.02786254882812
v 30.609804153442383 7.859261512756348 87.98594665527344
v 33.04612731933594 8.484803199768066 95.96435546875
v 36.23414993286133 9.303348541259766 103.95903778076172
v 39.98594284057617 10.266645431518555 111.9659194946289
v 48.42915725708008 12.434494972229004 128
v 48.42915725708008 12.434494972229004 0
v 40.33233642578125 11.717626571655273 0
v 40.317203521728516 11.713231086730957 8.287424087524414
v 39.93723678588867 11.602839469909668 12.395295143127441
v 39.280887603759766 11.412153244018555 16.475318908691406
v 37.302459716796875 10.837367057800293 24.561986923217773
v 34.708740234375 10.083821296691895 32.56775665283203
v 28.982702255249023 8.420252799987793 48.41793441772461
v 26.50402069091797 7.700129985809326 56.30299758911133
v 24.71732521057129 7.181046962738037 64.18848419189453
v 24.185604095458984 7.026566982269287 68.13774871826172
v 23.964834213256836 6.962427616119385 76.05770874023438
v 23.938276290893555 6.9547119140625 72.09416961669922
v 24.245710372924805 7.04403018951416 80.02786254882812
v 25.4921817779541 7.406163215637207 87.98594665527344
v 27.521177291870117 7.995641708374023 95.96435546875
v 30.176198959350586 8.766995429992676 103.95903778076172
v 33.30073547363281 9.674757957458496 111.9659194946289
v 40.33233642578125 11.717626571655273 128
v 47.53498840332031 15.445053100585938 8.287424087524414
v 47.08699417114258 15.299492835998535 12.395295143127441
v 46.31314468383789 15.048052787780762 16.475318908691406
v 43.980525970458984 14.290140151977539 24.561986923217773
v 40.92246627807617 13.296515464782715 32.56775665283203
v 34.171329498291016 11.102936744689941 48.41793441772461
v 31.2489013671875 10.153383255004883 56.30299758911133
v 29.14234161376953 9.468921661376953 64.18848419189453
v 28.51542854309082 9.26522445678711 68.13774871826172
v 28.22382164001465 9.170475006103516 72.09416961669922
v 28.25513458251953 9.180648803710938 76.05770874023438
v 28.58629608154297 9.288251876831055 80.02786254882812
v 30.05591583251953 9.765759468078613 87.98594665527344
v 32.44815444946289 10.543045043945312 95.96435546875
v 35.5784912109375 11.560151100158691 103.95903778076172
v 39.262393951416016 12.757124900817871 111.9659194946289
v 47.552825927734375 15.450850486755371 128
v 47.552825927734375 15.450850486755371 0
v 39.51699447631836 14.2269926071167 0
v 39.50217056274414 14.221654891967773 8.287424087524414
v 39.1298828125 14.087623596191406 12.395295143127441
v 38.48680114746094 13.856101036071777 16.475318908691406
v 36.548370361328125 13.158222198486328 24.561986923217773
v 34.007083892822266 12.243303298950195 32.56775665283203
v 28.396799087524414 10.223477363586426 48.41793441772461
v 25.96822738647461 9.349136352539062 56.30299758911133
v 24.217649459838867 8.718891143798828 64.18848419189453
v 23.69667625427246 8.531328201293945 68.13774871826172
v 23.480369567871094 8.453453063964844 76.05770874023438
v 23.454349517822266 8.444086074829102 72.09416961669922
v 23.755571365356445 8.552531242370605 80.02786254882812
v 24.976842880249023 8.992216110229492 87.98594665527344
v 26.964820861816406 9.70793342590332 95.96435546875
v 29.56616973876953 10.644474983215332 103.95903778076172
v 32.627540588378906 11.746637344360352 111.9659194946289
v 39.51699447631836 14.2269926071167 128
v 46.47138214111328 18.399322509765625 8.287424087524414
v 46.033416748046875 18.225919723510742 12.395295143127441
v 45.276878356933594 17.9263858795166 16.475318908691406
v 42.9964599609375 17.023502349853516 24.561986923217773
v 40.0068244934082 15.839820861816406 32.56775665283203
v 33.40673828125 13.226662635803223 48.41793441772461
v 30.549701690673828 12.09548282623291 56.30299758911133
v 28.490278244018555 11.280098915100098 64.18848419189453
v 27.877389907836914 11.037440299987793 68.13774871826172
v 27.592309951782227 10.924568176269531 72.09416961669922
v 27.622920989990234 10.936688423156738 76.05770874023438
v 27.946674346923828 11.064870834350586 80.02786254882812
v 29.38340950012207 11.63371467590332 87.98594665527344
v 31.72212028503418 12.559676170349121 95.96435546875
v 34.782413482666016 13.771331787109375 103.95903778076172
v 38.38389205932617 15.197257041931152 111.9659194946289
v 46.488826751708984 18.406227111816406 128
v 46.488826751708984 18.406227111816406 0
v 38.545692443847656 16.68021011352539 0
v 38.53123474121094 16.673954010009766 8.287424087524414
v 38.16809844970703 16.516809463500977 12.395295143127441
v 37.54082489013672 16.245365142822266 16.475318908691406
v 35.6500358581543 15.427148818969727 24.561986923217773
v 33.17121505737305 14.354466438293457 32.56775665283203
v 27.698827743530273 11.986352920532227 48.41793441772461
v 25.32994842529297 10.961246490478516 56.30299758911133
v 23.622398376464844 10.222325325012207 64.18848419189453
v 23.11423110961914 10.002420425415039 68.13774871826172
v 22.903240203857422 9.911117553710938 76.05770874023438
v 22.877859115600586 9.90013313293457 72.09416961669922
v 23.171676635742188 10.027278900146484 80.02786254882812
v 24.36292839050293 10.542780876159668 87.98594665527344
v 26.302045822143555 11.381912231445312 95.96435546875
v 28.839454650878906 12.47994613647461 103.95903778076172
v 31.825580596923828 13.772157669067383 111.9659194946289
v 38.545692443847656 16.68021011352539 128
v 45.22438049316406 21.280977249145508 8.287424087524414
v 44.79816436767578 21.080415725708008 12.395295143127441
v 44.061927795410156 20.733970642089844 16.475318908691406
v 41.84269714355469 19.689678192138672 24.561986923217773
v 38.93328857421875 18.320613861083984 32.56775665283203
v 32.51030731201172 15.298189163208008 48.41793441772461
v 29.729938507080078 13.989846229553223 56.30299758911133
v 27.72577476501465 13.046760559082031 64.18848419189453
v 27.129335403442383 12.766096115112305 68.13774871826172
v 26.851903915405273 12.635546684265137 72.09416961669922
v 26.88169288635254 12.649564743041992 76.05770874023438
v 27.196760177612305 12.797822952270508 80.02786254882812
v 28.594940185546875 13.455758094787598 87.98594665527344
v 30.870895385742188 14.526741981506348 95.96435546875
v 33.84906768798828 15.928162574768066 103.95903778076172
v 37.35390853881836 17.57741355895996 111.9659194946289
v 45.24135208129883 21.288965225219727 128
v 45.24135208129883 21.288965225219727 0
v 37.422271728515625 19.06760025024414 0
v 37.40823745727539 19.060447692871094 8.287424087524414
v 37.05568313598633 18.880813598632812 12.395295143127441
v 36.44668960571289 18.57051658630371 16.475318908691406
v 34.61101150512695 17.635190963745117 24.561986923217773
v 32.20443344116211 16.408977508544922 32.56775665283203
v 26.89154052734375 13.701924324035645 48.41793441772461
v 24.59170150756836 12.530097961425781 56.30299758911133
v 22.93391990661621 11.685416221618652 64.18848419189453
v 22.440561294555664 11.434037208557129 68.13774871826172
v 22.235721588134766 11.329666137695312 76.05770874023438
v 22.21108055114746 11.317111015319824 72.09416961669922
v 22.496334075927734 11.462454795837402 80.02786254882812
v 23.652868270874023 12.051737785339355 87.98594665527344
v 25.53546714782715 13.010971069335938 95.96435546875
v 27.99892234802246 14.26616382598877 103.95903778076172
v 30.89801788330078 15.743326187133789 111.9659194946289
v 37.422271728515625 19.06760025024414 128
v 43.79889678955078 24.07864761352539 8.287424087524414
v 43.38611602783203 23.85171890258789 12.395295143127441
v 42.67308807373047 23.459728240966797 16.475318908691406
v 40.523807525634766 22.278152465820312 24.561986923217773
v 37.70610046386719 20.72910499572754 32.56775665283203
v 31.485576629638672 17.309341430664062 48.41793441772461
v 28.792842864990234 15.828998565673828 56.30299758911133
v 26.851852416992188 14.761930465698242 64.18848419189453
v 26.274211883544922 14.44437026977539 68.13774871826172
v 26.005525588989258 14.296658515930176 72.09416961669922
v 26.03437614440918 14.312519073486328 76.05770874023438
v 26.339509963989258 14.480268478393555 80.02786254882812
v 27.693622589111328 15.22469711303711 87.98594665527344
v 29.897838592529297 16.43647575378418 95.96435546875
v 32.78213882446289 18.022132873535156 103.95903778076172
v 36.1765022277832 19.888200759887695 111.9659194946289
v 43.81533432006836 24.087684631347656 128
v 43.81533432006836 24.087684631347656 0
v 36.15116500854492 21.37973976135254 0
v 36.137603759765625 21.371719360351562 8.287424087524414
v 35.797027587890625 21.17030143737793 12.395295143127441
v 35.20872116088867 20.82238006591797 16.475318908691406
v 33.435394287109375 19.773635864257812 24.561986923217773
v 31.110557556152344 18.398731231689453 32.56775665283203
v 25.978126525878906 15.363420486450195 48.41793441772461
v 23.756404876708984 14.049498558044434 56.30299758911133
v 22.154932022094727 13.10239028930664 64.18848419189453
v 21.67833137512207 12.82052993774414 68.13774871826172
v 21.48044776916504 12.70350170135498 76.05770874023438
v 21.45664405822754 12.689423561096191 72.09416961669922
v 21.732210159301758 12.852392196655273 80.02786254882812
v 22.849458694458008 13.51313304901123 87.98594665527344
v 24.668113708496094 14.588682174682617 95.96435546875
v 27.047895431518555 15.996079444885254 103.95903778076172
v 29.8485164642334 17.652362823486328 111.9659194946289
v 36.15116500854492 21.37973976135254 128
v 42.200557708740234 26.781288146972656 8.287424087524414
v 41.80284118652344 26.528888702392578 12.395295143127441
v 41.1158332824707 26.0929012298584 16.475318908691406
v 39.044986724853516 24.778701782226562 24.561986923217773
v 36.33010482788086 23.0557861328125 32.56775665283203
v 30.33658218383789 19.252182006835938 48.41793441772461
v 27.742115020751953 17.605680465698242 56.30299758911133
v 25.87195587158203 16.418842315673828 64.18848419189453
v 25.315397262573242 16.065637588500977 68.13774871826172
v 25.056514739990234 15.901347160339355 72.09416961669922
v 25.084312438964844 15.918989181518555 76.05770874023438
v 25.378311157226562 16.105566024780273 80.02786254882812
v 26.683008193969727 16.933551788330078 87.98594665527344
v 28.806787490844727 18.281341552734375 95.96435546875
v 31.585830688476562 20.044979095458984 103.95903778076172
v 34.856327056884766 22.12049674987793 111.9659194946289
v 42.21639633178711 26.791339874267578 128
v 42.21639633178711 26.791339874267578 0
v 34.73738479614258 23.607501983642578 0
v 34.7243537902832 23.59864616394043 8.287424087524414
v 34.3970947265625 23.37624168395996 12.395295143127441
v 33.83179473876953 22.9920654296875 16.475318908691406
v 32.12781524658203 21.834041595458984 24.561986923217773
v 29.893901824951172 20.315874099731445 32.56775665283203
v 24.962186813354492 16.964284896850586 48.41793441772461
v 22.827350616455078 15.51345157623291 56.30299758911133
v 21.288509368896484 14.467656135559082 64.18848419189453
v 20.830547332763672 14.156425476074219 68.13774871826172
v 20.640403747558594 14.027202606201172 76.05770874023438
v 20.617528915405273 14.01165771484375 72.09416961669922
v 20.8823184967041 14.191607475280762 80.02786254882812
v 21.955873489379883 14.921196937561035 87.98594665527344
v 23.703407287597656 16.10881805419922 95.96435546875
v 25.99011993408203 17.662866592407227 103.95903778076172
v 28.681215286254883 19.49173355102539 111.9659194946289
v 34.73738479614258 23.607501983642578 128
v 40.43567657470703 29.378236770629883 8.287424087524414
v 40.054588317871094 29.101364135742188 12.395295143127441
v 39.39631271362305 28.623096466064453 16.475318908691406
v 37.41207504272461 27.181461334228516 24.561986923217773
v 34.81072998046875 25.29147720336914 32.56775665283203
v 29.067867279052734 21.119041442871094 48.41793441772461
v 26.58190155029297 19.312883377075195 56.30299758911133
v 24.78995704650879 18.010957717895508 64.18848419189453
v 24.256671905517578 17.623502731323242 68.13774871826172
v 24.008617401123047 17.443283081054688 72.09416961669922
v 24.035253524780273 17.46263313293457 76.05770874023438
v 24.316957473754883 17.66730308532715 80.02786254882812
v 25.567089080810547 18.575576782226562 87.98594665527344
v 27.602048873901367 20.054061889648438 95.96435546875
v 30.264869689941406 21.98871421813965 103.95903778076172
v 33.39858627319336 24.265493392944336 111.9659194946289
v 40.45084762573242 29.389263153076172 128
v 40.45084762573242 29.389263153076172 0
v 33.1865119934082 25.742095947265625 0
v 33.1740608215332 25.732439041137695 8.287424087524414
v 32.861412048339844 25.489925384521484 12.395295143127441
v 32.321353912353516 25.07101058959961 16.475318908691406
v 30.693449020385742 23.80828094482422 24.561986923217773
v 28.559268951416016 22.15283966064453 32.56775665283203
v 23.847732543945312 18.498197555541992 48.41793441772461
v 21.808208465576172 16.916181564331055 56.30299758911133
v 20.338069915771484 15.775823593139648 64.18848419189453
v 19.90055274963379 15.43645191192627 68.13774871826172
v 19.71889877319336 15.295544624328613 76.05770874023438
v 19.697046279907227 15.278594970703125 72.09416961669922
v 19.95001220703125 15.47481632232666 80.02786254882812
v 20.97563934326172 16.270374298095703 87.98594665527344
v 22.645153045654297 17.565380096435547 95.96435546875
v 24.82977294921875 19.259946823120117 103.95903778076172
v 27.400724411010742 21.254180908203125 111.9659194946289
v 33.1865119934082 25.742095947265625 128
v 38.511207580566406 31.85924530029297 8.287424087524414
v 38.14826202392578 31.55898666381836 12.395295143127441
v 37.52131271362305 31.04033088684082 16.475318908691406
v 35.63151168823242 29.476947784423828 24.561986923217773
v 33.15397262573242 27.427352905273438 32.56775665283203
v 27.684431076049805 22.90255355834961 48.41793441772461
v 25.316783905029297 20.943864822387695 56.30299758911133
v 23.610122680664062 19.531991958618164 64.18848419189453
v 23.102218627929688 19.11181640625 68.13774871826172
v 22.865970611572266 18.91637420654297 72.09416961669922
v 22.89133644104004 18.937360763549805 76.05770874023438
v 23.15963363647461 19.15931510925293 80.02786254882812
v 24.350269317626953 20.1442928314209 87.98594665527344
v 26.28837776184082 21.747636795043945 95.96435546875
v 28.824464797973633 23.845672607421875 103.95903778076172
v 31.809040069580078 26.314725875854492 111.9659194946289
v 38.52566146850586 31.871200561523438 128
v 38.52566146850586 31.871200561523438 0
v 31.50466537475586 27.775096893310547 0
v 31.492847442626953 27.764678955078125 8.287424087524414
v 31.196043014526367 27.50301170349121 12.395295143127441
v 30.683351516723633 27.05101203918457 16.475318908691406
v 29.137948989868164 25.688556671142578 24.561986923217773
v 27.11192512512207 23.902376174926758 32.56775665283203
v 22.639162063598633 19.9591064453125 48.41793441772461
v 20.702999114990234 18.25214958190918 56.30299758911133
v 19.307363510131836 17.021730422973633 64.18848419189453
v 18.89202117919922 16.65555763244629 68.13774871826172
v 18.719572067260742 16.503522872924805 76.05770874023438
v 18.69882583618164 16.485233306884766 72.09416961669922
v 18.938974380493164 16.696950912475586 80.02786254882812
v 19.91262435913086 17.555339813232422 87.98594665527344
v 21.497528076171875 18.952621459960938 95.96435546875
v 23.571435928344727 20.781015396118164 103.95903778076172
v 26.012094497680664 22.9327449798584 111.9659194946289
v 31.50466537475586 27.775096893310547 128
v 36.434757232666016 34.214515686035156 8.287424087524414
v 36.09138107299805 33.89206314086914 12.395295143127441
v 35.498233795166016 33.33506393432617 16.475318908691406
v 33.7103271484375 31.656105041503906 24.561986923217773
v 31.366374969482422 29.454986572265625 32.56775665283203
v 26.191740036010742 24.59568214416504 48.41793441772461
v 23.951749801635742 22.492191314697266 56.30299758911133
v 22.337108612060547 20.975942611694336 64.18848419189453
v 21.85658836364746 20.524703979492188 68.13774871826172
v 21.633079528808594 20.3148136138916 72.09416961669922
v 21.657079696655273 20.337350845336914 76.05770874023438
v 21.91090965270996 20.575714111328125 80.02786254882812
v 23.0373477935791 21.633508682250977 87.98594665527344
v 24.87095832824707 23.355382919311523 95.96435546875
v 27.270305633544922 25.6085205078125 103.95903778076172
v 30.093955993652344 28.260107040405273 111.9659194946289
v 36.448429107666016 34.22735595703125 128
v 36.448429107666016 34.22735595703125 0
v 29.698486328125 29.698486328125 0
v 29.68734359741211 29.68734359741211 8.287424087524414
v 29.407556533813477 29.407556533813477 12.395295143127441
v 28.924259185791016 28.924259185791016 16.475318908691406
v 27.467453002929688 27.467453002929688 24.561986923217773
v 25.55758285522461 25.55758285522461 32.56775665283203
v 21.34124755859375 21.34124755859375 48.41793441772461
v 19.516084671020508 19.516084671020508 56.30299758911133
v 18.200462341308594 18.200462341308594 64.18848419189453
v 17.808931350708008 17.808931350708008 68.13774871826172
v 17.6463680267334 17.6463680267334 76.05770874023438
v 17.626811981201172 17.626811981201172 72.09416961669922
v 17.853191375732422 17.853191375732422 80.02786254882812
v 18.77102279663086 18.77102279663086 87.98594665527344
v 20.26506233215332 20.26506233215332 95.96435546875
v 22.22007179260254 22.22007179260254 103.95903778076172
v 24.52080535888672 24.52080535888672 111.9659194946289
v 29.698486328125 29.698486328125 128
v 34.214515686035156 36.434757232666016 8.287424087524414
v 33.89206314086914 36.09138107299805 12.395295143127441
v 33.33506393432617 35.498233795166016 16.475318908691406
v 31.656105041503906 33.7103271484375 24.561986923217773
v 29.454986572265625 31.366374969482422 32.56775665283203
v 24.59568214416504 26.191740036010742 48.41793441772461
v 22.492191314697266 23.951749801635742 56.30299758911133
v 20.975942611694336 22.337108612060547 64.18848419189453
v 20.524703979492188 21.85658836364746 68.13774871826172
v 20.3148136138916 21.633079528808594 72.09416961669922
v 20.337350845336914 21.657079696655273 76.05770874023438
v 20.575714111328125 21.91090965270996 80.02786254882812
v 21.633508682250977 23.0373477935791 87.98594665527344
v 23.355382919311523 24.87095832824707 95.96435546875
v 25.6085205078125 27.270305633544922 103.95903778076172
v 28.260107040405273 30.093955993652344 111.9659194946289
v 34.22735595703125 36.448429107666016 128
v 34.22735595703125 36.448429107666016 0
v 27.775096893310547 31.50466537475586 0
v 27.764678955078125 31.492847442626953 8.287424087524414
v 27.50301170349121 31.196043014526367 12.395295143127441
v 27.05101203918457 30.683351516723633 16.475318908691406
v 25.688556671142578 29.137948989868164 24.561986923217773
v 23.902376174926758 27.11192512512207 32.56775665283203
v 19.9591064453125 22.639162063598633 48.41793441772461
v 18.25214958190918 20.702999114990234 56.30299758911133
v 17.021730422973633 19.307363510131836 64.18848419189453
v 16.65555763244629 18.89202117919922 68.13774871826172
v 16.503522872924805 18.719572067260742 76.05770874023438
v 16.485233306884766 18.69882583618164 72.09416961669922
v 16.696950912475586 18.938974380493164 80.02786254882812
v 17.555339813232422 19.91262435913086 87.98594665527344
v 18.952621459960938 21.497528076171875 95.96435546875
v 20.781015396118164 23.571435928344727 103.95903778076172
v 22.9327449798584 26.012094497680664 111.9659194946289
v 27.775096893310547 31.50466537475586 128
v 31.85924530029297 38.511207580566406 8.287424087524414
v 31.55898666381836 38.14826202392578 12.395295143127441
v 31.04033088684082 37.52131271362305 16.475318908691406
v 29.476947784423828 35.63151168823242 24.561986923217773
v 27.427352905273438 33.15397262573242 32.56775665283203
v 22.90255355834961 27.684431076049805 48.41793441772461
v 20.943864822387695 25.316783905029297 56.30299758911133
v 19.531991958618164 23.610122680664062 64.18848419189453
v 19.11181640625 23.102218627929688 68.13774871826172
v 18.91637420654297 22.865970611572266 72.09416961669922
v 18.937360763549805 22.89133644104004 76.05770874023438
v 19.15931510925293 23.15963363647461 80.02786254882812
v 20.1442928314209 24.350269317626953 87.98594665527344
v 21.747636795043945 26.28837776184082 95.96435546875
v 23.845672607421875 28.824464797973633 103.95903778076172
v 26.314725875854492 31.809040069580078 111.9659194946289
v 31.871200561523438 38.52566146850586 128
v 31.871200561523438 38.52566146850586 0
v 25.742095947265625 33.1865119934082 0
v 25.732439041137695 33.1740608215332 8.287424087524414
v 25.489925384521484 32.861412048339844 12.395295143127441
v 25.07101058959961 32.321353912353516 16.475318908691406
v 23.80828094482422 30.693449020385742 24.561986923217773
v 22.15283966064453 28.559268951416016 32.56775665283203
v 18.498197555541992 23.847732543945312 48.41793441772461
v 16.916181564331055 21.808208465576172 56.30299758911133
v 15.775823593139648 20.338069915771484 64.18848419189453
v 15.43645191192627 19.90055274963379 68.13774871826172
v 15.295544624328613 19.71889877319336 76.05770874023438
v 15.278594970703125 19.697046279907227 72.09416961669922
v 15.47481632232666 19.95001220703125 80.02786254882812
v 16.270374298095703 20.97563934326172 87.98594665527344
v 17.565380096435547 22.645153045654297 95.96435546875
v 19.259946823120117 24.82977294921875 103.95903778076172
v 21.254180908203125 27.400724411010742 111.9659194946289
v 25.742095947265625 33.1865119934082 128
v 29.378236770629883 40.43567657470703 8.287424087524414
v 29.101364135742188 40.054588317871094 12.395295143127441
v 28.623096466064453 39.39631271362305 16.475318908691406
v 27.181461334228516 37.41207504272461 24.561986923217773
v 25.29147720336914 34.81072998046875 32.56775665283203
v 21.119041442871094 29.067867279052734 48.41793441772461
v 19.312883377075195 26.58190155029297 56.30299758911133
v 18.010957717895508 24.78995704650879 64.18848419189453
v 17.623502731323242 24.256671905517578 68.13774871826172
v 17.443283081054688 24.008617401123047 72.09416961669922
v 17.46263313293457 24.035253524780273 76.05770874023438
v 17.66730308532715 24.316957473754883 80.02786254882812
v 18.575576782226562 25.567089080810547 87.98594665527344
v 20.054061889648438 27.602048873901367 95.96435546875
v 21.98871421813965 30.264869689941406 103.95903778076172
v 24.265493392944336 33.39858627319336 111.9659194946289
v 29.389263153076172 40.45084762573242 128
v 29.389263153076172 40.45084762573242 0
v 23.607501983642578 34.73738479614258 0
v 23.59864616394043 34.7243537902832 8.287424087524414
v 23.37624168395996 34.3970947265625 12.395295143127441
v 22.9920654296875 33.83179473876953 16.475318908691406
v 21.834041595458984 32.12781524658203 24.561986923217773
v 20.315874099731445 29.893901824951172 32.56775665283203
v 16.964284896850586 24.962186813354492 48.41793441772461
v 15.51345157623291 22.827350616455078 56.30299758911133
v 14.467656135559082 21.288509368896484 64.18848419189453
v 14.156425476074219 20.830547332763672 68.13774871826172
v 14.027202606201172 20.640403747558594 76.05770874023438
v 14.01165771484375 20.617528915405273 72.09416961669922
v 14.191607475280762 20.8823184967041 80.02786254882812
v 14.921196937561035 21.955873489379883 87.98594665527344
v 16.10881805419922 23.703407287597656 95.96435546875
v 17.662866592407227 25.99011993408203 103.95903778076172
v 19.49173355102539 28.681215286254883 111.9659194946289
v 23.607501983642578 34.73738479614258 128
v 26.781288146972656 42.200557708740234 8.287424087524414
v 26.528888702392578 41.80284118652344 12.395295143127441
v 26.0929012298584 41.1158332824707 16.475318908691406
v 24.778701782226562 39.044986724853516 24.561986923217773
v 23.0557861328125 36.33010482788086 32.56775665283203
v 19.252182006835938 30.33658218383789 48.41793441772461
v 17.605680465698242 27.742115020751953 56.30299758911133
v 16.418842315673828 25.87195587158203 64.18848419189453
v 16.065637588500977 25.315397262573242 68.13774871826172
v 15.901347160339355 25.056514739990234 72.09416961669922
v 15.918989181518555 25.084312438964844 76.05770874023438
v 16.105566024780273 25.378311157226562 80.02786254882812
v 16.933551788330078 26.683008193969727 87.98594665527344
v 18.281341552734375 28.806787490844727 95.96435546875
v 20.044979095458984 31.585830688476562 103.95903778076172
v 22.12049674987793 34.856327056884766 111.9659194946289
v 26.791339874267578 42.21639633178711 128
v 26.791339874267578 42.21639633178711 0
v 21.37973976135254 36.15116500854492 0
v 21.371719360351562 36.137603759765625 8.287424087524414
v 21.17030143737793 35.797027587890625 12.395295143127441
v 20.82238006591797 35.20872116088867 16.475318908691406
v 19.773635864257812 33.435394287109375 24.561986923217773
v 18.398731231689453 31.110557556152344 32.56775665283203
v 15.363420486450195 25.978126525878906 48.41793441772461
v 14.049498558044434 23.756404876708984 56.30299758911133
v 13.10239028930664 22.154932022094727 64.18848419189453
v 12.82052993774414 21.67833137512207 68.13774871826172
v 12.70350170135498 21.48044776916504 76.05770874023438
v 12.689423561096191 21.45664405822754 72.09416961669922
v 12.852392196655273 21.732210159301758 80.02786254882812
v 13.51313304901123 22.849458694458008 87.98594665527344
v 14.588682174682617 24.668113708496094 95.96435546875
v 15.996079444885254 27.047895431518555 103.95903778076172
v 17.652362823486328 29.8485164642334 111.9659194946289
v 21.37973976135254 36.15116500854492 128
v 24.07864761352539 43.79889678955078 8.287424087524414
v 23.85171890258789 43.38611602783203 12.395295143127441
v 23.459728240966797 42.67308807373047 16.475318908691406
v 22.278152465820312 40.523807525634766 24.561986923217773
v 20.72910499572754 37.70610046386719 32.56775665283203
v 17.309341430664062 31.485576629638672 48.41793441772461
v 15.828998565673828 28.792842864990234 56.30299758911133
v 14.761930465698242 26.851852416992188 64.18848419189453
v 14.44437026977539 26.274211883544922 68.13774871826172
v 14.296658515930176 26.005525588989258 72.09416961669922
v 14.312519073486328 26.03437614440918 76.05770874023438
v 14.480268478393555 26.339509963989258 80.02786254882812
v 15.22469711303711 27.693622589111328 87.98594665527344
v 16.43647575378418 29.897838592529297 95.96435546875
v 18.022132873535156 32.78213882446289 103.95903778076172
v 19.888200759887695 36.1765022277832 111.9659194946289
v 24.087684631347656 43.81533432006836 128
v 24.087684631347656 43.81533432006836 0
v 19.06760025024414 37.422271728515625 0
v 19.060447692871094 37.40823745727539 8.287424087524414
v 18.880813598632812 37.05568313598633 12.395295143127441
v 18.57051658630371 36.44668960571289 16.475318908691406
v 17.635190963745117 34.61101150512695 24.561986923217773
v 16.408977508544922 32.20443344116211 32.56775665283203
v 13.701924324035645 26.89154052734375 48.41793441772461
v 12.530097961425781 24.59170150756836 56.30299758911133
v 11.685416221618652 22.93391990661621 64.18848419189453
v 11.434037208557129 22.440561294555664 68.13774871826172
v 11.329666137695312 22.235721588134766 76.05770874023438
v 11.317111015319824 22.21108055114746 72.09416961669922
v 11.462454795837402 22.496334075927734 80.02786254882812
v 12.051737785339355 23.652868270874023 87.98594665527344
v 13.010971069335938 25.53546714782715 95.96435546875
v 14.26616382598877 27.99892234802246 103.95903778076172
v 15.743326187133789 30.89801788330078 111.9659194946289
v 19.06760025024414 37.422271728515625 128
v 21.280977249145508 45.22438049316406 8.287424087524414
v 21.080415725708008 44.79816436767578 12.395295143127441
v 20.733970642089844 44.061927795410156 16.475318908691406
v 19.689678192138672 41.84269714355469 24.561986923217773
v 18.320613861083984 38.93328857421875 32.56775665283203
v 15.298189163208008 32.51030731201172 48.41793441772461
v 13.989846229553223 29.729938507080078 56.30299758911133
v 13.046760559082031 27.72577476501465 64.18848419189453
v 12.766096115112305 27.129335403442383 68.13774871826172
v 12.635546684265137 26.851903915405273 72.09416961669922
v 12.649564743041992 26.88169288635254 76.05770874023438
v 12.797822952270508 27.196760177612305 80.02786254882812
v 13.455758094787598 28.594940185546875 87.98594665527344
v 14.526741981506348 30.870895385742188 95.96435546875
v 15.928162574768066 33.84906768798828 103.95903778076172
v 17.57741355895996 37.35390853881836 111.9659194946289
v 21.288965225219727 45.24135208129883 128
v 21.288965225219727 45.24135208129883 0
v 16.68021011352539 38.545692443847656 0
v 16.673954010009766 38.53123474121094 8.287424087524414
v 16.516809463500977 38.16809844970703 12.395295143127441
v 16.245365142822266 37.54082489013672 16.475318908691406
v 15.427148818969727 35.6500358581543 24.561986923217773
v 14.354466438293457 33.17121505737305 32.56775665283203
v 11.986352920532227 27.698827743530273 48.41793441772461
v 10.961246490478516 25.32994842529297 56.30299758911133
v 10.222325325012207 23.622398376464844 64.18848419189453
v 10.002420425415039 23.11423110961914 68.13774871826172
v 9.911117553710938 22.903240203857422 76.05770874023438
v 9.90013313293457 22.877859115600586 72.09416961669922
v 10.027278900146484 23.171676635742188 80.02786254882812
v 10.542780876159668 24.36292839050293 87.98594665527344
v 11.381912231445312 26.302045822143555 95.96435546875
v 12.47994613647461 28.839454650878906 103.95903778076172
v 13.772157669067383 31.825580596923828 111.9659194946289
v 16.68021011352539 38.545692443847656 128
v 18.399322509765625 46.47138214111328 8.287424087524414
v 18.225919723510742 46.033416748046875 12.395295143127441
v 17.9263858795166 45.276878356933594 16.475318908691406
v 17.023502349853516 42.9964599609375 24.561986923217773
v 15.839820861816406 40.0068244934082 32.56775665283203
v 13.226662635803223 33.40673828125 48.41793441772461
v 12.09548282623291 30.549701690673828 56.30299758911133
v 11.280098915100098 28.490278244018555 64.18848419189453
v 11.037440299987793 27.877389907836914 68.13774871826172
v 10.924568176269531 27.592309951782227 72.09416961669922
v 10.936688423156738 27.622920989990234 76.05770874023438
v 11.064870834350586 27.946674346923828 80.02786254882812
v 11.63371467590332 29.38340950012207 87.98594665527344
v 12.559676170349121 31.72212028503418 95.96435546875
v 13.771331787109375 34.782413482666016 103.95903778076172
v 15.197257041931152 38.38389205932617 111.9659194946289
v 18.406227111816406 46.488826751708984 128
v 18.406227111816406 46.488826751708984 0
v 14.2269926071167 39.51699447631836 0
v 14.221654891967773 39.50217056274414 8.287424087524414
v 14.087623596191406 39.1298828125 12.395295143127441
v 13.856101036071777 38.48680114746094 16.475318908691406
v 13.158222198486328 36.548370361328125 24.561986923217773
v 12.243303298950195 34.007083892822266 32.56775665283203
v 10.223477363586426 28.396799087524414 48.41793441772461
v 9.349136352539062 25.96822738647461 56.30299758911133
v 8.718891143798828 24.217649459838867 64.18848419189453
v 8.531328201293945 23.69667625427246 68.13774871826172
v 8.453453063964844 23.480369567871094 76.05770874023438
v 8.444086074829102 23.454349517822266 72.09416961669922
v 8.552531242370605 23.755571365356445 80.02786254882812
v 8.992216110229492 24.976842880249023 87.98594665527344
v 9.70793342590332 26.964820861816406 95.96435546875
v 10.644474983215332 29.56616973876953 103.95903778076172
v 11.746637344360352 32.627540588378906 111.9659194946289
v 14.2269926071167 39.51699447631836 128
v 15.445053100585938 47.53498840332031 8.287424087524414
v 15.299492835998535 47.08699417114258 12.395295143127441
v 15.048052787780762 46.31314468383789 16.475318908691406
v 14.290140151977539 43.980525970458984 24.561986923217773
v 13.296515464782715 40.92246627807617 32.56775665283203
v 11.102936744689941 34.171329498291016 48.41793441772461
v 10.153383255004883 31.2489013671875 56.30299758911133
v 9.468921661376953 29.14234161376953 64.18848419189453
v 9.26522445678711 28.51542854309082 68.13774871826172
v 9.170475006103516 28.22382164001465 72.09416961669922
v 9.180648803710938 28.25513458251953 76.05770874023438
v 9.288251876831055 28.58629608154297 80.02786254882812
v 9.765759468078613 30.05591583251953 87.98594665527344
v 10.543045043945312 32.44815444946289 95.96435546875
v 11.560151100158691 35.5784912109375 103.95903778076172
v 12.757124900817871 39.262393951416016 111.9659194946289
v 15.450850486755371 47.552825927734375 128
v 15.450850486755371 47.552825927734375 0
v 11.717626571655273 40.33233642578125 0
v 11.713231086730957 40.317203521728516 8.287424087524414
v 11.602839469909668 39.93723678588867 12.395295143127441
v 11.412153244018555 39.280887603759766 16.475318908691406
v 10.837367057800293 37.302459716796875 24.561986923217773
v 10.083821296691895 34.708740234375 32.56775665283203
v 8.420252799987793 28.982702255249023 48.41793441772461
v 7.700129985809326 26.50402069091797 56.30299758911133
v 7.181046962738037 24.71732521057129 64.18848419189453
v 7.026566982269287 24.185604095458984 68.13774871826172
v 6.962427616119385 23.964834213256836 76.05770874023438
v 6.9547119140625 23.938276290893555 72.09416961669922
v 7.04403018951416 24.245710372924805 80.02786254882812
v 7.406163215637207 25.4921817779541 87.98594665527344
v 7.995641708374023 27.521177291870117 95.96435546875
v 8.766995429992676 30.176198959350586 103.95903778076172
v 9.674757957458496 33.30073547363281 111.9659194946289
v 11.717626571655273 40.33233642578125 128
v 12.429829597473145 48.410987854003906 8.287424087524414
v 12.312685012817383 47.954742431640625 12.395295143127441
v 12.110332489013672 47.166629791259766 16.475318908691406
v 11.500381469726562 44.7910270690918 24.561986923217773
v 10.700735092163086 41.67660903930664 32.56775665283203
v 8.935392379760742 34.801055908203125 48.41793441772461
v 8.171213150024414 31.82477569580078 56.30299758911133
v 7.620373249053955 29.67939567565918 64.18848419189453
v 7.456442832946777 29.04092788696289 68.13774871826172
v 7.380191802978516 28.743947982788086 72.09416961669922
v 7.388379096984863 28.775836944580078 76.05770874023438
v 7.474974155426025 29.113101959228516 80.02786254882812
v 7.859261512756348 30.609804153442383 87.98594665527344
v 8.484803199768066 33.04612731933594 95.96435546875
v 9.303348541259766 36.23414993286133 103.95903778076172
v 10.266645431518555 39.98594284057617 111.9659194946289
v 12.434494972229004 48.42915725708008 128
v 12.434494972229004 48.42915725708008 0
v 9.162015914916992 40.98850631713867 0
v 9.158578872680664 40.97312545776367 8.287424087524414
v 9.072264671325684 40.586978912353516 12.395295143127441
v 8.923166275024414 39.91994857788086 16.475318908691406
v 8.473740577697754 37.90933609008789 24.561986923217773
v 7.884543418884277 35.27341842651367 32.56775665283203
v 6.583799362182617 29.4542236328125 48.41793441772461
v 6.020734786987305 26.935218811035156 56.30299758911133
v 5.614863395690918 25.11945343017578 64.18848419189453
v 5.494075298309326 24.57908058166504 68.13774871826172
v 5.443924427032471 24.354719161987305 76.05770874023438
v 5.437891960144043 24.327728271484375 72.09416961669922
v 5.507730007171631 24.640167236328125 80.02786254882812
v 5.790881633758545 25.90691566467285 87.98594665527344
v 6.251794815063477 27.968923568725586 95.96435546875
v 6.854917049407959 30.66713523864746 103.95903778076172
v 7.564696311950684 33.842506408691406 111.9659194946289
v 9.162015914916992 40.98850631713867 128
v 9.365550994873047 49.09593963623047 8.287424087524414
v 9.2772855758667 48.633235931396484 12.395295143127441
v 9.124817848205566 47.8339729309082 16.475318908691406
v 8.66523551940918 45.42475891113281 24.561986923217773
v 8.062724113464355 42.26628112792969 32.56775665283203
v 6.732583999633789 35.29344177246094 48.41793441772461
v 6.156795024871826 32.27505111694336 56.30299758911133
v 5.741751670837402 30.09931755065918 64.18848419189453
v 5.618234157562256 29.451814651489258 68.13774871826172
v 5.560781002044678 29.150634765625 72.09416961669922
v 5.566949844360352 29.182973861694336 76.05770874023438
v 5.632197380065918 29.52501106262207 80.02786254882812
v 5.921748161315918 31.042890548706055 87.98594665527344
v 6.393077373504639 33.5136833190918 95.96435546875
v 7.009829521179199 36.74681091308594 103.95903778076172
v 7.7356486320495605 40.55168914794922 111.9659194946289
v 9.36906623840332 49.11436080932617 128
v 9.36906623840332 49.11436080932617 0
v 6.570247650146484 41.48291015625 0
v 6.567782878875732 41.467350006103516 8.287424087524414
v 6.505885124206543 41.076541900634766 12.395295143127441
v 6.3989644050598145 40.40147018432617 16.475318908691406
v 6.076672554016113 38.366600036621094 24.561986923217773
v 5.654148578643799 35.698890686035156 32.56775665283203
v 4.72136116027832 29.80950355529785 48.41793441772461
v 4.317577362060547 27.26011085510254 56.30299758911133
v 4.026520252227783 25.422447204589844 64.18848419189453
v 3.939901113510132 24.87555503845215 68.13774871826172
v 3.9039368629455566 24.648487091064453 76.05770874023438
v 3.8996105194091797 24.621171951293945 72.09416961669922
v 3.949692487716675 24.9373779296875 80.02786254882812
v 4.152745723724365 26.219406127929688 87.98594665527344
v 4.483274936676025 28.306285858154297 95.96435546875
v 4.91578483581543 31.037046432495117 103.95903778076172
v 5.42478084564209 34.25071716308594 111.9659194946289
v 6.570247650146484 41.48291015625 128
v 6.264310836791992 49.587127685546875 8.287424087524414
v 6.205272674560547 49.11979293823242 12.395295143127441
v 6.103292465209961 48.31253433227539 16.475318908691406
v 5.79589319229126 45.87921905517578 24.561986923217773
v 5.392892360687256 42.68913650512695 32.56775665283203
v 4.503205299377441 35.646541595458984 48.41793441772461
v 4.118078708648682 32.59794998168945 56.30299758911133
v 3.8404700756073 30.400449752807617 64.18848419189453
v 3.7578532695770264 29.746471405029297 68.13774871826172
v 3.7194244861602783 29.442276000976562 72.09416961669922
v 3.723550796508789 29.474939346313477 76.05770874023438
v 3.7671926021575928 29.82040023803711 80.02786254882812
v 3.9608635902404785 31.35346221923828 87.98594665527344
v 4.276120185852051 33.84897994995117 95.96435546875
v 4.688645839691162 37.11445236206055 103.95903778076172
v 5.174122333526611 40.957393646240234 111.9659194946289
v 6.266661643981934 49.605735778808594 128
v 6.266661643981934 49.605735778808594 0
v 3.9525492191314697 41.813602447509766 0
v 3.951066732406616 41.797916412353516 8.287424087524414
v 3.9138295650482178 41.403995513916016 12.395295143127441
v 3.849508047103882 40.723541259765625 16.475318908691406
v 3.655622959136963 38.67245101928711 24.561986923217773
v 3.401439666748047 35.98347473144531 32.56775665283203
v 2.8402907848358154 30.047138214111328 48.41793441772461
v 2.597381114959717 27.4774227142334 56.30299758911133
v 2.422286033630371 25.62510871887207 64.18848419189453
v 2.3701772689819336 25.0738582611084 68.13774871826172
v 2.3485419750213623 24.84497833251953 76.05770874023438
v 2.3459393978118896 24.817445755004883 72.09416961669922
v 2.376067876815796 25.136173248291016 80.02786254882812
v 2.4982213973999023 26.428421020507812 87.98594665527344
v 2.6970620155334473 28.531936645507812 95.96435546875
v 2.9572527408599854 31.284465789794922 103.95903778076172
v 3.263455867767334 34.52375411987305 111.9659194946289
v 3.9525492191314697 41.813602447509766 128
v 3.138348340988159 49.88261795043945 8.287424087524414
v 3.1087710857391357 49.412498474121094 12.395295143127441
v 3.0576798915863037 48.600433349609375 16.475318908691406
v 2.9036762714385986 46.15261459350586 24.561986923217773
v 2.701777458190918 42.94352340698242 32.56775665283203
v 2.256054401397705 35.85895919799805 48.41793441772461
v 2.0631103515625 32.79220199584961 56.30299758911133
v 1.9240316152572632 30.581605911254883 64.18848419189453
v 1.8826415538787842 29.923730850219727 68.13774871826172
v 1.863389253616333 29.61772346496582 72.09416961669922
v 1.865456461906433 29.65058135986328 76.05770874023438
v 1.8873205184936523 29.99810028076172 80.02786254882812
v 1.9843473434448242 31.540300369262695 87.98594665527344
v 2.142287492752075 34.05068588256836 95.96435546875
v 2.3489577770233154 37.33561706542969 103.95903778076172
v 2.5921761989593506 41.20146179199219 111.9659194946289
v 3.139525890350342 49.901336669921875 128
v 3.139525890350342 49.901336669921875 0
v 1.3192518949508667 41.97927474975586 0
v 1.3187569379806519 41.96352767944336 8.287424087524414
v 1.3063284158706665 41.56804275512695 12.395295143127441
v 1.2848596572875977 40.884891510009766 16.475318908691406
v 1.2201460599899292 38.825679779052734 24.561986923217773
v 1.1353068351745605 36.12604904174805 32.56775665283203
v 0.9480106234550476 30.166189193725586 48.41793441772461
v 0.8669341802597046 27.586294174194336 56.30299758911133
v 0.8084922432899475 25.726640701293945 64.18848419189453
v 0.7910997867584229 25.17320442199707 68.13774871826172
v 0.78387850522995 24.943418502807617 76.05770874023438
v 0.7830098867416382 24.9157772064209 72.09416961669922
v 0.7930659055709839 25.235767364501953 80.02786254882812
v 0.8338373899459839 26.53313636779785 87.98594665527344
v 0.9002049565315247 28.64498519897461 95.96435546875
v 0.987049400806427 31.408422470092773 103.95903778076172
v 1.0892515182495117 34.660545349121094 111.9659194946289
v 1.3192518949508667 41.97927474975586 128
v -9.173658198097928e-15 49.98124313354492 8.287424087524414
v -9.087307424290089e-15 49.510196685791016 12.395295143127441
v -8.938149157443342e-15 48.6965217590332 16.475318908691406
v -8.488538986843076e-15 46.243865966796875 24.561986923217773
v -7.899099770277123e-15 43.0284309387207 32.56775665283203
v -6.597822535168128e-15 35.92985916137695 48.41793441772461
v -6.0345274140356526e-15 32.85703659057617 56.30299758911133
v -5.6284898887915685e-15 30.642072677612305 64.18848419189453
v -5.507652592052744e-15 29.982894897460938 68.13774871826172
v -5.4514456032553164e-15 29.67628288269043 72.09416961669922
v -5.457480713004503e-15 29.70920753479004 76.05770874023438
v -5.52131226887664e-15 30.057411193847656 80.02786254882812
v -5.804580415229212e-15 31.602659225463867 87.98594665527344
v -6.2656822818248775e-15 34.11800765991211 95.96435546875
v -6.869051802241375e-15 37.4094352722168 103.95903778076172
v -7.579122063023497e-15 41.28292465209961 111.9659194946289
v -9.324138683375338e-15 50 128
v -9.324138683375338e-15 50 0
v -1.3192518949508667 41.97927474975586 0
v -1.3187569379806519 41.96352767944336 8.287424087524414
v -1.3063284158706665 41.56804275512695 12.395295143127441
v -1.2848596572875977 40.884891510009766 16.475318908691406
v -1.2201460599899292 38.825679779052734 24.561986923217773
v -1.1353068351745605 36.12604904174805 32.56775665283203
v -0.9480106234550476 30.166189193725586 48.41793441772461
v -0.8669341802597046 27.586294174194336 56.30299758911133
v -0.8084922432899475 25.726640701293945 64.18848419189453
v -0.7910997867584229 25.17320442199707 68.13774871826172
v -0.78387850522995 24.943418502807617 76.05770874023438
v -0.7830098867416382 24.9157772064209 72.09416961669922
v -0.7930659055709839 25.235767364501953 80.02786254882812
v -0.8338373899459839 26.53313636779785 87.98594665527344
v -0.9002049565315247 28.64498519897461 95.96435546875
v -0.987049400806427 31.408422470092773 103.95903778076172
v -1.0892515182495117 34.660545349121094 111.9659194946289
v -1.3192518949508667 41.97927474975586 128
v -3.138348340988159 49.88261795043945 8.287424087524414
v -3.1087710857391357 49.412498474121094 12.395295143127441
v -3.0576798915863037 48.600433349609375 16.475318908691406
v -2.9036762714385986 46.15261459350586 24.561986923217773
v -2.701777458190918 42.94352340698242 32.56775665283203
v -2.256054401397705 35.85895919799805 48.41793441772461
v -2.0631103515625 32.79220199584961 56.30299758911133
v -1.9240316152572632 30.581605911254883 64.18848419189453
v -1.8826415538787842 29.923730850219727 68.13774871826172
v -1.863389253616333 29.61772346496582 72.09416961669922
v -1.865456461906433 29.65058135986328 76.05770874023438
v -1.8873205184936523 29.99810028076172 80.02786254882812
v -1.9843473434448242 31.540300369262695 87.98594665527344
v -2.142287492752075 34.05068588256836 95.96435546875
v -2.3489577770233154 37.33561706542969 103.95903778076172
v -2.5921761989593506 41.20146179199219 111.9659194946289
v -3.139525890350342 49.901336669921875 128
v -3.139525890350342 49.901336669921875 0
v -3.9525492191314697 41.813602447509766 0
v -3.951066732406616 41.797916412353516 8.287424087524414
v -3.9138295650482178 41.403995513916016 12.395295143127441
v -3.849508047103882 40.723541259765625 16.475318908691406
v -3.655622959136963 38.67245101928711 24.561986923217773
v -3.401439666748047 35.98347473144531 32.56775665283203
v -2.8402907848358154 30.047138214111328 48.41793441772461
v -2.597381114959717 27.4774227142334 56.30299758911133
v -2.422286033630371 25.62510871887207 64.18848419189453
v -2.3701772689819336 25.0738582611084 68.13774871826172
v -2.3485419750213623 24.84497833251953 76.05770874023438
v -2.3459393978118896 24.817445755004883 72.09416961669922
v -2.376067876815796 25.136173248291016 80.02786254882812
v -2.4982213973999023 26.428421020507812 87.98594665527344
v -2.6970620155334473 28.531936645507812 95.96435546875
v -2.9572527408599854 31.284465789794922 103.95903778076172
v -3.263455867767334 34.52375411987305 111.9659194946289
v -3.9525492191314697 41.813602447509766 128
v -6.264310836791992 49.587127685546875 8.287424087524414
v -6.205272674560547 49.11979293823242 12.395295143127441
v -6.103292465209961 48.31253433227539 16.475318908691406
v -5.79589319229126 45.87921905517578 24.561986923217773
v -5.392892360687256 42.68913650512695 32.56775665283203
v -4.503205299377441 35.646541595458984 48.41793441772461
v -4.118078708648682 32.59794998168945 56.30299758911133
v -3.8404700756073 30.400449752807617 64.18848419189453
v -3.7578532695770264 29.746471405029297 68.13774871826172
v -3.7194244861602783 29.442276000976562 72.09416961669922
v -3.723550796508789 29.474939346313477 76.05770874023438
v -3.7671926021575928 29.82040023803711 80.02786254882812
v -3.9608635902404785 31.35346221923828 87.98594665527344
v -4.276120185852051 33.84897994995117 95.96435546875
v -4.688645839691162 37.11445236206055 103.95903778076172
v -5.174122333526611 40.957393646240234 111.9659194946289
v -6.266661643981934 49.605735778808594 128
v -6.266661643981934 49.605735778808594 0
v -6.570247650146484 41.48291015625 0
v -6.567782878875732 41.467350006103516 8.287424087524414
v -6.505885124206543 41.076541900634766 12.395295143127441
v -6.3989644050598145 40.40147018432617 16.475318908691406
v -6.076672554016113 38.366600036621094 24.561986923217773
v -5.654148578643799 35.698890686035156 32.56775665283203
v -4.72136116027832 29.80950355529785 48.41793441772461
v -4.317577362060547 27.26011085510254 56.30299758911133
v -4.026520252227783 25.422447204589844 64.18848419189453
v -3.939901113510132 24.87555503845215 68.13774871826172
v -3.9039368629455566 24.648487091064453 76.05770874023438
v -3.8996105194091797 24.621171951293945 72.09416961669922
v -3.949692487716675 24.9373779296875 80.02786254882812
v -4.152745723724365 26.219406127929688 87.98594665527344
v -4.483274936676025 28.306285858154297 95.96435546875
v -4.91578483581543 31.037046432495117 103.95903778076172
v -5.42478084564209 34.25071716308594 111.9659194946289
v -6.570247650146484 41.48291015625 128
v -9.365550994873047 49.09593963623047 8.287424087524414
v -9.2772855758667 48.633235931396484 12.395295143127441
v -9.124817848205566 47.8339729309082 16.475318908691406
v -8.66523551940918 45.42475891113281 24.561986923217773
v -8.062724113464355 42.26628112792969 32.56775665283203
v -6.732583999633789 35.29344177246094 48.41793441772461
v -6.156795024871826 32.27505111694336 56.30299758911133
v -5.741751670837402 30.09931755065918 64.18848419189453
v -5.618234157562256 29.451814651489258 68.13774871826172
v -5.560781002044678 29.150634765625 72.09416961669922
v -5.566949844360352 29.182973861694336 76.05770874023438
v -5.632197380065918 29.52501106262207 80.02786254882812
v -5.921748161315918 31.042890548706055 87.98594665527344
v -6.393077373504639 33.5136833190918 95.96435546875
v -7.009829521179199 36.74681091308594 103.95903778076172
v -7.7356486320495605 40.55168914794922 111.9659194946289
v -9.36906623840332 49.11436080932617 128
v -9.36906623840332 49.11436080932617 0
v -9.162015914916992 40.98850631713867 0
v -9.158578872680664 40.97312545776367 8.287424087524414
v -9.072264671325684 40.586978912353516 12.395295143127441
v -8.923166275024414 39.91994857788086 16.475318908691406
v -8.473740577697754 37.90933609008789 24.561986923217773
v -7.884543418884277 35.27341842651367 32.56775665283203
v -6.583799362182617 29.4542236328125 48.41793441772461
v -6.020734786987305 26.935218811035156 56.30299758911133
v -5.614863395690918 25.11945343017578 64.18848419189453
v -5.494075298309326 24.57908058166504 68.13774871826172
v -5.443924427032471 24.354719161987305 76.05770874023438
v -5.437891960144043 24.327728271484375 72.09416961669922
v -5.507730007171631 24.640167236328125 80.02786254882812
v -5.790881633758545 25.90691566467285 87.98594665527344
v -6.251794815063477 27.968923568725586 95.96435546875
v -6.854917049407959 30.66713523864746 103.95903778076172
v -7.564696311950684 33.842506408691406 111.9659194946289
v -9.162015914916992 40.98850631713867 128
v -12.429829597473145 48.410987854003906 8.287424087524414
v -12.312685012817383 47.954742431640625 12.395295143127441
v -12.110332489013672 47.166629791259766 16.475318908691406
v -11.500381469726562 44.7910270690918 24.561986923217773
v -10.700735092163086 41.67660903930664 32.56775665283203
v -8.935392379760742 34.801055908203125 48.41793441772461
v -8.171213150024414 31.82477569580078 56.30299758911133
v -7.620373249053955 29.67939567565918 64.18848419189453
v -7.456442832946777 29.04092788696289 68.13774871826172
v -7.380191802978516 28.743947982788086 72.09416961669922
v -7.388379096984863 28.775836944580078 76.05770874023438
v -7.474974155426025 29.113101959228516 80.02786254882812
v -7.859261512756348 30.609804153442383 87.98594665527344
v -8.484803199768066 33.04612731933594 95.96435546875
v -9.303348541259766 36.23414993286133 103.95903778076172
v -10.266645431518555 39.98594284057617 111.9659194946289
v -12.434494972229004 48.42915725708008 128
v -12.434494972229004 48.42915725708008 0
v -11.717626571655273 40.33233642578125 0
v -11.713231086730957 40.317203521728516 8.287424087524414
v -11.602839469909668 39.93723678588867 12.395295143127441
v -11.412153244018555 39.280887603759766 16.475318908691406
v -10.837367057800293 37.302459716796875 24.561986923217773
v -10.083821296691895 34.708740234375 32.56775665283203
v -8.420252799987793 28.982702255249023 48.41793441772461
v -7.700129985809326 26.50402069091797 56.30299758911133
v -7.181046962738037 24.71732521057129 64.18848419189453
v -7.026566982269287 24.185604095458984 68.13774871826172
v -6.962427616119385 23.964834213256836 76.05770874023438
v -6.9547119140625 23.938276290893555 72.09416961669922
v -7.04403018951416 24.245710372924805 80.02786254882812
v -7.406163215637207 25.4921817779541 87.98594665527344
v -7.995641708374023 27.521177291870117 95.96435546875
v -8.766995429992676 30.176198959350586 103.95903778076172
v -9.674757957458496 33.30073547363281 111.9659194946289
v -11.717626571655273 40.33233642578125 128
v -15.445053100585938 47.53498840332031 8.287424087524414
v -15.299492835998535 47.08699417114258 12.395295143127441
v -15.048052787780762 46.31314468383789 16.475318908691406
v -14.290140151977539 43.980525970458984 24.561986923217773
v -13.296515464782715 40.92246627807617 32.56775665283203
v -11.102936744689941 34.171329498291016 48.41793441772461
v -10.153383255004883 31.2489013671875 56.30299758911133
v -9.468921661376953 29.14234161376953 64.18848419189453
v -9.26522445678711 28.51542854309082 68.13774871826172
v -9.170475006103516 28.22382164001465 72.09416961669922
v -9.180648803710938 28.25513458251953 76.05770874023438
v -9.288251876831055 28.58629608154297 80.02786254882812
v -9.765759468078613 30.05591583251953 87.98594665527344
v -10.543045043945312 32.44815444946289 95.96435546875
v -11.560151100158691 35.5784912109375 103.95903778076172
v -12.757124900817871 39.262393951416016 111.9659194946289
v -15.450850486755371 47.552825927734375 128
v -15.450850486755371 47.552825927734375 0
v -14.2269926071167 39.51699447631836 0
v -14.221654891967773 39.50217056274414 8.287424087524414
v -14.087623596191406 39.1298828125 12.395295143127441
v -13.856101036071777 38.48680114746094 16.475318908691406
v -13.158222198486328 36.548370361328125 24.561986923217773
v -12.243303298950195 34.007083892822266 32.56775665283203
v -10.223477363586426 28.396799087524414 48.41793441772461
v -9.349136352539062 25.96822738647461 56.30299758911133
v -8.718891143798828 24.217649459838867 64.18848419189453
v -8.531328201293945 23.69667625427246 68.13774871826172
v -8.453453063964844 23.480369567871094 76.05770874023438
v -8.444086074829102 23.454349517822266 72.09416961669922
v -8.552531242370605 23.755571365356445 80.02786254882812
v -8.992216110229492 24.976842880249023 87.98594665527344
v -9.70793342590332 26.964820861816406 95.96435546875
v -10.644474983215332 29.56616973876953 103.95903778076172
v -11.746637344360352 32.627540588378906 111.9659194946289
v -14.2269926071167 39.51699447631836 128
v -18.399322509765625 46.47138214111328 8.287424087524414
v -18.225919723510742 46.033416748046875 12.395295143127441
v -17.9263858795166 45.276878356933594 16.475318908691406
v -17.023502349853516 42.9964599609375 24.561986923217773
v -15.839820861816406 40.0068244934082 32.56775665283203
v -13.226662635803223 33.40673828125 48.41793441772461
v -12.09548282623291 30.549701690673828 56.30299758911133
v -11.280098915100098 28.490278244018555 64.18848419189453
v -11.037440299987793 27.877389907836914 68.13774871826172
v -10.924568176269531 27.592309951782227 72.09416961669922
v -10.936688423156738 27.622920989990234 76.05770874023438
v -11.064870834350586 27.946674346923828 80.02786254882812
v -11.63371467590332 29.38340950012207 87.98594665527344
v -12.559676170349121 31.72212028503418 95.96435546875
v -13.771331787109375 34.782413482666016 103.95903778076172
v -15.197257041931152 38.38389205932617 111.9659194946289
v -18.406227111816406 46.488826751708984 128
v -18.406227111816406 46.488826751708984 0
v -16.68021011352539 38.545692443847656 0
v -16.673954010009766 38.53123474121094 8.287424087524414
v -16.516809463500977 38.16809844970703 12.395295143127441
v -16.245365142822266 37.54082489013672 16.475318908691406
v -15.427148818969727 35.6500358581543 24.561986923217773
v -14.354466438293457 33.17121505737305 32.56775665283203
v -11.986352920532227 27.698827743530273 48.41793441772461
v -10.961246490478516 25.32994842529297 56.30299758911133
v -10.222325325012207 23.622398376464844 64.18848419189453
v -10.002420425415039 23.11423110961914 68.13774871826172
v -9.911117553710938 22.903240203857422 76.05770874023438
v -9.90013313293457 22.877859115600586 72.09416961669922
v -10.027278900146484 23.171676635742188 80.02786254882812
v -10.542780876159668 24.36292839050293 87.98594665527344
v -11.381912231445312 26.302045822143555 95.96435546875
v -12.47994613647461 28.839454650878906 103.95903778076172
v -13.772157669067383 31.825580596923828 111.9659194946289
v -16.68021011352539 38.545692443847656 128
v -21.280977249145508 45.22438049316406 8.287424087524414
v -21.080415725708008 44.79816436767578 12.395295143127441
v -20.733970642089844 44.061927795410156 16.475318908691406
v -19.689678192138672 41.84269714355469 24.561986923217773
v -18.320613861083984 38.93328857421875 32.56775665283203
v -15.298189163208008 32.51030731201172 48.41793441772461
v -13.989846229553223 29.729938507080078 56.30299758911133
v -13.046760559082031 27.72577476501465 64.18848419189453
v -12.766096115112305 27.129335403442383 68.13774871826172
v -12.635546684265137 26.851903915405273 72.09416961669922
v -12.649564743041992 26.88169288635254 76.05770874023438
v -12.797822952270508 27.196760177612305 80.02786254882812
v -13.455758094787598 28.594940185546875 87.98594665527344
v -14.526741981506348 30.870895385742188 95.96435546875
v -15.928162574768066 33.84906768798828 103.95903778076172
v -17.57741355895996 37.35390853881836 111.9659194946289
v -21.288965225219727 45.24135208129883 128
v -21.288965225219727 45.24135208129883 0
v -19.06760025024414 37.422271728515625 0
v -19.060447692871094 37.40823745727539 8.287424087524414
v -18.880813598632812 37.05568313598633 12.395295143127441
v -18.57051658630371 36.44668960571289 16.475318908691406
v -17.635190963745117 34.61101150512695 24.561986923217773
v -16.408977508544922 32.20443344116211 32.56775665283203
v -13.701924324035645 26.89154052734375 48.41793441772461
v -12.530097961425781 24.59170150756836 56.30299758911133
v -11.685416221618652 22.93391990661621 64.18848419189453
v -11.434037208557129 22.440561294555664 68.13774871826172
v -11.329666137695312 22.235721588134766 76.05770874023438
v -11.317111015319824 22.21108055114746 72.09416961669922
v -11.462454795837402 22.496334075927734 80.02786254882812
v -12.051737785339355 23.652868270874023 87.98594665527344
v -13.010971069335938 25.53546714782715 95.96435546875
v -14.26616382598877 27.99892234802246 103.95903778076172
v -15.743326187133789 30.89801788330078 111.9659194946289
v -19.06760025024414 37.422271728515625 128
v -24.07864761352539 43.79889678955078 8.287424087524414
v -23.85171890258789 43.38611602783203 12.395295143127441
v -23.459728240966797 42.67308807373047 16.475318908691406
v -22.278152465820312 40.523807525634766 24.561986923217773
v -20.72910499572754 37.70610046386719 32.56775665283203
v -17.309341430664062 31.485576629638672 48.41793441772461
v -15.828998565673828 28.792842864990234 56.30299758911133
v -14.761930465698242 26.851852416992188 64.18848419189453
v -14.44437026977539 26.274211883544922 68.13774871826172
v -14.296658515930176 26.005525588989258 72.09416961669922
v -14.312519073486328 26.03437614440918 76.05770874023438
v -14.480268478393555 26.339509963989258 80.02786254882812
v -15.22469711303711 27.693622589111328 87.98594665527344
v -16.43647575378418 29.897838592529297 95.96435546875
v -18.022132873535156 32.78213882446289 103.95903778076172
v -19.888200759887695 36.1765022277832 111.9659194946289
v -24.087684631347656 43.81533432006836 128
v -24.087684631347656 43.81533432006836 0
v -21.37973976135254 36.15116500854492 0
v -21.371719360351562 36.137603759765625 8.287424087524414
v -21.17030143737793 35.797027587890625 12.395295143127441
v -20.82238006591797 35.20872116088867 16.475318908691406
v -19.773635864257812 33.435394287109375 24.561986923217773
v -18.398731231689453 31.110557556152344 32.56775665283203
v -15.363420486450195 25.978126525878906 48.41793441772461
v -14.049498558044434 23.756404876708984 56.30299758911133
v -13.10239028930664 22.154932022094727 64.18848419189453
v -12.82052993774414 21.67833137512207 68.13774871826172
v -12.70350170135498 21.48044776916504 76.05770874023438
v -12.689423561096191 21.45664405822754 72.09416961669922
v -12.852392196655273 21.732210159301758 80.02786254882812
v -13.51313304901123 22.849458694458008 87.98594665527344
v -14.588682174682617 24.668113708496094 95.96435546875
v -15.996079444885254 27.047895431518555 103.95903778076172
v -17.652362823486328 29.8485164642334 111.9659194946289
v -21.37973976135254 36.15116500854492 128
v -26.781288146972656 42.200557708740234 8.287424087524414
v -26.528888702392578 41.80284118652344 12.395295143127441
v -26.0929012298584 41.1158332824707 16.475318908691406
v -24.778701782226562 39.044986724853516 24.561986923217773
v -23.0557861328125 36.33010482788086 32.56775665283203
v -19.252182006835938 30.33658218383789 48.41793441772461
v -17.605680465698242 27.742115020751953 56.30299758911133
v -16.418842315673828 25.87195587158203 64.18848419189453
v -16.065637588500977 25.315397262573242 68.13774871826172
v -15.901347160339355 25.056514739990234 72.09416961669922
v -15.918989181518555 25.084312438964844 76.05770874023438
v -16.105566024780273 25.378311157226562 80.02786254882812
v -16.933551788330078 26.683008193969727 87.98594665527344
v -18.281341552734375 28.806787490844727 95.96435546875
v -20.044979095458984 31.585830688476562 103.95903778076172
v -22.12049674987793 34.856327056884766 111.9659194946289
v -26.791339874267578 42.21639633178711 128
v -26.791339874267578 42.21639633178711 0
v -23.607501983642578 34.73738479614258 0
v -23.59864616394043 34.7243537902832 8.287424087524414
v -23.37624168395996 34.3970947265625 12.395295143127441
v -22.9920654296875 33.83179473876953 16.475318908691406
v -21.834041595458984 32.12781524658203 24.561986923217773
v -20.315874099731445 29.893901824951172 32.56775665283203
v -16.964284896850586 24.962186813354492 48.41793441772461
v -15.51345157623291 22.827350616455078 56.30299758911133
v -14.467656135559082 21.288509368896484 64.18848419189453
v -14.156425476074219 20.830547332763672 68.13774871826172
v -14.027202606201172 20.640403747558594 76.05770874023438
v -14.01165771484375 20.617528915405273 72.09416961669922
v -14.191607475280762 20.8823184967041 80.02786254882812
v -14.921196937561035 21.955873489379883 87.98594665527344
v -16.10881805419922 23.703407287597656 95.96435546875
v -17.662866592407227 25.99011993408203 103.95903778076172
v -19.49173355102539 28.681215286254883 111.9659194946289
v -23.607501983642578 34.73738479614258 128
v -29.378236770629883 40.43567657470703 8.287424087524414
v -29.101364135742188 40.054588317871094 12.395295143127441
v -28.623096466064453 39.39631271362305 16.475318908691406
v -27.181461334228516 37.41207504272461 24.561986923217773
v -25.29147720336914 34.81072998046875 32.56775665283203
v -21.119041442871094 29.067867279052734 48.41793441772461
v -19.312883377075195 26.58190155029297 56.30299758911133
v -18.010957717895508 24.78995704650879 64.18848419189453
v -17.623502731323242 24.256671905517578 68.13774871826172
v -17.443283081054688 24.008617401123047 72.09416961669922
v -17.46263313293457 24.035253524780273 76.05770874023438
v -17.66730308532715 24.316957473754883 80.02786254882812
v -18.575576782226562 25.567089080810547 87.98594665527344
v -20.054061889648438 27.602048873901367 95.96435546875
v -21.98871421813965 30.264869689941406 103.95903778076172
v -24.265493392944336 33.39858627319336 111.9659194946289
v -29.389263153076172 40.45084762573242 128
v -29.389263153076172 40.45084762573242 0
v -25.742095947265625 33.1865119934082 0
v -25.732439041137695 33.1740608215332 8.287424087524414
v -25.489925384521484 32.861412048339844 12.395295143127441
v -25.07101058959961 32.321353912353516 16.475318908691406
v -23.80828094482422 30.693449020385742 24.561986923217773
v -22.15283966064453 28.559268951416016 32.56775665283203
v -18.498197555541992 23.847732543945312 48.41793441772461
v -16.916181564331055 21.808208465576172 56.30299758911133
v -15.775823593139648 20.338069915771484 64.18848419189453
v -15.43645191192627 19.90055274963379 68.13774871826172
v -15.295544624328613 19.71889877319336 76.05770874023438
v -15.278594970703125 19.697046279907227 72.09416961669922
v -15.47481632232666 19.95001220703125 80.02786254882812
v -16.270374298095703 20.97563934326172 87.98594665527344
v -17.565380096435547 22.645153045654297 95.96435546875
v -19.259946823120117 24.82977294921875 103.95903778076172
v -21.254180908203125 27.400724411010742 111.9659194946289
v -25.742095947265625 33.1865119934082 128
v -31.85924530029297 38.511207580566406 8.287424087524414
v -31.55898666381836 38.14826202392578 12.395295143127441
v -31.04033088684082 37.52131271362305 16.475318908691406
v -29.476947784423828 35.63151168823242 24.561986923217773
v -27.427352905273438 33.15397262573242 32.56775665283203
v -22.90255355834961 27.684431076049805 48.41793441772461
v -20.943864822387695 25.316783905029297 56.30299758911133
v -19.531991958618164 23.610122680664062 64.18848419189453
v -19.11181640625 23.102218627929688 68.13774871826172
v -18.91637420654297 22.865970611572266 72.09416961669922
v -18.937360763549805 22.89133644104004 76.05770874023438
v -19.15931510925293 23.15963363647461 80.02786254882812
v -20.1442928314209 24.350269317626953 87.98594665527344
v -21.747636795043945 26.28837776184082 95.96435546875
v -23.845672607421875 28.824464797973633 103.95903778076172
v -26.314725875854492 31.809040069580078 111.9659194946289
v -31.871200561523438 38.52566146850586 128
v -31.871200561523438 38.52566146850586 0
v -27.775096893310547 31.50466537475586 0
v -27.764678955078125 31.492847442626953 8.287424087524414
v -27.50301170349121 31.196043014526367 12.395295143127441
v -27.05101203918457 30.683351516723633 16.475318908691406
v -25.688556671142578 29.137948989868164 24.561986923217773
v -23.902376174926758 27.11192512512207 32.56775665283203
v -19.9591064453125 22.639162063598633 48.41793441772461
v -18.25214958190918 20.702999114990234 56.30299758911133
v -17.021730422973633 19.307363510131836 64.18848419189453
v -16.65555763244629 18.89202117919922 68.13774871826172
v -16.503522872924805 18.719572067260742 76.05770874023438
v -16.485233306884766 18.69882583618164 72.09416961669922
v -16.696950912475586 18.938974380493164 80.02786254882812
v -17.555339813232422 19.91262435913086 87.98594665527344
v -18.952621459960938 21.497528076171875 95.96435546875
v -20.781015396118164 23.571435928344727 103.95903778076172
v -22.9327449798584 26.012094497680664 111.9659194946289
v -27.775096893310547 31.50466537475586 128
v -34.214515686035156 36.434757232666016 8.287424087524414
v -33.89206314086914 36.09138107299805 12.395295143127441
v -33.33506393432617 35.498233795166016 16.475318908691406
v -31.656105041503906 33.7103271484375 24.561986923217773
v -29.454986572265625 31.366374969482422 32.56775665283203
v -24.59568214416504 26.191740036010742 48.41793441772461
v -22.492191314697266 23.951749801635742 56.30299758911133
v -20.975942611694336 22.337108612060547 64.18848419189453
v -20.524703979492188 21.85658836364746 68.13774871826172
v -20.3148136138916 21.633079528808594 72.09416961669922
v -20.337350845336914 21.657079696655273 76.05770874023438
v -20.575714111328125 21.91090965270996 80.02786254882812
v -21.633508682250977 23.0373477935791 87.98594665527344
v -23.355382919311523 24.87095832824707 95.96435546875
v -25.6085205078125 27.270305633544922 103.95903778076172
v -28.260107040405273 30.093955993652344 111.9659194946289
v -34.22735595703125 36.448429107666016 128
v -34.22735595703125 36.448429107666016 0
v -29.698486328125 29.698486328125 0
v -29.68734359741211 29.68734359741211 8.287424087524414
v -29.407556533813477 29.407556533813477 12.395295143127441
v -28.924259185791016 28.924259185791016 16.475318908691406
v -27.467453002929688 27.467453002929688 24.561986923217773
v -25.55758285522461 25.55758285522461 32.56775665283203
v -21.34124755859375 21.34124755859375 48.41793441772461
v -19.516084671020508 19.516084671020508 56.30299758911133
v -18.200462341308594 18.200462341308594 64.18848419189453
v -17.808931350708008 17.808931350708008 68.13774871826172
v -17.6463680267334 17.6463680267334 76.05770874023438
v -17.626811981201172 17.626811981201172 72.09416961669922
v -17.853191375732422 17.853191375732422 80.02786254882812
v -18.77102279663086 18.77102279663086 87.98594665527344
v -20.26506233215332 20.26506233215332 95.96435546875
v -22.22007179260254 22.22007179260254 103.95903778076172
v -24.52080535888672 24.52080535888672 111.9659194946289
v -29.698486328125 29.698486328125 128
v -36.434757232666016 34.214515686035156 8.287424087524414
v -36.09138107299805 33.89206314086914 12.395295143127441
v -35.498233795166016 33.33506393432617 16.475318908691406
v -33.7103271484375 31.656105041503906 24.561986923217773
v -31.366374969482422 29.454986572265625 32.56775665283203
v -26.191740036010742 24.59568214416504 48.41793441772461
v -23.951749801635742 22.492191314697266 56.30299758911133
v -22.337108612060547 20.975942611694336 64.18848419189453
v -21.85658836364746 20.524703979492188 68.13774871826172
v -21.633079528808594 20.3148136138916 72.09416961669922
v -21.657079696655273 20.337350845336914 76.05770874023438
v -21.91090965270996 20.575714111328125 80.02786254882812
v -23.0373477935791 21.633508682250977 87.98594665527344
v -24.87095832824707 23.355382919311523 95.96435546875
v -27.270305633544922 25.6085205078125 103.95903778076172
v -30.093955993652344 28.260107040405273 111.9659194946289
v -36.448429107666016 34.22735595703125 128
v -36.448429107666016 34.22735595703125 0
v -31.50466537475586 27.775096893310547 0
v -31.492847442626953 27.764678955078125 8.287424087524414
v -31.196043014526367 27.50301170349121 12.395295143127441
v -30.683351516723633 27.05101203918457 16.475318908691406
v -29.137948989868164 25.688556671142578 24.561986923217773
v -27.11192512512207 23.902376174926758 32.56775665283203
v -22.639162063598633 19.9591064453125 48.41793441772461
v -20.702999114990234 18.25214958190918 56.30299758911133
v -19.307363510131836 17.021730422973633 64.18848419189453
v -18.89202117919922 16.65555763244629 68.13774871826172
v -18.719572067260742 16.503522872924805 76.05770874023438
v -18.69882583618164 16.485233306884766 72.09416961669922
v -18.938974380493164 16.696950912475586 80.02786254882812
v -19.91262435913086 17.555339813232422 87.98594665527344
v -21.497528076171875 18.952621459960938 95.96435546875
v -23.571435928344727 20.781015396118164 103.95903778076172
v -26.012094497680664 22.9327449798584 111.9659194946289
v -31.50466537475586 27.775096893310547 128
v -38.511207580566406 31.85924530029297 8.287424087524414
v -38.14826202392578 31.55898666381836 12.395295143127441
v -37.52131271362305 31.04033088684082 16.475318908691406
v -35.63151168823242 29.476947784423828 24.561986923217773
v -33.15397262573242 27.427352905273438 32.56775665283203
v -27.684431076049805 22.90255355834961 48.41793441772461
v -25.316783905029297 20.943864822387695 56.30299758911133
v -23.610122680664062 19.531991958618164 64.18848419189453
v -23.102218627929688 19.11181640625 68.13774871826172
v -22.865970611572266 18.91637420654297 72.09416961669922
v -22.89133644104004 18.937360763549805 76.05770874023438
v -23.15963363647461 19.15931510925293 80.02786254882812
v -24.350269317626953 20.1442928314209 87.98594665527344
v -26.28837776184082 21.747636795043945 95.96435546875
v -28.824464797973633 23.845672607421875 103.95903778076172
v -31.809040069580078 26.314725875854492 111.9659194946289
v -38.52566146850586 31.871200561523438 128
v -38.52566146850586 31.871200561523438 0
v -33.1865119934082 25.742095947265625 0
v -33.1740608215332 25.732439041137695 8.287424087524414
v -32.861412048339844 25.489925384521484 12.395295143127441
v -32.321353912353516 25.07101058959961 16.475318908691406
v -30.693449020385742 23.80828094482422 24.561986923217773
v -28.559268951416016 22.15283966064453 32.56775665283203
v -23.847732543945312 18.498197555541992 48.41793441772461
v -21.808208465576172 16.916181564331055 56.30299758911133
v -20.338069915771484 15.775823593139648 64.18848419189453
v -19.90055274963379 15.43645191192627 68.13774871826172
v -19.71889877319336 15.295544624328613 76.05770874023438
v -19.697046279907227 15.278594970703125 72.09416961669922
v -19.95001220703125 15.47481632232666 80.02786254882812
v -20.97563934326172 16.270374298095703 87.98594665527344
v -22.645153045654297 17.565380096435547 95.96435546875
v -24.82977294921875 19.259946823120117 103.95903778076172
v -27.400724411010742 21.254180908203125 111.9659194946289
v -33.1865119934082 25.742095947265625 128
v -40.43567657470703 29.378236770629883 8.287424087524414
v -40.054588317871094 29.101364135742188 12.395295143127441
v -39.39631271362305 28.623096466064453 16.475318908691406
v -37.41207504272461 27.181461334228516 24.561986923217773
v -34.81072998046875 25.29147720336914 32.56775665283203
v -29.067867279052734 21.119041442871094 48.41793441772461
v -26.58190155029297 19.312883377075195 56.30299758911133
v -24.78995704650879 18.010957717895508 64.18848419189453
v -24.256671905517578 17.623502731323242 68.13774871826172
v -24.008617401123047 17.443283081054688 72.09416961669922
v -24.035253524780273 17.46263313293457 76.05770874023438
v -24.316957473754883 17.66730308532715 80.02786254882812
v -25.567089080810547 18.575576782226562 87.98594665527344
v -27.602048873901367 20.054061889648438 95.96435546875
v -30.264869689941406 21.98871421813965 103.95903778076172
v -33.39858627319336 24.265493392944336 111.9659194946289
v -40.45084762573242 29.389263153076172 128
v -40.45084762573242 29.389263153076172 0
v -34.73738479614258 23.607501983642578 0
v -34.7243537902832 23.59864616394043 8.287424087524414
v -34.3970947265625 23.37624168395996 12.395295143127441
v -33.83179473876953 22.9920654296875 16.475318908691406
v -32.12781524658203 21.834041595458984 24.561986923217773
v -29.893901824951172 20.315874099731445 32.56775665283203
v -24.962186813354492 16.964284896850586 48.41793441772461
v -22.827350616455078 15.51345157623291 56.30299758911133
v -21.288509368896484 14.467656135559082 64.18848419189453
v -20.830547332763672 14.156425476074219 68.13774871826172
v -20.640403747558594 14.027202606201172 76.05770874023438
v -20.617528915405273 14.01165771484375 72.09416961669922
v -20.8823184967041 14.191607475280762 80.02786254882812
v -21.955873489379883 14.921196937561035 87.98594665527344
v -23.703407287597656 16.10881805419922 95.96435546875
v -25.99011993408203 17.662866592407227 103.95903778076172
v -28.681215286254883 19.49173355102539 111.9659194946289
v -34.73738479614258 23.607501983642578 128
v -42.200557708740234 26.781288146972656 8.287424087524414
v -41.80284118652344 26.528888702392578 12.395295143127441
v -41.1158332824707 26.0929012298584 16.475318908691406
v -39.044986724853516 24.778701782226562 24.561986923217773
v -36.33010482788086 23.0557861328125 32.56775665283203
v -30.33658218383789 19.252182006835938 48.41793441772461
v -27.742115020751953 17.605680465698242 56.30299758911133
v -25.87195587158203 16.418842315673828 64.18848419189453
v -25.315397262573242 16.065637588500977 68.13774871826172
v -25.056514739990234 15.901347160339355 72.09416961669922
v -25.084312438964844 15.918989181518555 76.05770874023438
v -25.378311157226562 16.105566024780273 80.02786254882812
v -26.683008193969727 16.933551788330078 87.98594665527344
v -28.806787490844727 18.281341552734375 95.96435546875
v -31.585830688476562 20.044979095458984 103.95903778076172
v -34.856327056884766 22.12049674987793 111.9659194946289
v -42.21639633178711 26.791339874267578 128
v -42.21639633178711 26.791339874267578 0
v -36.15116500854492 21.37973976135254 0
v -36.137603759765625 21.371719360351562 8.287424087524414
v -35.797027587890625 21.17030143737793 12.395295143127441
v -35.20872116088867 20.82238006591797 16.475318908691406
v -33.435394287109375 19.773635864257812 24.561986923217773
v -31.110557556152344 18.398731231689453 32.56775665283203
v -25.978126525878906 15.363420486450195 48.41793441772461
v -23.756404876708984 14.049498558044434 56.30299758911133
v -22.154932022094727 13.10239028930664 64.18848419189453
v -21.67833137512207 12.82052993774414 68.13774871826172
v -21.48044776916504 12.70350170135498 76.05770874023438
v -21.45664405822754 12.689423561096191 72.09416961669922
v -21.732210159301758 12.852392196655273 80.02786254882812
v -22.849458694458008 13.51313304901123 87.98594665527344
v -24.668113708496094 14.588682174682617 95.96435546875
v -27.047895431518555 15.996079444885254 103.95903778076172
v -29.8485164642334 17.652362823486328 111.9659194946289
v -36.15116500854492 21.37973976135254 128
v -43.79889678955078 24.07864761352539 8.287424087524414
v -43.38611602783203 23.85171890258789 12.395295143127441
v -42.67308807373047 23.459728240966797 16.475318908691406
v -40.523807525634766 22.278152465820312 24.561986923217773
v -37.70610046386719 20.72910499572754 32.56775665283203
v -31.485576629638672 17.309341430664062 48.41793441772461
v -28.792842864990234 15.828998565673828 56.30299758911133
v -26.851852416992188 14.761930465698242 64.18848419189453
v -26.274211883544922 14.44437026977539 68.13774871826172
v -26.005525588989258 14.296658515930176 72.09416961669922
v -26.03437614440918 14.312519073486328 76.05770874023438
v -26.339509963989258 14.480268478393555 80.02786254882812
v -27.693622589111328 15.22469711303711 87.98594665527344
v -29.897838592529297 16.43647575378418 95.96435546875
v -32.78213882446289 18.022132873535156 103.95903778076172
v -36.1765022277832 19.888200759887695 111.9659194946289
v -43.81533432006836 24.087684631347656 128
v -43.81533432006836 24.087684631347656 0
v -37.422271728515625 19.06760025024414 0
v -37.40823745727539 19.060447692871094 8.287424087524414
v -37.05568313598633 18.880813598632812 12.395295143127441
v -36.44668960571289 18.57051658630371 16.475318908691406
v -34.61101150512695 17.635190963745117 24.561986923217773
v -32.20443344116211 16.408977508544922 32.56775665283203
v -26.89154052734375 13.701924324035645 48.41793441772461
v -24.59170150756836 12.530097961425781 56.30299758911133
v -22.93391990661621 11.685416221618652 64.18848419189453
v -22.440561294555664 11.434037208557129 68.13774871826172
v -22.235721588134766 11.329666137695312 76.05770874023438
v -22.21108055114746 11.317111015319824 72.09416961669922
v -22.496334075927734 11.462454795837402 80.02786254882812
v -23.652868270874023 12.051737785339355 87.98594665527344
v -25.53546714782715 13.010971069335938 95.96435546875
v -27.99892234802246 14.26616382598877 103.95903778076172
v -30.89801788330078 15.743326187133789 111.9659194946289
v -37.422271728515625 19.06760025024414 128
v -45.22438049316406 21.280977249145508 8.287424087524414
v -44.79816436767578 21.080415725708008 12.395295143127441
v -44.061927795410156 20.733970642089844 16.475318908691406
v -41.84269714355469 19.689678192138672 24.561986923217773
v -38.93328857421875 18.320613861083984 32.56775665283203
v -32.51030731201172 15.298189163208008 48.41793441772461
v -29.729938507080078 13.989846229553223 56.30299758911133
v -27.72577476501465 13.046760559082031 64.18848419189453
v -27.129335403442383 12.766096115112305 68.13774871826172
v -26.851903915405273 12.635546684265137 72.09416961669922
v -26.88169288635254 12.649564743041992 76.05770874023438
v -27.196760177612305 12.797822952270508 80.02786254882812
v -28.594940185546875 13.455758094787598 87.98594665527344
v -30.870895385742188 14.526741981506348 95.96435546875
v -33.84906768798828 15.928162574768066 103.95903778076172
v -37.35390853881836 17.57741355895996 111.9659194946289
v -45.24135208129883 21.288965225219727 128
v -45.24135208129883 21.288965225219727 0
v -38.545692443847656 16.68021011352539 0
v -38.53123474121094 16.673954010009766 8.287424087524414
v -38.16809844970703 16.516809463500977 12.395295143127441
v -37.54082489013672 16.245365142822266 16.475318908691406
v -35.6500358581543 15.427148818969727 24.561986923217773
v -33.17121505737305 14.354466438293457 32.56775665283203
v -27.698827743530273 11.986352920532227 48.41793441772461
v -25.32994842529297 10.961246490478516 56.30299758911133
v -23.622398376464844 10.222325325012207 64.18848419189453
v -23.11423110961914 10.002420425415039 68.13774871826172
v -22.903240203857422 9.911117553710938 76.05770874023438
v -22.877859115600586 9.90013313293457 72.09416961669922
v -23.171676635742188 10.027278900146484 80.02786254882812
v -24.36292839050293 10.542780876159668 87.98594665527344
v -26.302045822143555 11.381912231445312 95.96435546875
v -28.839454650878906 12.47994613647461 103.95903778076172
v -31.825580596923828 13.772157669067383 111.9659194946289
v -38.545692443847656 16.68021011352539 128
v -46.47138214111328 18.399322509765625 8.287424087524414
v -46.033416748046875 18.225919723510742 12.395295143127441
v -45.276878356933594 17.9263858795166 16.475318908691406
v -42.9964599609375 17.023502349853516 24.561986923217773
v -40.0068244934082 15.839820861816406 32.56775665283203
v -33.40673828125 13.226662635803223 48.41793441772461
v -30.549701690673828 12.09548282623291 56.30299758911133
v -28.490278244018555 11.280098915100098 64.18848419189453
v -27.877389907836914 11.037440299987793 68.13774871826172
v -27.592309951782227 10.924568176269531 72.09416961669922
v -27.622920989990234 10.936688423156738 76.05770874023438
v -27.946674346923828 11.064870834350586 80.02786254882812
v -29.38340950012207 11.63371467590332 87.98594665527344
v -31.72212028503418 12.559676170349121 95.96435546875
v -34.782413482666016 13.771331787109375 103.95903778076172
v -38.38389205932617 15.197257041931152 111.9659194946289
v -46.488826751708984 18.406227111816406 128
v -46.488826751708984 18.406227111816406 0
v -39.51699447631836 14.2269926071167 0
v -39.50217056274414 14.221654891967773 8.287424087524414
v -39.1298828125 14.087623596191406 12.395295143127441
v -38.48680114746094 13.856101036071777 16.475318908691406
v -36.548370361328125 13.158222198486328 24.561986923217773
v -34.007083892822266 12.243303298950195 32.56775665283203
v -28.396799087524414 10.223477363586426 48.41793441772461
v -25.96822738647461 9.349136352539062 56.30299758911133
v -24.217649459838867 8.718891143798828 64.18848419189453
v -23.69667625427246 8.531328201293945 68.13774871826172
v -23.480369567871094 8.453453063964844 76.05770874023438
v -23.454349517822266 8.444086074829102 72.09416961669922
v -23.755571365356445 8.552531242370605 80.02786254882812
v -24.976842880249023 8.992216110229492 87.98594665527344
v -26.964820861816406 9.70793342590332 95.96435546875
v -29.56616973876953 10.644474983215332 103.95903778076172
v -32.627540588378906 11.746637344360352 111.9659194946289
v -39.51699447631836 14.2269926071167 128
v -47.53498840332031 15.445053100585938 8.287424087524414
v -47.08699417114258 15.299492835998535 12.395295143127441
v -46.31314468383789 15.048052787780762 16.475318908691406
v -43.980525970458984 14.290140151977539 24.561986923217773
v -40.92246627807617 13.296515464782715 32.56775665283203
v -34.171329498291016 11.102936744689941 48.41793441772461
v -31.2489013671875 10.153383255004883 56.30299758911133
v -29.14234161376953 9.468921661376953 64.18848419189453
v -28.51542854309082 9.26522445678711 68.13774871826172
v -28.22382164001465 9.170475006103516 72.09416961669922
v -28.25513458251953 9.180648803710938 76.05770874023438
v -28.58629608154297 9.288251876831055 80.02786254882812
v -30.05591583251953 9.765759468078613 87.98594665527344
v -32.44815444946289 10.543045043945312 95.96435546875
v -35.5784912109375 11.560151100158691 103.95903778076172
v -39.262393951416016 12.757124900817871 111.9659194946289
v -47.552825927734375 15.450850486755371 128
v -47.552825927734375 15.450850486755371 0
v -40.33233642578125 11.717626571655273 0
v -40.317203521728516 11.713231086730957 8.287424087524414
v -39.93723678588867 11.602839469909668 12.395295143127441
v -39.280887603759766 11.412153244018555 16.475318908691406
v -37.302459716796875 10.837367057800293 24.561986923217773
v -34.708740234375 10.083821296691895 32.56775665283203
v -28.982702255249023 8.420252799987793 48.41793441772461
v -26.50402069091797 7.700129985809326 56.30299758911133
v -24.71732521057129 7.181046962738037 64.18848419189453
v -24.185604095458984 7.026566982269287 68.13774871826172
v -23.964834213256836 6.962427616119385 76.05770874023438
v -23.938276290893555 6.9547119140625 72.09416961669922
v -24.245710372924805 7.04403018951416 80.02786254882812
v -25.4921817779541 7.406163215637207 87.98594665527344
v -27.521177291870117 7.995641708374023 95.96435546875
v -30.176198959350586 8.766995429992676 103.95903778076172
v -33.30073547363281 9.674757957458496 111.9659194946289
v -40.33233642578125 11.717626571655273 128
v -48.410987854003906 12.429829597473145 8.287424087524414
v -47.954742431640625 12.312685012817383 12.395295143127441
v -47.166629791259766 12.110332489013672 16.475318908691406
v -44.7910270690918 11.500381469726562 24.561986923217773
v -41.67660903930664 10.700735092163086 32.56775665283203
v -34.801055908203125 8.935392379760742 48.41793441772461
v -31.82477569580078 8.171213150024414 56.30299758911133
v -29.67939567565918 7.620373249053955 64.18848419189453
v -29.04092788696289 7.456442832946777 68.13774871826172
v -28.743947982788086 7.380191802978516 72.09416961669922
v -28.775836944580078 7.388379096984863 76.05770874023438
v -29.113101959228516 7.474974155426025 80.02786254882812
v -30.609804153442383 7.859261512756348 87.98594665527344
v -33.04612731933594 8.484803199768066 95.96435546875
v -36.23414993286133 9.303348541259766 103.95903778076172
v -39.98594284057617 10.266645431518555 111.9659194946289
v -48.42915725708008 12.434494972229004 128
v -48.42915725708008 12.434494972229004 0
v -40.98850631713867 9.162015914916992 0
v -40.97312545776367 9.158578872680664 8.287424087524414
v -40.586978912353516 9.072264671325684 12.395295143127441
v -39.91994857788086 8.923166275024414 16.475318908691406
v -37.90933609008789 8.473740577697754 24.561986923217773
v -35.27341842651367 7.884543418884277 32.56775665283203
v -29.4542236328125 6.583799362182617 48.41793441772461
v -26.935218811035156 6.020734786987305 56.30299758911133
v -25.11945343017578 5.614863395690918 64.18848419189453
v -24.57908058166504 5.494075298309326 68.13774871826172
v -24.354719161987305 5.443924427032471 76.05770874023438
v -24.327728271484375 5.437891960144043 72.09416961669922
v -24.640167236328125 5.507730007171631 80.02786254882812
v -25.90691566467285 5.790881633758545 87.98594665527344
v -27.968923568725586 6.251794815063477 95.96435546875
v -30.66713523864746 6.854917049407959 103.95903778076172
v -33.842506408691406 7.564696311950684 111.9659194946289
v -40.98850631713867 9.162015914916992 128
v -49.09593963623047 9.365550994873047 8.287424087524414
v -48.633235931396484 9.2772855758667 12.395295143127441
v -47.8339729309082 9.124817848205566 16.475318908691406
v -45.42475891113281 8.66523551940918 24.561986923217773
v -42.26628112792969 8.062724113464355 32.56775665283203
v -35.29344177246094 6.732583999633789 48.41793441772461
v -32.27505111694336 6.156795024871826 56.30299758911133
v -30.09931755065918 5.741751670837402 64.18848419189453
v -29.451814651489258 5.618234157562256 68.13774871826172
v -29.150634765625 5.560781002044678 72.09416961669922
v -29.182973861694336 5.566949844360352 76.05770874023438
v -29.52501106262207 5.632197380065918 80.02786254882812
v -31.042890548706055 5.921748161315918 87.98594665527344
v -33.5136833190918 6.393077373504639 95.96435546875
v -36.74681091308594 7.009829521179199 103.95903778076172
v -40.55168914794922 7.7356486320495605 111.9659194946289
v -49.11436080932617 9.36906623840332 128
v -49.11436080932617 9.36906623840332 0
v -41.48291015625 6.570247650146484 0
v -41.467350006103516 6.567782878875732 8.287424087524414
v -41.076541900634766 6.505885124206543 12.395295143127441
v -40.40147018432617 6.3989644050598145 16.475318908691406
v -38.366600036621094 6.076672554016113 24.561986923217773
v -35.698890686035156 5.654148578643799 32.56775665283203
v -29.80950355529785 4.72136116027832 48.41793441772461
v -27.26011085510254 4.317577362060547 56.30299758911133
v -25.422447204589844 4.026520252227783 64.18848419189453
v -24.87555503845215 3.939901113510132 68.13774871826172
v -24.648487091064453 3.9039368629455566 76.05770874023438
v -24.621171951293945 3.8996105194091797 72.09416961669922
v -24.9373779296875 3.949692487716675 80.02786254882812
v -26.219406127929688 4.152745723724365 87.98594665527344
v -28.306285858154297 4.483274936676025 95.96435546875
v -31.037046432495117 4.91578483581543 103.95903778076172
v -34.25071716308594 5.42478084564209 111.9659194946289
v -41.48291015625 6.570247650146484 128
v -49.587127685546875 6.264310836791992 8.287424087524414
v -49.11979293823242 6.205272674560547 12.395295143127441
v -48.31253433227539 6.103292465209961 16.475318908691406
v -45.87921905517578 5.79589319229126 24.561986923217773
v -42.68913650512695 5.392892360687256 32.56775665283203
v -35.646541595458984 4.503205299377441 48.41793441772461
v -32.59794998168945 4.118078708648682 56.30299758911133
v -30.400449752807617 3.8404700756073 64.18848419189453
v -29.746471405029297 3.7578532695770264 68.13774871826172
v -29.442276000976562 3.7194244861602783 72.09416961669922
v -29.474939346313477 3.723550796508789 76.05770874023438
v -29.82040023803711 3.7671926021575928 80.02786254882812
v -31.35346221923828 3.9608635902404785 87.98594665527344
v -33.84897994995117 4.276120185852051 95.96435546875
v -37.11445236206055 4.688645839691162 103.95903778076172
v -40.957393646240234 5.174122333526611 111.9659194946289
v -49.605735778808594 6.266661643981934 128
v -49.605735778808594 6.266661643981934 0
v -41.813602447509766 3.9525492191314697 0
v -41.797916412353516 3.951066732406616 8.287424087524414
v -41.403995513916016 3.9138295650482178 12.395295143127441
v -40.723541259765625 3.849508047103882 16.475318908691406
v -38.67245101928711 3.655622959136963 24.561986923217773
v -35.98347473144531 3.401439666748047 32.56775665283203
v -30.047138214111328 2.8402907848358154 48.41793441772461
v -27.4774227142334 2.597381114959717 56.30299758911133
v -25.62510871887207 2.422286033630371 64.18848419189453
v -25.0738582611084 2.3701772689819336 68.13774871826172
v -24.84497833251953 2.3485419750213623 76.05770874023438
v -24.817445755004883 2.3459393978118896 72.09416961669922
v -25.136173248291016 2.376067876815796 80.02786254882812
v -26.428421020507812 2.4982213973999023 87.98594665527344
v -28.531936645507812 2.6970620155334473 95.96435546875
v -31.284465789794922 2.9572527408599854 103.95903778076172
v -34.52375411987305 3.263455867767334 111.9659194946289
v -41.813602447509766 3.9525492191314697 128
v -49.88261795043945 3.138348340988159 8.287424087524414
v -49.412498474121094 3.1087710857391357 12.395295143127441
v -48.600433349609375 3.0576798915863037 16.475318908691406
v -46.15261459350586 2.9036762714385986 24.561986923217773
v -42.94352340698242 2.701777458190918 32.56775665283203
v -35.85895919799805 2.256054401397705 48.41793441772461
v -32.79220199584961 2.0631103515625 56.30299758911133
v -30.581605911254883 1.9240316152572632 64.18848419189453
v -29.923730850219727 1.8826415538787842 68.13774871826172
v -29.61772346496582 1.863389253616333 72.09416961669922
v -29.65058135986328 1.865456461906433 76.05770874023438
v -29.99810028076172 1.8873205184936523 80.02786254882812
v -31.540300369262695 1.9843473434448242 87.98594665527344
v -34.05068588256836 2.142287492752075 95.96435546875
v -37.33561706542969 2.3489577770233154 103.95903778076172
v -41.20146179199219 2.5921761989593506 111.9659194946289
v -49.901336669921875 3.139525890350342 128
v -49.901336669921875 3.139525890350342 0
v -41.97927474975586 1.3192518949508667 0
v -41.96352767944336 1.3187569379806519 8.287424087524414
v -41.56804275512695 1.3063284158706665 12.395295143127441
v -40.884891510009766 1.2848596572875977 16.475318908691406
v -38.825679779052734 1.2201460599899292 24.561986923217773
v -36.12604904174805 1.1353068351745605 32.56775665283203
v -30.166189193725586 0.9480106234550476 48.41793441772461
v -27.586294174194336 0.8669341802597046 56.30299758911133
v -25.726640701293945 0.8084922432899475 64.18848419189453
v -25.17320442199707 0.7910997867584229 68.13774871826172
v -24.943418502807617 0.78387850522995 76.05770874023438
v -24.9157772064209 0.7830098867416382 72.09416961669922
v -25.235767364501953 0.7930659055709839 80.02786254882812
v -26.53313636779785 0.8338373899459839 87.98594665527344
v -28.64498519897461 0.9002049565315247 95.96435546875
v -31.408422470092773 0.987049400806427 103.95903778076172
v -34.660545349121094 1.0892515182495117 111.9659194946289
v -41.97927474975586 1.3192518949508667 128
v -49.98124313354492 1.6074271294986946e-14 8.287424087524414
v -49.510196685791016 1.592279300489767e-14 12.395295143127441
v -48.6965217590332 1.5661132669029555e-14 16.475318908691406
v -46.243865966796875 1.487240946986424e-14 24.561986923217773
v -43.0284309387207 1.383839230543766e-14 32.56775665283203
v -35.92985916137695 1.1555640206653214e-14 48.41793441772461
v -32.85703659057617 1.0567485641155717e-14 56.30299758911133
v -30.642072677612305 9.85519869515063e-15 64.18848419189453
v -29.982894897460938 9.643221076803717e-15 68.13774871826172
v -29.67628288269043 9.544620512512685e-15 72.09416961669922
v -29.70920753479004 9.555208424353364e-15 76.05770874023438
v -30.057411193847656 9.66718363888154e-15 80.02786254882812
v -31.602659225463867 1.0164103140684801e-14 87.98594665527344
v -34.11800765991211 1.0972986571027715e-14 95.96435546875
v -37.4094352722168 1.203144148301553e-14 103.95903778076172
v -41.28292465209961 1.3277074582720549e-14 111.9659194946289
v -50 1.5829351718288365e-14 128
v -50 1.5829351718288365e-14 0
v -41.97927474975586 -1.3192518949508667 0
v -41.96352767944336 -1.3187569379806519 8.287424087524414
v -41.56804275512695 -1.3063284158706665 12.395295143127441
v -40.884891510009766 -1.2848596572875977 16.475318908691406
v -38.825679779052734 -1.2201460599899292 24.561986923217773
v -36.12604904174805 -1.1353068351745605 32.56775665283203
v -30.166189193725586 -0.9480106234550476 48.41793441772461
v -27.586294174194336 -0.8669341802597046 56.30299758911133
v -25.726640701293945 -0.8084922432899475 64.18848419189453
v -25.17320442199707 -0.7910997867584229 68.13774871826172
v -24.943418502807617 -0.78387850522995 76.05770874023438
v -24.9157772064209 -0.7830098867416382 72.09416961669922
v -25.235767364501953 -0.7930659055709839 80.02786254882812
v -26.53313636779785 -0.8338373899459839 87.98594665527344
v -28.64498519897461 -0.9002049565315247 95.96435546875
v -31.408422470092773 -0.987049400806427 103.95903778076172
v -34.660545349121094 -1.0892515182495117 111.9659194946289
v -41.97927474975586 -1.3192518949508667 128
v -49.88261795043945 -3.138348340988159 8.287424087524414
v -49.412498474121094 -3.1087710857391357 12.395295143127441
v -48.600433349609375 -3.0576798915863037 16.475318908691406
v -46.15261459350586 -2.9036762714385986 24.561986923217773
v -42.94352340698242 -2.701777458190918 32.56775665283203
v -35.85895919799805 -2.256054401397705 48.41793441772461
v -32.79220199584961 -2.0631103515625 56.30299758911133
v -30.581605911254883 -1.9240316152572632 64.18848419189453
v -29.923730850219727 -1.8826415538787842 68.13774871826172
v -29.61772346496582 -1.863389253616333 72.09416961669922
v -29.65058135986328 -1.865456461906433 76.05770874023438
v -29.99810028076172 -1.8873205184936523 80.02786254882812
v -31.540300369262695 -1.9843473434448242 87.98594665527344
v -34.05068588256836 -2.142287492752075 95.96435546875
v -37.33561706542969 -2.3489577770233154 103.95903778076172
v -41.20146179199219 -2.5921761989593506 111.9659194946289
v -49.901336669921875 -3.139525890350342 128
v -49.901336669921875 -3.139525890350342 0
v -41.813602447509766 -3.9525492191314697 0
v -41.797916412353516 -3.951066732406616 8.287424087524414
v -41.403995513916016 -3.9138295650482178 12.395295143127441
v -40.723541259765625 -3.849508047103882 16.475318908691406
v -38.67245101928711 -3.655622959136963 24.561986923217773
v -35.98347473144531 -3.401439666748047 32.56775665283203
v -30.047138214111328 -2.8402907848358154 48.41793441772461
v -27.4774227142334 -2.597381114959717 56.30299758911133
v -25.62510871887207 -2.422286033630371 64.18848419189453
v -25.0738582611084 -2.3701772689819336 68.13774871826172
v -24.84497833251953 -2.3485419750213623 76.05770874023438
v -24.817445755004883 -2.3459393978118896 72.09416961669922
v -25.136173248291016 -2.376067876815796 80.02786254882812
v -26.428421020507812 -2.4982213973999023 87.98594665527344
v -28.531936645507812 -2.6970620155334473 95.96435546875
v -31.284465789794922 -2.9572527408599854 103.95903778076172
v -34.52375411987305 -3.263455867767334 111.9659194946289
v -41.813602447509766 -3.9525492191314697 128
v -49.587127685546875 -6.264310836791992 8.287424087524414
v -49.11979293823242 -6.205272674560547 12.395295143127441
v -48.31253433227539 -6.103292465209961 16.475318908691406
v -45.87921905517578 -5.79589319229126 24.561986923217773
v -42.68913650512695 -5.392892360687256 32.56775665283203
v -35.646541595458984 -4.503205299377441 48.41793441772461
v -32.59794998168945 -4.118078708648682 56.30299758911133
v -30.400449752807617 -3.8404700756073 64.18848419189453
v -29.746471405029297 -3.7578532695770264 68.13774871826172
v -29.442276000976562 -3.7194244861602783 72.09416961669922
v -29.474939346313477 -3.723550796508789 76.05770874023438
v -29.82040023803711 -3.7671926021575928 80.02786254882812
v -31.35346221923828 -3.9608635902404785 87.98594665527344
v -33.84897994995117 -4.276120185852051 95.96435546875
v -37.11445236206055 -4.688645839691162 103.95903778076172
v -40.957393646240234 -5.174122333526611 111.9659194946289
v -49.605735778808594 -6.266661643981934 128
v -49.605735778808594 -6.266661643981934 0
v -41.48291015625 -6.570247650146484 0
v -41.467350006103516 -6.567782878875732 8.287424087524414
v -41.076541900634766 -6.505885124206543 12.395295143127441
v -40.40147018432617 -6.3989644050598145 16.475318908691406
v -38.366600036621094 -6.076672554016113 24.561986923217773
v -35.698890686035156 -5.654148578643799 32.56775665283203
v -29.80950355529785 -4.72136116027832 48.41793441772461
v -27.26011085510254 -4.317577362060547 56.30299758911133
v -25.422447204589844 -4.026520252227783 64.18848419189453
v -24.87555503845215 -3.939901113510132 68.13774871826172
v -24.648487091064453 -3.9039368629455566 76.05770874023438
v -24.621171951293945 -3.8996105194091797 72.09416961669922
v -24.9373779296875 -3.949692487716675 80.02786254882812
v -26.219406127929688 -4.152745723724365 87.98594665527344
v -28.306285858154297 -4.483274936676025 95.96435546875
v -31.037046432495117 -4.91578483581543 103.95903778076172
v -34.25071716308594 -5.42478084564209 111.9659194946289
v -41.48291015625 -6.570247650146484 128
v -49.09593963623047 -9.365550994873047 8.287424087524414
v -48.633235931396484 -9.2772855758667 12.395295143127441
v -47.8339729309082 -9.124817848205566 16.475318908691406
v -45.42475891113281 -8.66523551940918 24.561986923217773
v -42.26628112792969 -8.062724113464355 32.56775665283203
v -35.29344177246094 -6.732583999633789 48.41793441772461
v -32.27505111694336 -6.156795024871826 56.30299758911133
v -30.09931755065918 -5.741751670837402 64.18848419189453
v -29.451814651489258 -5.618234157562256 68.13774871826172
v -29.150634765625 -5.560781002044678 72.09416961669922
v -29.182973861694336 -5.566949844360352 76.05770874023438
v -29.52501106262207 -5.632197380065918 80.02786254882812
v -31.042890548706055 -5.921748161315918 87.98594665527344
v -33.5136833190918 -6.393077373504639 95.96435546875
v -36.74681091308594 -7.009829521179199 103.95903778076172
v -40.55168914794922 -7.7356486320495605 111.9659194946289
v -49.11436080932617 -9.36906623840332 128
v -49.11436080932617 -9.36906623840332 0
v -40.98850631713867 -9.162015914916992 0
v -40.97312545776367 -9.158578872680664 8.287424087524414
v -40.586978912353516 -9.072264671325684 12.395295143127441
v -39.91994857788086 -8.923166275024414 16.475318908691406
v -37.90933609008789 -8.473740577697754 24.561986923217773
v -35.27341842651367 -7.884543418884277 32.56775665283203
v -29.4542236328125 -6.583799362182617 48.41793441772461
v -26.935218811035156 -6.020734786987305 56.30299758911133
v -25.11945343017578 -5.614863395690918 64.18848419189453
v -24.57908058166504 -5.494075298309326 68.13774871826172
v -24.354719161987305 -5.443924427032471 76.05770874023438
v -24.327728271484375 -5.437891960144043 72.09416961669922
v -24.640167236328125 -5.507730007171631 80.02786254882812
v -25.90691566467285 -5.790881633758545 87.98594665527344
v -27.968923568725586 -6.251794815063477 95.96435546875
v -30.66713523864746 -6.854917049407959 103.95903778076172
v -33.842506408691406 -7.564696311950684 111.9659194946289
v -40.98850631713867 -9.162015914916992 128
v -48.410987854003906 -12.429829597473145 8.287424087524414
v -47.954742431640625 -12.312685012817383 12.395295143127441
v -47.166629791259766 -12.110332489013672 16.475318908691406
v -44.7910270690918 -11.500381469726562 24.561986923217773
v -41.67660903930664 -10.700735092163086 32.56775665283203
v -34.801055908203125 -8.935392379760742 48.41793441772461
v -31.82477569580078 -8.171213150024414 56.30299758911133
v -29.67939567565918 -7.620373249053955 64.18848419189453
v -29.04092788696289 -7.456442832946777 68.13774871826172
v -28.743947982788086 -7.380191802978516 72.09416961669922
v -28.775836944580078 -7.388379096984863 76.05770874023438
v -29.113101959228516 -7.474974155426025 80.02786254882812
v -30.609804153442383 -7.859261512756348 87.98594665527344
v -33.04612731933594 -8.484803199768066 95.96435546875
v -36.23414993286133 -9.303348541259766 103.95903778076172
v -39.98594284057617 -10.266645431518555 111.9659194946289
v -48.42915725708008 -12.434494972229004 128
v -48.42915725708008 -12.434494972229004 0
v -40.33233642578125 -11.717626571655273 0
v -40.317203521728516 -11.713231086730957 8.287424087524414
v -39.93723678588867 -11.602839469909668 12.395295143127441
v -39.280887603759766 -11.412153244018555 16.475318908691406
v -37.302459716796875 -10.837367057800293 24.561986923217773
v -34.708740234375 -10.083821296691895 32.56775665283203
v -28.982702255249023 -8.420252799987793 48.41793441772461
v -26.50402069091797 -7.700129985809326 56.30299758911133
v -24.71732521057129 -7.181046962738037 64.18848419189453
v -24.185604095458984 -7.026566982269287 68.13774871826172
v -23.964834213256836 -6.962427616119385 76.05770874023438
v -23.938276290893555 -6.9547119140625 72.09416961669922
v -24.245710372924805 -7.04403018951416 80.02786254882812
v -25.4921817779541 -7.406163215637207 87.98594665527344
v -27.521177291870117 -7.995641708374023 95.96435546875
v -30.176198959350586 -8.766995429992676 103.95903778076172
v -33.30073547363281 -9.674757957458496 111.9659194946289
v -40.33233642578125 -11.717626571655273 128
v -47.53498840332031 -15.445053100585938 8.287424087524414
v -47.08699417114258 -15.299492835998535 12.395295143127441
v -46.31314468383789 -15.048052787780762 16.475318908691406
v -43.980525970458984 -14.290140151977539 24.561986923217773
v -40.92246627807617 -13.296515464782715 32.56775665283203
v -34.171329498291016 -11.102936744689941 48.41793441772461
v -31.2489013671875 -10.153383255004883 56.30299758911133
v -29.14234161376953 -9.468921661376953 64.18848419189453
v -28.51542854309082 -9.26522445678711 68.13774871826172
v -28.22382164001465 -9.170475006103516 72.09416961669922
v -28.25513458251953 -9.180648803710938 76.05770874023438
v -28.58629608154297 -9.288251876831055 80.02786254882812
v -30.05591583251953 -9.765759468078613 87.98594665527344
v -32.44815444946289 -10.543045043945312 95.96435546875
v -35.5784912109375 -11.560151100158691 103.95903778076172
v -39.262393951416016 -12.757124900817871 111.9659194946289
v -47.552825927734375 -15.450850486755371 128
v -47.552825927734375 -15.450850486755371 0
v -39.51699447631836 -14.2269926071167 0
v -39.50217056274414 -14.221654891967773 8.287424087524414
v -39.1298828125 -14.087623596191406 12.395295143127441
v -38.48680114746094 -13.856101036071777 16.475318908691406
v -36.548370361328125 -13.158222198486328 24.561986923217773
v -34.007083892822266 -12.243303298950195 32.56775665283203
v -28.396799087524414 -10.223477363586426 48.41793441772461
v -25.96822738647461 -9.349136352539062 56.30299758911133
v -24.217649459838867 -8.718891143798828 64.18848419189453
v -23.69667625427246 -8.531328201293945 68.13774871826172
v -23.480369567871094 -8.453453063964844 76.05770874023438
v -23.454349517822266 -8.444086074829102 72.09416961669922
v -23.755571365356445 -8.552531242370605 80.02786254882812
v -24.976842880249023 -8.992216110229492 87.98594665527344
v -26.964820861816406 -9.70793342590332 95.96435546875
v -29.56616973876953 -10.644474983215332 103.95903778076172
v -32.627540588378906 -11.746637344360352 111.9659194946289
v -39.51699447631836 -14.2269926071167 128
v -46.47138214111328 -18.399322509765625 8.287424087524414
v -46.033416748046875 -18.225919723510742 12.395295143127441
v -45.276878356933594 -17.9263858795166 16.475318908691406
v -42.9964599609375 -17.023502349853516 24.561986923217773
v -40.0068244934082 -15.839820861816406 32.56775665283203
v -33.40673828125 -13.226662635803223 48.41793441772461
v -30.549701690673828 -12.09548282623291 56.30299758911133
v -28.490278244018555 -11.280098915100098 64.18848419189453
v -27.877389907836914 -11.037440299987793 68.13774871826172
v -27.592309951782227 -10.924568176269531 72.09416961669922
v -27.622920989990234 -10.936688423156738 76.05770874023438
v -27.946674346923828 -11.064870834350586 80.02786254882812
v -29.38340950012207 -11.63371467590332 87.98594665527344
v -31.72212028503418 -12.559676170349121 95.96435546875
v -34.782413482666016 -13.771331787109375 103.95903778076172
v -38.38389205932617 -15.197257041931152 111.9659194946289
v -46.488826751708984 -18.406227111816406 128
v -46.488826751708984 -18.406227111816406 0
v -38.545692443847656 -16.68021011352539 0
v -38.53123474121094 -16.673954010009766 8.287424087524414
v -38.16809844970703 -16.516809463500977 12.395295143127441
v -37.54082489013672 -16.245365142822266 16.475318908691406
v -35.6500358581543 -15.427148818969727 24.561986923217773
v -33.17121505737305 -14.354466438293457 32.56775665283203
v -27.698827743530273 -11.986352920532227 48.41793441772461
v -25.32994842529297 -10.961246490478516 56.30299758911133
v -23.622398376464844 -10.222325325012207 64.18848419189453
v -23.11423110961914 -10.002420425415039 68.13774871826172
v -22.903240203857422 -9.911117553710938 76.05770874023438
v -22.877859115600586 -9.90013313293457 72.09416961669922
v -23.171676635742188 -10.027278900146484 80.02786254882812
v -24.36292839050293 -10.542780876159668 87.98594665527344
v -26.302045822143555 -11.381912231445312 95.96435546875
v -28.839454650878906 -12.47994613647461 103.95903778076172
v -31.825580596923828 -13.772157669067383 111.9659194946289
v -38.545692443847656 -16.68021011352539 128
v -45.22438049316406 -21.280977249145508 8.287424087524414
v -44.79816436767578 -21.080415725708008 12.395295143127441
v -44.061927795410156 -20.733970642089844 16.475318908691406
v -41.84269714355469 -19.689678192138672 24.561986923217773
v -38.93328857421875 -18.320613861083984 32.56775665283203
v -32.51030731201172 -15.298189163208008 48.41793441772461
v -29.729938507080078 -13.989846229553223 56.30299758911133
v -27.72577476501465 -13.046760559082031 64.18848419189453
v -27.129335403442383 -12.766096115112305 68.13774871826172
v -26.851903915405273 -12.635546684265137 72.09416961669922
v -26.88169288635254 -12.649564743041992 76.05770874023438
v -27.196760177612305 -12.797822952270508 80.02786254882812
v -28.594940185546875 -13.455758094787598 87.98594665527344
v -30.870895385742188 -14.526741981506348 95.96435546875
v -33.84906768798828 -15.928162574768066 103.95903778076172
v -37.35390853881836 -17.57741355895996 111.9659194946289
v -45.24135208129883 -21.288965225219727 128
v -45.24135208129883 -21.288965225219727 0
v -37.422271728515625 -19.06760025024414 0
v -37.40823745727539 -19.060447692871094 8.287424087524414
v -37.05568313598633 -18.880813598632812 12.395295143127441
v -36.44668960571289 -18.57051658630371 16.475318908691406
v -34.61101150512695 -17.635190963745117 24.561986923217773
v -32.20443344116211 -16.408977508544922 32.56775665283203
v -26.89154052734375 -13.701924324035645 48.41793441772461
v -24.59170150756836 -12.530097961425781 56.30299758911133
v -22.93391990661621 -11.685416221618652 64.18848419189453
v -22.440561294555664 -11.434037208557129 68.13774871826172
v -22.235721588134766 -11.329666137695312 76.05770874023438
v -22.21108055114746 -11.317111015319824 72.09416961669922
v -22.496334075927734 -11.462454795837402 80.02786254882812
v -23.652868270874023 -12.051737785339355 87.98594665527344
v -25.53546714782715 -13.010971069335938 95.96435546875
v -27.99892234802246 -14.26616382598877 103.95903778076172
v -30.89801788330078 -15.743326187133789 111.9659194946289
v -37.422271728515625 -19.06760025024414 128
v -43.79889678955078 -24.07864761352539 8.287424087524414
v -43.38611602783203 -23.85171890258789 12.395295143127441
v -42.67308807373047 -23.459728240966797 16.475318908691406
v -40.523807525634766 -22.278152465820312 24.561986923217773
v -37.70610046386719 -20.72910499572754 32.56775665283203
v -31.485576629638672 -17.309341430664062 48.41793441772461
v -28.792842864990234 -15.828998565673828 56.30299758911133
v -26.851852416992188 -14.761930465698242 64.18848419189453
v -26.274211883544922 -14.44437026977539 68.13774871826172
v -26.005525588989258 -14.296658515930176 72.09416961669922
v -26.03437614440918 -14.312519073486328 76.05770874023438
v -26.339509963989258 -14.480268478393555 80.02786254882812
v -27.693622589111328 -15.22469711303711 87.98594665527344
v -29.897838592529297 -16.43647575378418 95.96435546875
v -32.78213882446289 -18.022132873535156 103.95903778076172
v -36.1765022277832 -19.888200759887695 111.9659194946289
v -43.81533432006836 -24.087684631347656 128
v -43.81533432006836 -24.087684631347656 0
v -36.15116500854492 -21.37973976135254 0
v -36.137603759765625 -21.371719360351562 8.287424087524414
v -35.797027587890625 -21.17030143737793 12.395295143127441
v -35.20872116088867 -20.82238006591797 16.475318908691406
v -33.435394287109375 -19.773635864257812 24.561986923217773
v -31.110557556152344 -18.398731231689453 32.56775665283203
v -25.978126525878906 -15.363420486450195 48.41793441772461
v -23.756404876708984 -14.049498558044434 56.30299758911133
v -22.154932022094727 -13.10239028930664 64.18848419189453
v -21.67833137512207 -12.82052993774414 68.13774871826172
v -21.48044776916504 -12.70350170135498 76.05770874023438
v -21.45664405822754 -12.689423561096191 72.09416961669922
v -21.732210159301758 -12.852392196655273 80.02786254882812
v -22.849458694458008 -13.51313304901123 87.98594665527344
v -24.668113708496094 -14.588682174682617 95.96435546875
v -27.047895431518555 -15.996079444885254 103.95903778076172
v -29.8485164642334 -17.652362823486328 111.9659194946289
v -36.15116500854492 -21.37973976135254 128
v -42.200557708740234 -26.781288146972656 8.287424087524414
v -41.80284118652344 -26.528888702392578 12.395295143127441
v -41.1158332824707 -26.0929012298584 16.475318908691406
v -39.044986724853516 -24.778701782226562 24.561986923217773
v -36.33010482788086 -23.0557861328125 32.56775665283203
v -30.33658218383789 -19.252182006835938 48.41793441772461
v -27.742115020751953 -17.605680465698242 56.30299758911133
v -25.87195587158203 -16.418842315673828 64.18848419189453
v -25.315397262573242 -16.065637588500977 68.13774871826172
v -25.056514739990234 -15.901347160339355 72.09416961669922
v -25.084312438964844 -15.918989181518555 76.05770874023438
v -25.378311157226562 -16.105566024780273 80.02786254882812
v -26.683008193969727 -16.933551788330078 87.98594665527344
v -28.806787490844727 -18.281341552734375 95.96435546875
v -31.585830688476562 -20.044979095458984 103.95903778076172
v -34.856327056884766 -22.12049674987793 111.9659194946289
v -42.21639633178711 -26.791339874267578 128
v -42.21639633178711 -26.791339874267578 0
v -34.73738479614258 -23.607501983642578 0
v -34.7243537902832 -23.59864616394043 8.287424087524414
v -34.3970947265625 -23.37624168395996 12.395295143127441
v -33.83179473876953 -22.9920654296875 16.475318908691406
v -32.12781524658203 -21.834041595458984 24.561986923217773
v -29.893901824951172 -20.315874099731445 32.56775665283203
v -24.962186813354492 -16.964284896850586 48.41793441772461
v -22.827350616455078 -15.51345157623291 56.30299758911133
v -21.288509368896484 -14.467656135559082 64.18848419189453
v -20.830547332763672 -14.156425476074219 68.13774871826172
v -20.640403747558594 -14.027202606201172 76.05770874023438
v -20.617528915405273 -14.01165771484375 72.09416961669922
v -20.8823184967041 -14.191607475280762 80.02786254882812
v -21.955873489379883 -14.921196937561035 87.98594665527344
v -23.703407287597656 -16.10881805419922 95.96435546875
v -25.99011993408203 -17.662866592407227 103.95903778076172
v -28.681215286254883 -19.49173355102539 111.9659194946289
v -34.73738479614258 -23.607501983642578 128
v -40.43567657470703 -29.378236770629883 8.287424087524414
v -40.054588317871094 -29.101364135742188 12.395295143127441
v -39.39631271362305 -28.623096466064453 16.475318908691406
v -37.41207504272461 -27.181461334228516 24.561986923217773
v -34.81072998046875 -25.29147720336914 32.56775665283203
v -29.067867279052734 -21.119041442871094 48.41793441772461
v -26.58190155029297 -19.312883377075195 56.30299758911133
v -24.78995704650879 -18.010957717895508 64.18848419189453
v -24.256671905517578 -17.623502731323242 68.13774871826172
v -24.008617401123047 -17.443283081054688 72.09416961669922
v -24.035253524780273 -17.46263313293457 76.05770874023438
v -24.316957473754883 -17.66730308532715 80.02786254882812
v -25.567089080810547 -18.575576782226562 87.98594665527344
v -27.602048873901367 -20.054061889648438 95.96435546875
v -30.264869689941406 -21.98871421813965 103.95903778076172
v -33.39858627319336 -24.265493392944336 111.9659194946289
v -40.45084762573242 -29.389263153076172 128
v -40.45084762573242 -29.389263153076172 0
v -33.1865119934082 -25.742095947265625 0
v -33.1740608215332 -25.732439041137695 8.287424087524414
v -32.861412048339844 -25.489925384521484 12.395295143127441
v -32.321353912353516 -25.07101058959961 16.475318908691406
v -30.693449020385742 -23.80828094482422 24.561986923217773
v -28.559268951416016 -22.15283966064453 32.56775665283203
v -23.847732543945312 -18.498197555541992 48.41793441772461
v -21.808208465576172 -16.916181564331055 56.30299758911133
v -20.338069915771484 -15.775823593139648 64.18848419189453
v -19.90055274963379 -15.43645191192627 68.13774871826172
v -19.71889877319336 -15.295544624328613 76.05770874023438
v -19.697046279907227 -15.278594970703125 72.09416961669922
v -19.95001220703125 -15.47481632232666 80.02786254882812
v -20.97563934326172 -16.270374298095703 87.98594665527344
v -22.645153045654297 -17.565380096435547 95.96435546875
v -24.82977294921875 -19.259946823120117 103.95903778076172
v -27.400724411010742 -21.254180908203125 111.9659194946289
v -33.1865119934082 -25.742095947265625 128
v -38.511207580566406 -31.85924530029297 8.287424087524414
v -38.14826202392578 -31.55898666381836 12.395295143127441
v -37.52131271362305 -31.04033088684082 16.475318908691406
v -35.63151168823242 -29.476947784423828 24.561986923217773
v -33.15397262573242 -27.427352905273438 32.56775665283203
v -27.684431076049805 -22.90255355834961 48.41793441772461
v -25.316783905029297 -20.943864822387695 56.30299758911133
v -23.610122680664062 -19.531991958618164 64.18848419189453
v -23.102218627929688 -19.11181640625 68.13774871826172
v -22.865970611572266 -18.91637420654297 72.09416961669922
v -22.89133644104004 -18.937360763549805 76.05770874023438
v -23.15963363647461 -19.15931510925293 80.02786254882812
v -24.350269317626953 -20.1442928314209 87.98594665527344
v -26.28837776184082 -21.747636795043945 95.96435546875
v -28.824464797973633 -23.845672607421875 103.95903778076172
v -31.809040069580078 -26.314725875854492 111.9659194946289
v -38.52566146850586 -31.871200561523438 128
v -38.52566146850586 -31.871200561523438 0
v -31.50466537475586 -27.775096893310547 0
v -31.492847442626953 -27.764678955078125 8.287424087524414
v -31.196043014526367 -27.50301170349121 12.395295143127441
v -30.683351516723633 -27.05101203918457 16.475318908691406
v -29.137948989868164 -25.688556671142578 24.561986923217773
v -27.11192512512207 -23.902376174926758 32.56775665283203
v -22.639162063598633 -19.9591064453125 48.41793441772461
v -20.702999114990234 -18.25214958190918 56.30299758911133
v -19.307363510131836 -17.021730422973633 64.18848419189453
v -18.89202117919922 -16.65555763244629 68.13774871826172
v -18.719572067260742 -16.503522872924805 76.05770874023438
v -18.69882583618164 -16.485233306884766 72.09416961669922
v -18.938974380493164 -16.696950912475586 80.02786254882812
v -19.91262435913086 -17.555339813232422 87.98594665527344
v -21.497528076171875 -18.952621459960938 95.96435546875
v -23.571435928344727 -20.781015396118164 103.95903778076172
v -26.012094497680664 -22.9327449798584 111.9659194946289
v -31.50466537475586 -27.775096893310547 128
v -36.434757232666016 -34.214515686035156 8.287424087524414
v -36.09138107299805 -33.89206314086914 12.395295143127441
v -35.498233795166016 -33.33506393432617 16.475318908691406
v -33.7103271484375 -31.656105041503906 24.561986923217773
v -31.366374969482422 -29.454986572265625 32.56775665283203
v -26.191740036010742 -24.59568214416504 48.41793441772461
v -23.951749801635742 -22.492191314697266 56.30299758911133
v -22.337108612060547 -20.975942611694336 64.18848419189453
v -21.85658836364746 -20.524703979492188 68.13774871826172
v -21.633079528808594 -20.3148136138916 72.09416961669922
v -21.657079696655273 -20.337350845336914 76.05770874023438
v -21.91090965270996 -20.575714111328125 80.02786254882812
v -23.0373477935791 -21.633508682250977 87.98594665527344
v -24.87095832824707 -23.355382919311523 95.96435546875
v -27.270305633544922 -25.6085205078125 103.95903778076172
v -30.093955993652344 -28.260107040405273 111.9659194946289
v -36.448429107666016 -34.22735595703125 128
v -36.448429107666016 -34.22735595703125 0
v -29.698486328125 -29.698486328125 0
v -29.68734359741211 -29.68734359741211 8.287424087524414
v -29.407556533813477 -29.407556533813477 12.395295143127441
v -28.924259185791016 -28.924259185791016 16.475318908691406
v -27.467453002929688 -27.467453002929688 24.561986923217773
v -25.55758285522461 -25.55758285522461 32.56775665283203
v -21.34124755859375 -21.34124755859375 48.41793441772461
v -19.516084671020508 -19.516084671020508 56.30299758911133
v -18.200462341308594 -18.200462341308594 64.18848419189453
v -17.808931350708008 -17.808931350708008 68.13774871826172
v -17.6463680267334 -17.6463680267334 76.05770874023438
v -17.626811981201172 -17.626811981201172 72.09416961669922
v -17.853191375732422 -17.853191375732422 80.02786254882812
v -18.77102279663086 -18.77102279663086 87.98594665527344
v -20.26506233215332 -20.26506233215332 95.96435546875
v -22.22007179260254 -22.22007179260254 103.95903778076172
v -24.52080535888672 -24.52080535888672 111.9659194946289
v -29.698486328125 -29.698486328125 128
v -34.214515686035156 -36.434757232666016 8.287424087524414
v -33.89206314086914 -36.09138107299805 12.395295143127441
v -33.33506393432617 -35.498233795166016 16.475318908691406
v -31.656105041503906 -33.7103271484375 24.561986923217773
v -29.454986572265625 -31.366374969482422 32.56775665283203
v -24.59568214416504 -26.191740036010742 48.41793441772461
v -22.492191314697266 -23.951749801635742 56.30299758911133
v -20.975942611694336 -22.337108612060547 64.18848419189453
v -20.524703979492188 -21.85658836364746 68.13774871826172
v -20.3148136138916 -21.633079528808594 72.09416961669922
v -20.337350845336914 -21.657079696655273 76.05770874023438
v -20.575714111328125 -21.91090965270996 80.02786254882812
v -21.633508682250977 -23.0373477935791 87.98594665527344
v -23.355382919311523 -24.87095832824707 95.96435546875
v -25.6085205078125 -27.270305633544922 103.95903778076172
v -28.260107040405273 -30.093955993652344 111.9659194946289
v -34.22735595703125 -36.448429107666016 128
v -34.22735595703125 -36.448429107666016 0
v -27.775096893310547 -31.50466537475586 0
v -27.764678955078125 -31.492847442626953 8.287424087524414
v -27.50301170349121 -31.196043014526367 12.395295143127441
v -27.05101203918457 -30.683351516723633 16.475318908691406
v -25.688556671142578 -29.137948989868164 24.561986923217773
v -23.902376174926758 -27.11192512512207 32.56775665283203
v -19.9591064453125 -22.639162063598633 48.41793441772461
v -18.25214958190918 -20.702999114990234 56.30299758911133
v -17.021730422973633 -19.307363510131836 64.18848419189453
v -16.65555763244629 -18.89202117919922 68.13774871826172
v -16.503522872924805 -18.719572067260742 76.05770874023438
v -16.485233306884766 -18.69882583618164 72.09416961669922
v -16.696950912475586 -18.938974380493164 80.02786254882812
v -17.555339813232422 -19.91262435913086 87.98594665527344
v -18.952621459960938 -21.497528076171875 95.96435546875
v -20.781015396118164 -23.571435928344727 103.95903778076172
v -22.9327449798584 -26.012094497680664 111.9659194946289
v -27.775096893310547 -31.50466537475586 128
v -31.85924530029297 -38.511207580566406 8.287424087524414
v -31.55898666381836 -38.14826202392578 12.395295143127441
v -31.04033088684082 -37.52131271362305 16.475318908691406
v -29.476947784423828 -35.63151168823242 24.561986923217773
v -27.427352905273438 -33.15397262573242 32.56775665283203
v -22.90255355834961 -27.684431076049805 48.41793441772461
v -20.943864822387695 -25.316783905029297 56.30299758911133
v -19.531991958618164 -23.610122680664062 64.18848419189453
v -19.11181640625 -23.102218627929688 68.13774871826172
v -18.91637420654297 -22.865970611572266 72.09416961669922
v -18.937360763549805 -22.89133644104004 76.05770874023438
v -19.15931510925293 -23.15963363647461 80.02786254882812
v -20.1442928314209 -24.350269317626953 87.98594665527344
v -21.747636795043945 -26.28837776184082 95.96435546875
v -23.845672607421875 -28.824464797973633 103.95903778076172
v -26.314725875854492 -31.809040069580078 111.9659194946289
v -31.871200561523438 -38.52566146850586 128
v -31.871200561523438 -38.52566146850586 0
v -25.742095947265625 -33.1865119934082 0
v -25.732439041137695 -33.1740608215332 8.287424087524414
v -25.489925384521484 -32.861412048339844 12.395295143127441
v -25.07101058959961 -32.321353912353516 16.475318908691406
v -23.80828094482422 -30.693449020385742 24.561986923217773
v -22.15283966064453 -28.559268951416016 32.56775665283203
v -18.498197555541992 -23.847732543945312 48.41793441772461
v -16.916181564331055 -21.808208465576172 56.30299758911133
v -15.775823593139648 -20.338069915771484 64.18848419189453
v -15.43645191192627 -19.90055274963379 68.13774871826172
v -15.295544624328613 -19.71889877319336 76.05770874023438
v -15.278594970703125 -19.697046279907227 72.09416961669922
v -15.47481632232666 -19.95001220703125 80.02786254882812
v -16.270374298095703 -20.97563934326172 87.98594665527344
v -17.565380096435547 -22.645153045654297 95.96435546875
v -19.259946823120117 -24.82977294921875 103.95903778076172
v -21.254180908203125 -27.400724411010742 111.9659194946289
v -25.742095947265625 -33.1865119934082 128
v -29.378236770629883 -40.43567657470703 8.287424087524414
v -29.101364135742188 -40.054588317871094 12.395295143127441
v -28.623096466064453 -39.39631271362305 16.475318908691406
v -27.181461334228516 -37.41207504272461 24.561986923217773
v -25.29147720336914 -34.81072998046875 32.56775665283203
v -21.119041442871094 -29.067867279052734 48.41793441772461
v -19.312883377075195 -26.58190155029297 56.30299758911133
v -18.010957717895508 -24.78995704650879 64.18848419189453
v -17.623502731323242 -24.256671905517578 68.13774871826172
v -17.443283081054688 -24.008617401123047 72.09416961669922
v -17.46263313293457 -24.035253524780273 76.05770874023438
v -17.66730308532715 -24.316957473754883 80.02786254882812
v -18.575576782226562 -25.567089080810547 87.98594665527344
v -20.054061889648438 -27.602048873901367 95.96435546875
v -21.98871421813965 -30.264869689941406 103.95903778076172
v -24.265493392944336 -33.39858627319336 111.9659194946289
v -29.389263153076172 -40.45084762573242 128
v -29.389263153076172 -40.45084762573242 0
v -23.607501983642578 -34.73738479614258 0
v -23.59864616394043 -34.7243537902832 8.287424087524414
v -23.37624168395996 -34.3970947265625 12.395295143127441
v -22.9920654296875 -33.83179473876953 16.475318908691406
v -21.834041595458984 -32.12781524658203 24.561986923217773
v -20.315874099731445 -29.893901824951172 32.56775665283203
v -16.964284896850586 -24.962186813354492 48.41793441772461
v -15.51345157623291 -22.827350616455078 56.30299758911133
v -14.467656135559082 -21.288509368896484 64.18848419189453
v -14.156425476074219 -20.830547332763672 68.13774871826172
v -14.027202606201172 -20.640403747558594 76.05770874023438
v -14.01165771484375 -20.617528915405273 72.09416961669922
v -14.191607475280762 -20.8823184967041 80.02786254882812
v -14.921196937561035 -21.955873489379883 87.98594665527344
v -16.10881805419922 -23.703407287597656 95.96435546875
v -17.662866592407227 -25.99011993408203 103.95903778076172
v -19.49173355102539 -28.681215286254883 111.9659194946289
v -23.607501983642578 -34.73738479614258 128
v -26.781288146972656 -42.200557708740234 8.287424087524414
v -26.528888702392578 -41.80284118652344 12.395295143127441
v -26.0929012298584 -41.1158332824707 16.475318908691406
v -24.778701782226562 -39.044986724853516 24.561986923217773
v -23.0557861328125 -36.33010482788086 32.56775665283203
v -19.252182006835938 -30.33658218383789 48.41793441772461
v -17.605680465698242 -27.742115020751953 56.30299758911133
v -16.418842315673828 -25.87195587158203 64.18848419189453
v -16.065637588500977 -25.315397262573242 68.13774871826172
v -15.901347160339355 -25.056514739990234 72.09416961669922
v -15.918989181518555 -25.084312438964844 76.05770874023438
v -16.105566024780273 -25.378311157226562 80.02786254882812
v -16.933551788330078 -26.683008193969727 87.98594665527344
v -18.281341552734375 -28.806787490844727 95.96435546875
v -20.044979095458984 -31.585830688476562 103.95903778076172
v -22.12049674987793 -34.856327056884766 111.9659194946289
v -26.791339874267578 -42.21639633178711 128
v -26.791339874267578 -42.21639633178711 0
v -21.37973976135254 -36.15116500854492 0
v -21.371719360351562 -36.137603759765625 8.287424087524414
v -21.17030143737793 -35.797027587890625 12.395295143127441
v -20.82238006591797 -35.20872116088867 16.475318908691406
v -19.773635864257812 -33.435394287109375 24.561986923217773
v -18.398731231689453 -31.110557556152344 32.56775665283203
v -15.363420486450195 -25.978126525878906 48.41793441772461
v -14.049498558044434 -23.756404876708984 56.30299758911133
v -13.10239028930664 -22.154932022094727 64.18848419189453
v -12.82052993774414 -21.67833137512207 68.13774871826172
v -12.70350170135498 -21.48044776916504 76.05770874023438
v -12.689423561096191 -21.45664405822754 72.09416961669922
v -12.852392196655273 -21.732210159301758 80.02786254882812
v -13.51313304901123 -22.849458694458008 87.98594665527344
v -14.588682174682617 -24.668113708496094 95.96435546875
v -15.996079444885254 -27.047895431518555 103.95903778076172
v -17.652362823486328 -29.8485164642334 111.9659194946289
v -21.37973976135254 -36.15116500854492 128
v -24.07864761352539 -43.79889678955078 8.287424087524414
v -23.85171890258789 -43.38611602783203 12.395295143127441
v -23.459728240966797 -42.67308807373047 16.475318908691406
v -22.278152465820312 -40.523807525634766 24.561986923217773
v -20.72910499572754 -37.70610046386719 32.56775665283203
v -17.309341430664062 -31.485576629638672 48.41793441772461
v -15.828998565673828 -28.792842864990234 56.30299758911133
v -14.761930465698242 -26.851852416992188 64.18848419189453
v -14.44437026977539 -26.274211883544922 68.13774871826172
v -14.296658515930176 -26.005525588989258 72.09416961669922
v -14.312519073486328 -26.03437614440918 76.05770874023438
v -14.480268478393555 -26.339509963989258 80.02786254882812
v -15.22469711303711 -27.693622589111328 87.98594665527344
v -16.43647575378418 -29.897838592529297 95.96435546875
v -18.022132873535156 -32.78213882446289 103.95903778076172
v -19.888200759887695 -36.1765022277832 111.9659194946289
v -24.087684631347656 -43.81533432006836 128
v -24.087684631347656 -43.81533432006836 0
v -19.06760025024414 -37.422271728515625 0
v -19.060447692871094 -37.40823745727539 8.287424087524414
v -18.880813598632812 -37.05568313598633 12.395295143127441
v -18.57051658630371 -36.44668960571289 16.475318908691406
v -17.635190963745117 -34.61101150512695 24.561986923217773
v -16.408977508544922 -32.20443344116211 32.56775665283203
v -13.701924324035645 -26.89154052734375 48.41793441772461
v -12.530097961425781 -24.59170150756836 56.30299758911133
v -11.685416221618652 -22.93391990661621 64.18848419189453
v -11.434037208557129 -22.440561294555664 68.13774871826172
v -11.329666137695312 -22.235721588134766 76.05770874023438
v -11.317111015319824 -22.21108055114746 72.09416961669922
v -11.462454795837402 -22.496334075927734 80.02786254882812
v -12.051737785339355 -23.652868270874023 87.98594665527344
v -13.010971069335938 -25.53546714782715 95.96435546875
v -14.26616382598877 -27.99892234802246 103.95903778076172
v -15.743326187133789 -30.89801788330078 111.9659194946289
v -19.06760025024414 -37.422271728515625 128
v -21.280977249145508 -45.22438049316406 8.287424087524414
v -21.080415725708008 -44.79816436767578 12.395295143127441
v -20.733970642089844 -44.061927795410156 16.475318908691406
v -19.689678192138672 -41.84269714355469 24.561986923217773
v -18.320613861083984 -38.93328857421875 32.56775665283203
v -15.298189163208008 -32.51030731201172 48.41793441772461
v -13.989846229553223 -29.729938507080078 56.30299758911133
v -13.046760559082031 -27.72577476501465 64.18848419189453
v -12.766096115112305 -27.129335403442383 68.13774871826172
v -12.635546684265137 -26.851903915405273 72.09416961669922
v -12.649564743041992 -26.88169288635254 76.05770874023438
v -12.797822952270508 -27.196760177612305 80.02786254882812
v -13.455758094787598 -28.594940185546875 87.98594665527344
v -14.526741981506348 -30.870895385742188 95.96435546875
v -15.928162574768066 -33.84906768798828 103.95903778076172
v -17.57741355895996 -37.35390853881836 111.9659194946289
v -21.288965225219727 -45.24135208129883 128
v -21.288965225219727 -45.24135208129883 0
v -16.68021011352539 -38.545692443847656 0
v -16.673954010009766 -38.53123474121094 8.287424087524414
v -16.516809463500977 -38.16809844970703 12.395295143127441
v -16.245365142822266 -37.54082489013672 16.475318908691406
v -15.427148818969727 -35.6500358581543 24.561986923217773
v -14.354466438293457 -33.17121505737305 32.56775665283203
v -11.986352920532227 -27.698827743530273 48.41793441772461
v -10.961246490478516 -25.32994842529297 56.30299758911133
v -10.222325325012207 -23.622398376464844 64.18848419189453
v -10.002420425415039 -23.11423110961914 68.13774871826172
v -9.911117553710938 -22.903240203857422 76.05770874023438
v -9.90013313293457 -22.877859115600586 72.09416961669922
v -10.027278900146484 -23.171676635742188 80.02786254882812
v -10.542780876159668 -24.36292839050293 87.98594665527344
v -11.381912231445312 -26.302045822143555 95.96435546875
v -12.47994613647461 -28.839454650878906 103.95903778076172
v -13.772157669067383 -31.825580596923828 111.9659194946289
v -16.68021011352539 -38.545692443847656 128
v -18.399322509765625 -46.47138214111328 8.287424087524414
v -18.225919723510742 -46.033416748046875 12.395295143127441
v -17.9263858795166 -45.276878356933594 16.475318908691406
v -17.023502349853516 -42.9964599609375 24.561986923217773
v -15.839820861816406 -40.0068244934082 32.56775665283203
v -13.226662635803223 -33.40673828125 48.41793441772461
v -12.09548282623291 -30.549701690673828 56.30299758911133
v -11.280098915100098 -28.490278244018555 64.18848419189453
v -11.037440299987793 -27.877389907836914 68.13774871826172
v -10.924568176269531 -27.592309951782227 72.09416961669922
v -10.936688423156738 -27.622920989990234 76.05770874023438
v -11.064870834350586 -27.946674346923828 80.02786254882812
v -11.63371467590332 -29.38340950012207 87.98594665527344
v -12.559676170349121 -31.72212028503418 95.96435546875
v -13.771331787109375 -34.782413482666016 103.95903778076172
v -15.197257041931152 -38.38389205932617 111.9659194946289
v -18.406227111816406 -46.488826751708984 128
v -18.406227111816406 -46.488826751708984 0
v -14.2269926071167 -39.51699447631836 0
v -14.221654891967773 -39.50217056274414 8.287424087524414
v -14.087623596191406 -39.1298828125 12.395295143127441
v -13.856101036071777 -38.48680114746094 16.475318908691406
v -13.158222198486328 -36.548370361328125 24.561986923217773
v -12.243303298950195 -34.007083892822266 32.56775665283203
v -10.223477363586426 -28.396799087524414 48.41793441772461
v -9.349136352539062 -25.96822738647461 56.30299758911133
v -8.718891143798828 -24.217649459838867 64.18848419189453
v -8.531328201293945 -23.69667625427246 68.13774871826172
v -8.453453063964844 -23.480369567871094 76.05770874023438
v -8.444086074829102 -23.454349517822266 72.09416961669922
v -8.552531242370605 -23.755571365356445 80.02786254882812
v -8.992216110229492 -24.976842880249023 87.98594665527344
v -9.70793342590332 -26.964820861816406 95.96435546875
v -10.644474983215332 -29.56616973876953 103.95903778076172
v -11.746637344360352 -32.627540588378906 111.9659194946289
v -14.2269926071167 -39.51699447631836 128
v -15.445053100585938 -47.53498840332031 8.287424087524414
v -15.299492835998535 -47.08699417114258 12.395295143127441
v -15.048052787780762 -46.31314468383789 16.475318908691406
v -14.290140151977539 -43.980525970458984 24.561986923217773
v -13.296515464782715 -40.92246627807617 32.56775665283203
v -11.102936744689941 -34.171329498291016 48.41793441772461
v -10.153383255004883 -31.2489013671875 56.30299758911133
v -9.468921661376953 -29.14234161376953 64.18848419189453
v -9.26522445678711 -28.51542854309082 68.13774871826172
v -9.170475006103516 -28.22382164001465 72.09416961669922
v -9.180648803710938 -28.25513458251953 76.05770874023438
v -9.288251876831055 -28.58629608154297 80.02786254882812
v -9.765759468078613 -30.05591583251953 87.98594665527344
v -10.543045043945312 -32.44815444946289 95.96435546875
v -11.560151100158691 -35.5784912109375 103.95903778076172
v -12.757124900817871 -39.262393951416016 111.9659194946289
v -15.450850486755371 -47.552825927734375 128
v -15.450850486755371 -47.552825927734375 0
v -11.717626571655273 -40.33233642578125 0
v -11.713231086730957 -40.317203521728516 8.287424087524414
v -11.602839469909668 -39.93723678588867 12.395295143127441
v -11.412153244018555 -39.280887603759766 16.475318908691406
v -10.837367057800293 -37.302459716796875 24.561986923217773
v -10.083821296691895 -34.708740234375 32.56775665283203
v -8.420252799987793 -28.982702255249023 48.41793441772461
v -7.700129985809326 -26.50402069091797 56.30299758911133
v -7.181046962738037 -24.71732521057129 64.18848419189453
v -7.026566982269287 -24.185604095458984 68.13774871826172
v -6.962427616119385 -23.964834213256836 76.05770874023438
v -6.9547119140625 -23.938276290893555 72.09416961669922
v -7.04403018951416 -24.245710372924805 80.02786254882812
v -7.406163215637207 -25.4921817779541 87.98594665527344
v -7.995641708374023 -27.521177291870117 95.96435546875
v -8.766995429992676 -30.176198959350586 103.95903778076172
v -9.674757957458496 -33.30073547363281 111.9659194946289
v -11.717626571655273 -40.33233642578125 128
v -12.429829597473145 -48.410987854003906 8.287424087524414
v -12.312685012817383 -47.954742431640625 12.395295143127441
v -12.110332489013672 -47.166629791259766 16.475318908691406
v -11.500381469726562 -44.7910270690918 24.561986923217773
v -10.700735092163086 -41.67660903930664 32.56775665283203
v -8.935392379760742 -34.801055908203125 48.41793441772461
v -8.171213150024414 -31.82477569580078 56.30299758911133
v -7.620373249053955 -29.67939567565918 64.18848419189453
v -7.456442832946777 -29.04092788696289 68.13774871826172
v -7.380191802978516 -28.743947982788086 72.09416961669922
v -7.388379096984863 -28.775836944580078 76.05770874023438
v -7.474974155426025 -29.113101959228516 80.02786254882812
v -7.859261512756348 -30.609804153442383 87.98594665527344
v -8.484803199768066 -33.04612731933594 95.96435546875
v -9.303348541259766 -36.23414993286133 103.95903778076172
v -10.266645431518555 -39.98594284057617 111.9659194946289
v -12.434494972229004 -48.42915725708008 128
v -12.434494972229004 -48.42915725708008 0
v -9.162015914916992 -40.98850631713867 0
v -9.158578872680664 -40.97312545776367 8.287424087524414
v -9.072264671325684 -40.586978912353516 12.395295143127441
v -8.923166275024414 -39.91994857788086 16.475318908691406
v -8.473740577697754 -37.90933609008789 24.561986923217773
v -7.884543418884277 -35.27341842651367 32.56775665283203
v -6.583799362182617 -29.4542236328125 48.41793441772461
v -6.020734786987305 -26.935218811035156 56.30299758911133
v -5.614863395690918 -25.11945343017578 64.18848419189453
v -5.494075298309326 -24.57908058166504 68.13774871826172
v -5.443924427032471 -24.354719161987305 76.05770874023438
v -5.437891960144043 -24.327728271484375 72.09416961669922
v -5.507730007171631 -24.640167236328125 80.02786254882812
v -5.790881633758545 -25.90691566467285 87.98594665527344
v -6.251794815063477 -27.968923568725586 95.96435546875
v -6.854917049407959 -30.66713523864746 103.95903778076172
v -7.564696311950684 -33.842506408691406 111.9659194946289
v -9.162015914916992 -40.98850631713867 128
v -9.365550994873047 -49.09593963623047 8.287424087524414
v -9.2772855758667 -48.633235931396484 12.395295143127441
v -9.124817848205566 -47.8339729309082 16.475318908691406
v -8.66523551940918 -45.42475891113281 24.561986923217773
v -8.062724113464355 -42.26628112792969 32.56775665283203
v -6.732583999633789 -35.29344177246094 48.41793441772461
v -6.156795024871826 -32.27505111694336 56.30299758911133
v -5.741751670837402 -30.09931755065918 64.18848419189453
v -5.618234157562256 -29.451814651489258 68.13774871826172
v -5.560781002044678 -29.150634765625 72.09416961669922
v -5.566949844360352 -29.182973861694336 76.05770874023438
v -5.632197380065918 -29.52501106262207 80.02786254882812
v -5.921748161315918 -31.042890548706055 87.98594665527344
v -6.393077373504639 -33.5136833190918 95.96435546875
v -7.009829521179199 -36.74681091308594 103.95903778076172
v -7.7356486320495605 -40.55168914794922 111.9659194946289
v -9.36906623840332 -49.11436080932617 128
v -9.36906623840332 -49.11436080932617 0
v -6.570247650146484 -41.48291015625 0
v -6.567782878875732 -41.467350006103516 8.287424087524414
v -6.505885124206543 -41.076541900634766 12.395295143127441
v -6.3989644050598145 -40.40147018432617 16.475318908691406
v -6.076672554016113 -38.366600036621094 24.561986923217773
v -5.654148578643799 -35.698890686035156 32.56775665283203
v -4.72136116027832 -29.80950355529785 48.41793441772461
v -4.317577362060547 -27.26011085510254 56.30299758911133
v -4.026520252227783 -25.422447204589844 64.18848419189453
v -3.939901113510132 -24.87555503845215 68.13774871826172
v -3.9039368629455566 -24.648487091064453 76.05770874023438
v -3.8996105194091797 -24.621171951293945 72.09416961669922
v -3.949692487716675 -24.9373779296875 80.02786254882812
v -4.152745723724365 -26.219406127929688 87.98594665527344
v -4.483274936676025 -28.306285858154297 95.96435546875
v -4.91578483581543 -31.037046432495117 103.95903778076172
v -5.42478084564209 -34.25071716308594 111.9659194946289
v -6.570247650146484 -41.48291015625 128
v -6.264310836791992 -49.587127685546875 8.287424087524414
v -6.205272674560547 -49.11979293823242 12.395295143127441
v -6.103292465209961 -48.31253433227539 16.475318908691406
v -5.79589319229126 -45.87921905517578 24.561986923217773
v -5.392892360687256 -42.68913650512695 32.56775665283203
v -4.503205299377441 -35.646541595458984 48.41793441772461
v -4.118078708648682 -32.59794998168945 56.30299758911133
v -3.8404700756073 -30.400449752807617 64.18848419189453
v -3.7578532695770264 -29.746471405029297 68.13774871826172
v -3.7194244861602783 -29.442276000976562 72.09416961669922
v -3.723550796508789 -29.474939346313477 76.05770874023438
v -3.7671926021575928 -29.82040023803711 80.02786254882812
v -3.9608635902404785 -31.35346221923828 87.98594665527344
v -4.276120185852051 -33.84897994995117 95.96435546875
v -4.688645839691162 -37.11445236206055 103.95903778076172
v -5.174122333526611 -40.957393646240234 111.9659194946289
v -6.266661643981934 -49.605735778808594 128
v -6.266661643981934 -49.605735778808594 0
v -3.9525492191314697 -41.813602447509766 0
v -3.951066732406616 -41.797916412353516 8.287424087524414
v -3.9138295650482178 -41.403995513916016 12.395295143127441
v -3.849508047103882 -40.723541259765625 16.475318908691406
v -3.655622959136963 -38.67245101928711 24.561986923217773
v -3.401439666748047 -35.98347473144531 32.56775665283203
v -2.8402907848358154 -30.047138214111328 48.41793441772461
v -2.597381114959717 -27.4774227142334 56.30299758911133
v -2.422286033630371 -25.62510871887207 64.18848419189453
v -2.3701772689819336 -25.0738582611084 68.13774871826172
v -2.3485419750213623 -24.84497833251953 76.05770874023438
v -2.3459393978118896 -24.817445755004883 72.09416961669922
v -2.376067876815796 -25.136173248291016 80.02786254882812
v -2.4982213973999023 -26.428421020507812 87.98594665527344
v -2.6970620155334473 -28.531936645507812 95.96435546875
v -2.9572527408599854 -31.284465789794922 103.95903778076172
v -3.263455867767334 -34.52375411987305 111.9659194946289
v -3.9525492191314697 -41.813602447509766 128
v -3.138348340988159 -49.88261795043945 8.287424087524414
v -3.1087710857391357 -49.412498474121094 12.395295143127441
v -3.0576798915863037 -48.600433349609375 16.475318908691406
v -2.9036762714385986 -46.15261459350586 24.561986923217773
v -2.701777458190918 -42.94352340698242 32.56775665283203
v -2.256054401397705 -35.85895919799805 48.41793441772461
v -2.0631103515625 -32.79220199584961 56.30299758911133
v -1.9240316152572632 -30.581605911254883 64.18848419189453
v -1.8826415538787842 -29.923730850219727 68.13774871826172
v -1.863389253616333 -29.61772346496582 72.09416961669922
v -1.865456461906433 -29.65058135986328 76.05770874023438
v -1.8873205184936523 -29.99810028076172 80.02786254882812
v -1.9843473434448242 -31.540300369262695 87.98594665527344
v -2.142287492752075 -34.05068588256836 95.96435546875
v -2.3489577770233154 -37.33561706542969 103.95903778076172
v -2.5921761989593506 -41.20146179199219 111.9659194946289
v -3.139525890350342 -49.901336669921875 128
v -3.139525890350342 -49.901336669921875 0
v -1.3192518949508667 -41.97927474975586 0
v -1.3187569379806519 -41.96352767944336 8.287424087524414
v -1.3063284158706665 -41.56804275512695 12.395295143127441
v -1.2848596572875977 -40.884891510009766 16.475318908691406
v -1.2201460599899292 -38.825679779052734 24.561986923217773
v -1.1353068351745605 -36.12604904174805 32.56775665283203
v -0.9480106234550476 -30.166189193725586 48.41793441772461
v -0.8669341802597046 -27.586294174194336 56.30299758911133
v -0.8084922432899475 -25.726640701293945 64.18848419189453
v -0.7910997867584229 -25.17320442199707 68.13774871826172
v -0.78387850522995 -24.943418502807617 76.05770874023438
v -0.7830098867416382 -24.9157772064209 72.09416961669922
v -0.7930659055709839 -25.235767364501953 80.02786254882812
v -0.8338373899459839 -26.53313636779785 87.98594665527344
v -0.9002049565315247 -28.64498519897461 95.96435546875
v -0.987049400806427 -31.408422470092773 103.95903778076172
v -1.0892515182495117 -34.660545349121094 111.9659194946289
v -1.3192518949508667 -41.97927474975586 128
v -8.037135647493473e-15 -49.98124313354492 8.287424087524414
v -7.961396502448835e-15 -49.510196685791016 12.395295143127441
v -7.830566334514778e-15 -48.6965217590332 16.475318908691406
v -7.43620473493212e-15 -46.243865966796875 24.561986923217773
v -6.91919615271883e-15 -43.0284309387207 32.56775665283203
v -5.777820103326607e-15 -35.92985916137695 48.41793441772461
v -5.283742820577858e-15 -32.85703659057617 56.30299758911133
v -4.927599347575315e-15 -30.642072677612305 64.18848419189453
v -4.821610538401858e-15 -29.982894897460938 68.13774871826172
v -4.772310256256343e-15 -29.67628288269043 72.09416961669922
v -4.777604212176682e-15 -29.70920753479004 76.05770874023438
v -4.83359181944077e-15 -30.057411193847656 80.02786254882812
v -5.082051570342401e-15 -31.602659225463867 87.98594665527344
v -5.486493285513858e-15 -34.11800765991211 95.96435546875
v -6.015720741507765e-15 -37.4094352722168 103.95903778076172
v -6.638537291360274e-15 -41.28292465209961 111.9659194946289
v -7.806255641895632e-15 -50 128
v -7.806255641895632e-15 -50 0
v 1.3192518949508667 -41.97927474975586 0
v 1.3187569379806519 -41.96352767944336 8.287424087524414
v 1.3063284158706665 -41.56804275512695 12.395295143127441
v 1.2848596572875977 -40.884891510009766 16.475318908691406
v 1.2201460599899292 -38.825679779052734 24.561986923217773
v 1.1353068351745605 -36.12604904174805 32.56775665283203
v 0.9480106234550476 -30.166189193725586 48.41793441772461
v 0.8669341802597046 -27.586294174194336 56.30299758911133
v 0.8084922432899475 -25.726640701293945 64.18848419189453
v 0.7910997867584229 -25.17320442199707 68.13774871826172
v 0.78387850522995 -24.943418502807617 76.05770874023438
v 0.7830098867416382 -24.9157772064209 72.09416961669922
v 0.7930659055709839 -25.235767364501953 80.02786254882812
v 0.8338373899459839 -26.53313636779785 87.98594665527344
v 0.9002049565315247 -28.64498519897461 95.96435546875
v 0.987049400806427 -31.408422470092773 103.95903778076172
v 1.0892515182495117 -34.660545349121094 111.9659194946289
v 1.3192518949508667 -41.97927474975586 128
v 3.138348340988159 -49.88261795043945 8.287424087524414
v 3.1087710857391357 -49.412498474121094 12.395295143127441
v 3.0576798915863037 -48.600433349609375 16.475318908691406
v 2.9036762714385986 -46.15261459350586 24.561986923217773
v 2.701777458190918 -42.94352340698242 32.56775665283203
v 2.256054401397705 -35.85895919799805 48.41793441772461
v 2.0631103515625 -32.79220199584961 56.30299758911133
v 1.9240316152572632 -30.581605911254883 64.18848419189453
v 1.8826415538787842 -29.923730850219727 68.13774871826172
v 1.863389253616333 -29.61772346496582 72.09416961669922
v 1.865456461906433 -29.65058135986328 76.05770874023438
v 1.8873205184936523 -29.99810028076172 80.02786254882812
v 1.9843473434448242 -31.540300369262695 87.98594665527344
v 2.142287492752075 -34.05068588256836 95.96435546875
v 2.3489577770233154 -37.33561706542969 103.95903778076172
v 2.5921761989593506 -41.20146179199219 111.9659194946289
v 3.139525890350342 -49.901336669921875 128
v 3.139525890350342 -49.901336669921875 0
v 3.9525492191314697 -41.813602447509766 0
v 3.951066732406616 -41.797916412353516 8.287424087524414
v 3.9138295650482178 -41.403995513916016 12.395295143127441
v 3.849508047103882 -40.723541259765625 16.475318908691406
v 3.655622959136963 -38.67245101928711 24.561986923217773
v 3.401439666748047 -35.98347473144531 32.56775665283203
v 2.8402907848358154 -30.047138214111328 48.41793441772461
v 2.597381114959717 -27.4774227142334 56.30299758911133
v 2.422286033630371 -25.62510871887207 64.18848419189453
v 2.3701772689819336 -25.0738582611084 68.13774871826172
v 2.3485419750213623 -24.84497833251953 76.05770874023438
v 2.3459393978118896 -24.817445755004883 72.09416961669922
v 2.376067876815796 -25.136173248291016 80.02786254882812
v 2.4982213973999023 -26.428421020507812 87.98594665527344
v 2.6970620155334473 -28.531936645507812 95.96435546875
v 2.9572527408599854 -31.284465789794922 103.95903778076172
v 3.263455867767334 -34.52375411987305 111.9659194946289
v 3.9525492191314697 -41.813602447509766 128
v 6.264310836791992 -49.587127685546875 8.287424087524414
v 6.205272674560547 -49.11979293823242 12.395295143127441
v 6.103292465209961 -48.31253433227539 16.475318908691406
v 5.79589319229126 -45.87921905517578 24.561986923217773
v 5.392892360687256 -42.68913650512695 32.56775665283203
v 4.503205299377441 -35.646541595458984 48.41793441772461
v 4.118078708648682 -32.59794998168945 56.30299758911133
v 3.8404700756073 -30.400449752807617 64.18848419189453
v 3.7578532695770264 -29.746471405029297 68.13774871826172
v 3.7194244861602783 -29.442276000976562 72.09416961669922
v 3.723550796508789 -29.474939346313477 76.05770874023438
v 3.7671926021575928 -29.82040023803711 80.02786254882812
v 3.9608635902404785 -31.35346221923828 87.98594665527344
v 4.276120185852051 -33.84897994995117 95.96435546875
v 4.688645839691162 -37.11445236206055 103.95903778076172
v 5.174122333526611 -40.957393646240234 111.9659194946289
v 6.266661643981934 -49.605735778808594 128
v 6.266661643981934 -49.605735778808594 0
v 6.570247650146484 -41.48291015625 0
v 6.567782878875732 -41.467350006103516 8.287424087524414
v 6.505885124206543 -41.076541900634766 12.395295143127441
v 6.3989644050598145 -40.40147018432617 16.475318908691406
v 6.076672554016113 -38.366600036621094 24.561986923217773
v 5.654148578643799 -35.698890686035156 32.56775665283203
v 4.72136116027832 -29.80950355529785 48.41793441772461
v 4.317577362060547 -27.26011085510254 56.30299758911133
v 4.026520252227783 -25.422447204589844 64.18848419189453
v 3.939901113510132 -24.87555503845215 68.13774871826172
v 3.9039368629455566 -24.648487091064453 76.05770874023438
v 3.8996105194091797 -24.621171951293945 72.09416961669922
v 3.949692487716675 -24.9373779296875 80.02786254882812
v 4.152745723724365 -26.219406127929688 87.98594665527344
v 4.483274936676025 -28.306285858154297 95.96435546875
v 4.91578483581543 -31.037046432495117 103.95903778076172
v 5.42478084564209 -34.25071716308594 111.9659194946289
v 6.570247650146484 -41.48291015625 128
v 9.365550994873047 -49.09593963623047 8.287424087524414
v 9.2772855758667 -48.633235931396484 12.395295143127441
v 9.124817848205566 -47.8339729309082 16.475318908691406
v 8.66523551940918 -45.42475891113281 24.561986923217773
v 8.062724113464355 -42.26628112792969 32.56775665283203
v 6.732583999633789 -35.29344177246094 48.41793441772461
v 6.156795024871826 -32.27505111694336 56.30299758911133
v 5.741751670837402 -30.09931755065918 64.18848419189453
v 5.618234157562256 -29.451814651489258 68.13774871826172
v 5.560781002044678 -29.150634765625 72.09416961669922
v 5.566949844360352 -29.182973861694336 76.05770874023438
v 5.632197380065918 -29.52501106262207 80.02786254882812
v 5.921748161315918 -31.042890548706055 87.98594665527344
v 6.393077373504639 -33.5136833190918 95.96435546875
v 7.009829521179199 -36.74681091308594 103.95903778076172
v 7.7356486320495605 -40.55168914794922 111.9659194946289
v 9.36906623840332 -49.11436080932617 128
v 9.36906623840332 -49.11436080932617 0
v 9.162015914916992 -40.98850631713867 0
v 9.158578872680664 -40.97312545776367 8.287424087524414
v 9.072264671325684 -40.586978912353516 12.395295143127441
v 8.923166275024414 -39.91994857788086 16.475318908691406
v 8.473740577697754 -37.90933609008789 24.561986923217773
v 7.884543418884277 -35.27341842651367 32.56775665283203
v 6.583799362182617 -29.4542236328125 48.41793441772461
v 6.020734786987305 -26.935218811035156 56.30299758911133
v 5.614863395690918 -25.11945343017578 64.18848419189453
v 5.494075298309326 -24.57908058166504 68.13774871826172
v 5.443924427032471 -24.354719161987305 76.05770874023438
v 5.437891960144043 -24.327728271484375 72.09416961669922
v 5.507730007171631 -24.640167236328125 80.02786254882812
v 5.790881633758545 -25.90691566467285 87.98594665527344
v 6.251794815063477 -27.968923568725586 95.96435546875
v 6.854917049407959 -30.66713523864746 103.95903778076172
v 7.564696311950684 -33.842506408691406 111.9659194946289
v 9.162015914916992 -40.98850631713867 128
v 12.429829597473145 -48.410987854003906 8.287424087524414
v 12.312685012817383 -47.954742431640625 12.395295143127441
v 12.110332489013672 -47.166629791259766 16.475318908691406
v 11.500381469726562 -44.7910270690918 24.561986923217773
v 10.700735092163086 -41.67660903930664 32.56775665283203
v 8.935392379760742 -34.801055908203125 48.41793441772461
v 8.171213150024414 -31.82477569580078 56.30299758911133
v 7.620373249053955 -29.67939567565918 64.18848419189453
v 7.456442832946777 -29.04092788696289 68.13774871826172
v 7.380191802978516 -28.743947982788086 72.09416961669922
v 7.388379096984863 -28.775836944580078 76.05770874023438
v 7.474974155426025 -29.113101959228516 80.02786254882812
v 7.859261512756348 -30.609804153442383 87.98594665527344
v 8.484803199768066 -33.04612731933594 95.96435546875
v 9.303348541259766 -36.23414993286133 103.95903778076172
v 10.266645431518555 -39.98594284057617 111.9659194946289
v 12.434494972229004 -48.42915725708008 128
v 12.434494972229004 -48.42915725708008 0
v 11.717626571655273 -40.33233642578125 0
v 11.713231086730957 -40.317203521728516 8.287424087524414
v 11.602839469909668 -39.93723678588867 12.395295143127441
v 11.412153244018555 -39.280887603759766 16.475318908691406
v 10.837367057800293 -37.302459716796875 24.561986923217773
v 10.083821296691895 -34.708740234375 32.56775665283203
v 8.420252799987793 -28.982702255249023 48.41793441772461
v 7.700129985809326 -26.50402069091797 56.30299758911133
v 7.181046962738037 -24.71732521057129 64.18848419189453
v 7.026566982269287 -24.185604095458984 68.13774871826172
v 6.962427616119385 -23.964834213256836 76.05770874023438
v 6.9547119140625 -23.938276290893555 72.09416961669922
v 7.04403018951416 -24.245710372924805 80.02786254882812
v 7.406163215637207 -25.4921817779541 87.98594665527344
v 7.995641708374023 -27.521177291870117 95.96435546875
v 8.766995429992676 -30.176198959350586 103.95903778076172
v 9.674757957458496 -33.30073547363281 111.9659194946289
v 11.717626571655273 -40.33233642578125 128
v 15.445053100585938 -47.53498840332031 8.287424087524414
v 15.299492835998535 -47.08699417114258 12.395295143127441
v 15.048052787780762 -46.31314468383789 16.475318908691406
v 14.290140151977539 -43.980525970458984 24.561986923217773
v 13.296515464782715 -40.92246627807617 32.56775665283203
v 11.102936744689941 -34.171329498291016 48.41793441772461
v 10.153383255004883 -31.2489013671875 56.30299758911133
v 9.468921661376953 -29.14234161376953 64.18848419189453
v 9.26522445678711 -28.51542854309082 68.13774871826172
v 9.170475006103516 -28.22382164001465 72.09416961669922
v 9.180648803710938 -28.25513458251953 76.05770874023438
v 9.288251876831055 -28.58629608154297 80.02786254882812
v 9.765759468078613 -30.05591583251953 87.98594665527344
v 10.543045043945312 -32.44815444946289 95.96435546875
v 11.560151100158691 -35.5784912109375 103.95903778076172
v 12.757124900817871 -39.262393951416016 111.9659194946289
v 15.450850486755371 -47.552825927734375 128
v 15.450850486755371 -47.552825927734375 0
v 14.2269926071167 -39.51699447631836 0
v 14.221654891967773 -39.50217056274414 8.287424087524414
v 14.087623596191406 -39.1298828125 12.395295143127441
v 13.856101036071777 -38.48680114746094 16.475318908691406
v 13.158222198486328 -36.548370361328125 24.561986923217773
v 12.243303298950195 -34.007083892822266 32.56775665283203
v 10.223477363586426 -28.396799087524414 48.41793441772461
v 9.349136352539062 -25.96822738647461 56.30299758911133
v 8.718891143798828 -24.217649459838867 64.18848419189453
v 8.531328201293945 -23.69667625427246 68.13774871826172
v 8.453453063964844 -23.480369567871094 76.05770874023438
v 8.444086074829102 -23.454349517822266 72.09416961669922
v 8.552531242370605 -23.755571365356445 80.02786254882812
v 8.992216110229492 -24.976842880249023 87.98594665527344
v 9.70793342590332 -26.964820861816406 95.96435546875
v 10.644474983215332 -29.56616973876953 103.95903778076172
v 11.746637344360352 -32.627540588378906 111.9659194946289
v 14.2269926071167 -39.51699447631836 128
v 18.399322509765625 -46.47138214111328 8.287424087524414
v 18.225919723510742 -46.033416748046875 12.395295143127441
v 17.9263858795166 -45.276878356933594 16.475318908691406
v 17.023502349853516 -42.9964599609375 24.561986923217773
v 15.839820861816406 -40.0068244934082 32.56775665283203
v 13.226662635803223 -33.40673828125 48.41793441772461
v 12.09548282623291 -30.549701690673828 56.30299758911133
v 11.280098915100098 -28.490278244018555 64.18848419189453
v 11.037440299987793 -27.877389907836914 68.13774871826172
v 10.924568176269531 -27.592309951782227 72.09416961669922
v 10.936688423156738 -27.622920989990234 76.05770874023438
v 11.064870834350586 -27.946674346923828 80.02786254882812
v 11.63371467590332 -29.38340950012207 87.98594665527344
v 12.559676170349121 -31.72212028503418 95.96435546875
v 13.771331787109375 -34.782413482666016 103.95903778076172
v 15.197257041931152 -38.38389205932617 111.9659194946289
v 18.406227111816406 -46.488826751708984 128
v 18.406227111816406 -46.488826751708984 0
v 16.68021011352539 -38.545692443847656 0
v 16.673954010009766 -38.53123474121094 8.287424087524414
v 16.516809463500977 -38.16809844970703 12.395295143127441
v 16.245365142822266 -37.54082489013672 16.475318908691406
v 15.427148818969727 -35.6500358581543 24.561986923217773
v 14.354466438293457 -33.17121505737305 32.56775665283203
v 11.986352920532227 -27.698827743530273 48.41793441772461
v 10.961246490478516 -25.32994842529297 56.30299758911133
v 10.222325325012207 -23.622398376464844 64.18848419189453
v 10.002420425415039 -23.11423110961914 68.13774871826172
v 9.911117553710938 -22.903240203857422 76.05770874023438
v 9.90013313293457 -22.877859115600586 72.09416961669922
v 10.027278900146484 -23.171676635742188 80.02786254882812
v 10.542780876159668 -24.36292839050293 87.98594665527344
v 11.381912231445312 -26.302045822143555 95.96435546875
v 12.47994613647461 -28.839454650878906 103.95903778076172
v 13.772157669067383 -31.825580596923828 111.9659194946289
v 16.68021011352539 -38.545692443847656 128
v 21.280977249145508 -45.22438049316406 8.287424087524414
v 21.080415725708008 -44.79816436767578 12.395295143127441
v 20.733970642089844 -44.061927795410156 16.475318908691406
v 19.689678192138672 -41.84269714355469 24.561986923217773
v 18.320613861083984 -38.93328857421875 32.56775665283203
v 15.298189163208008 -32.51030731201172 48.41793441772461
v 13.989846229553223 -29.729938507080078 56.30299758911133
v 13.046760559082031 -27.72577476501465 64.18848419189453
v 12.766096115112305 -27.129335403442383 68.13774871826172
v 12.635546684265137 -26.851903915405273 72.09416961669922
v 12.649564743041992 -26.88169288635254 76.05770874023438
v 12.797822952270508 -27.196760177612305 80.02786254882812
v 13.455758094787598 -28.594940185546875 87.98594665527344
v 14.526741981506348 -30.870895385742188 95.96435546875
v 15.928162574768066 -33.84906768798828 103.95903778076172
v 17.57741355895996 -37.35390853881836 111.9659194946289
v 21.288965225219727 -45.24135208129883 128
v 21.288965225219727 -45.24135208129883 0
v 19.06760025024414 -37.422271728515625 0
v 19.060447692871094 -37.40823745727539 8.287424087524414
v 18.880813598632812 -37.05568313598633 12.395295143127441
v 18.57051658630371 -36.44668960571289 16.475318908691406
v 17.635190963745117 -34.61101150512695 24.561986923217773
v 16.408977508544922 -32.20443344116211 32.56775665283203
v 13.701924324035645 -26.89154052734375 48.41793441772461
v 12.530097961425781 -24.59170150756836 56.30299758911133
v 11.685416221618652 -22.93391990661621 64.18848419189453
v 11.434037208557129 -22.440561294555664 68.13774871826172
v 11.329666137695312 -22.235721588134766 76.05770874023438
v 11.317111015319824 -22.21108055114746 72.09416961669922
v 11.462454795837402 -22.496334075927734 80.02786254882812
v 12.051737785339355 -23.652868270874023 87.98594665527344
v 13.010971069335938 -25.53546714782715 95.96435546875
v 14.26616382598877 -27.99892234802246 103.95903778076172
v 15.743326187133789 -30.89801788330078 111.9659194946289
v 19.06760025024414 -37.422271728515625 128
v 24.07864761352539 -43.79889678955078 8.287424087524414
v 23.85171890258789 -43.38611602783203 12.395295143127441
v 23.459728240966797 -42.67308807373047 16.475318908691406
v 22.278152465820312 -40.523807525634766 24.561986923217773
v 20.72910499572754 -37.70610046386719 32.56775665283203
v 17.309341430664062 -31.485576629638672 48.41793441772461
v 15.828998565673828 -28.792842864990234 56.30299758911133
v 14.761930465698242 -26.851852416992188 64.18848419189453
v 14.44437026977539 -26.274211883544922 68.13774871826172
v 14.296658515930176 -26.005525588989258 72.09416961669922
v 14.312519073486328 -26.03437614440918 76.05770874023438
v 14.480268478393555 -26.339509963989258 80.02786254882812
v 15.22469711303711 -27.693622589111328 87.98594665527344
v 16.43647575378418 -29.897838592529297 95.96435546875
v 18.022132873535156 -32.78213882446289 103.95903778076172
v 19.888200759887695 -36.1765022277832 111.9659194946289
v 24.087684631347656 -43.81533432006836 128
v 24.087684631347656 -43.81533432006836 0
v 21.37973976135254 -36.15116500854492 0
v 21.371719360351562 -36.137603759765625 8.287424087524414
v 21.17030143737793 -35.797027587890625 12.395295143127441
v 20.82238006591797 -35.20872116088867 16.475318908691406
v 19.773635864257812 -33.435394287109375 24.561986923217773
v 18.398731231689453 -31.110557556152344 32.56775665283203
v 15.363420486450195 -25.978126525878906 48.41793441772461
v 14.049498558044434 -23.756404876708984 56.30299758911133
v 13.10239028930664 -22.154932022094727 64.18848419189453
v 12.82052993774414 -21.67833137512207 68.13774871826172
v 12.70350170135498 -21.48044776916504 76.05770874023438
v 12.689423561096191 -21.45664405822754 72.09416961669922
v 12.852392196655273 -21.732210159301758 80.02786254882812
v 13.51313304901123 -22.849458694458008 87.98594665527344
v 14.588682174682617 -24.668113708496094 95.96435546875
v 15.996079444885254 -27.047895431518555 103.95903778076172
v 17.652362823486328 -29.8485164642334 111.9659194946289
v 21.37973976135254 -36.15116500854492 128
v 26.781288146972656 -42.200557708740234 8.287424087524414
v 26.528888702392578 -41.80284118652344 12.395295143127441
v 26.0929012298584 -41.1158332824707 16.475318908691406
v 24.778701782226562 -39.044986724853516 24.561986923217773
v 23.0557861328125 -36.33010482788086 32.56775665283203
v 19.252182006835938 -30.33658218383789 48.41793441772461
v 17.605680465698242 -27.742115020751953 56.30299758911133
v 16.418842315673828 -25.87195587158203 64.18848419189453
v 16.065637588500977 -25.315397262573242 68.13774871826172
v 15.901347160339355 -25.056514739990234 72.09416961669922
v 15.918989181518555 -25.084312438964844 76.05770874023438
v 16.105566024780273 -25.378311157226562 80.02786254882812
v 16.933551788330078 -26.683008193969727 87.98594665527344
v 18.281341552734375 -28.806787490844727 95.96435546875
v 20.044979095458984 -31.585830688476562 103.95903778076172
v 22.12049674987793 -34.856327056884766 111.9659194946289
v 26.791339874267578 -42.21639633178711 128
v 26.791339874267578 -42.21639633178711 0
v 23.607501983642578 -34.73738479614258 0
v 23.59864616394043 -34.7243537902832 8.287424087524414
v 23.37624168395996 -34.3970947265625 12.395295143127441
v 22.9920654296875 -33.83179473876953 16.475318908691406
v 21.834041595458984 -32.12781524658203 24.561986923217773
v 20.315874099731445 -29.893901824951172 32.56775665283203
v 16.964284896850586 -24.962186813354492 48.41793441772461
v 15.51345157623291 -22.827350616455078 56.30299758911133
v 14.467656135559082 -21.288509368896484 64.18848419189453
v 14.156425476074219 -20.830547332763672 68.13774871826172
v 14.027202606201172 -20.640403747558594 76.05770874023438
v 14.01165771484375 -20.617528915405273 72.09416961669922
v 14.191607475280762 -20.8823184967041 80.02786254882812
v 14.921196937561035 -21.955873489379883 87.98594665527344
v 16.10881805419922 -23.703407287597656 95.96435546875
v 17.662866592407227 -25.99011993408203 103.95903778076172
v 19.49173355102539 -28.681215286254883 111.9659194946289
v 23.607501983642578 -34.73738479614258 128
v 29.378236770629883 -40.43567657470703 8.287424087524414
v 29.101364135742188 -40.054588317871094 12.395295143127441
v 28.623096466064453 -39.39631271362305 16.475318908691406
v 27.181461334228516 -37.41207504272461 24.561986923217773
v 25.29147720336914 -34.81072998046875 32.56775665283203
v 21.119041442871094 -29.067867279052734 48.41793441772461
v 19.312883377075195 -26.58190155029297 56.30299758911133
v 18.010957717895508 -24.78995704650879 64.18848419189453
v 17.623502731323242 -24.256671905517578 68.13774871826172
v 17.443283081054688 -24.008617401123047 72.09416961669922
v 17.46263313293457 -24.035253524780273 76.05770874023438
v 17.66730308532715 -24.316957473754883 80.02786254882812
v 18.575576782226562 -25.567089080810547 87.98594665527344
v 20.054061889648438 -27.602048873901367 95.96435546875
v 21.98871421813965 -30.264869689941406 103.95903778076172
v 24.265493392944336 -33.39858627319336 111.9659194946289
v 29.389263153076172 -40.45084762573242 128
v 29.389263153076172 -40.45084762573242 0
v 25.742095947265625 -33.1865119934082 0
v 25.732439041137695 -33.1740608215332 8.287424087524414
v 25.489925384521484 -32.861412048339844 12.395295143127441
v 25.07101058959961 -32.321353912353516 16.475318908691406
v 23.80828094482422 -30.693449020385742 24.561986923217773
v 22.15283966064453 -28.559268951416016 32.56775665283203
v 18.498197555541992 -23.847732543945312 48.41793441772461
v 16.916181564331055 -21.808208465576172 56.30299758911133
v 15.775823593139648 -20.338069915771484 64.18848419189453
v 15.43645191192627 -19.90055274963379 68.13774871826172
v 15.295544624328613 -19.71889877319336 76.05770874023438
v 15.278594970703125 -19.697046279907227 72.09416961669922
v 15.47481632232666 -19.95001220703125 80.02786254882812
v 16.270374298095703 -20.97563934326172 87.98594665527344
v 17.565380096435547 -22.645153045654297 95.96435546875
v 19.259946823120117 -24.82977294921875 103.95903778076172
v 21.254180908203125 -27.400724411010742 111.9659194946289
v 25.742095947265625 -33.1865119934082 128
v 31.85924530029297 -38.511207580566406 8.287424087524414
v 31.55898666381836 -38.14826202392578 12.395295143127441
v 31.04033088684082 -37.52131271362305 16.475318908691406
v 29.476947784423828 -35.63151168823242 24.561986923217773
v 27.427352905273438 -33.15397262573242 32.56775665283203
v 22.90255355834961 -27.684431076049805 48.41793441772461
v 20.943864822387695 -25.316783905029297 56.30299758911133
v 19.531991958618164 -23.610122680664062 64.18848419189453
v 19.11181640625 -23.102218627929688 68.13774871826172
v 18.91637420654297 -22.865970611572266 72.09416961669922
v 18.937360763549805 -22.89133644104004 76.05770874023438
v 19.15931510925293 -23.15963363647461 80.02786254882812
v 20.1442928314209 -24.350269317626953 87.98594665527344
v 21.747636795043945 -26.28837776184082 95.96435546875
v 23.845672607421875 -28.824464797973633 103.95903778076172
v 26.314725875854492 -31.809040069580078 111.9659194946289
v 31.871200561523438 -38.52566146850586 128
v 31.871200561523438 -38.52566146850586 0
v 27.775096893310547 -31.50466537475586 0
v 27.764678955078125 -31.492847442626953 8.287424087524414
v 27.50301170349121 -31.196043014526367 12.395295143127441
v 27.05101203918457 -30.683351516723633 16.475318908691406
v 25.688556671142578 -29.137948989868164 24.561986923217773
v 23.902376174926758 -27.11192512512207 32.56775665283203
v 19.9591064453125 -22.639162063598633 48.41793441772461
v 18.25214958190918 -20.702999114990234 56.30299758911133
v 17.021730422973633 -19.307363510131836 64.18848419189453
v 16.65555763244629 -18.89202117919922 68.13774871826172
v 16.503522872924805 -18.719572067260742 76.05770874023438
v 16.485233306884766 -18.69882583618164 72.09416961669922
v 16.696950912475586 -18.938974380493164 80.02786254882812
v 17.555339813232422 -19.91262435913086 87.98594665527344
v 18.952621459960938 -21.497528076171875 95.96435546875
v 20.781015396118164 -23.571435928344727 103.95903778076172
v 22.9327449798584 -26.012094497680664 111.9659194946289
v 27.775096893310547 -31.50466537475586 128
v 34.214515686035156 -36.434757232666016 8.287424087524414
v 33.89206314086914 -36.09138107299805 12.395295143127441
v 33.33506393432617 -35.498233795166016 16.475318908691406
v 31.656105041503906 -33.7103271484375 24.561986923217773
v 29.454986572265625 -31.366374969482422 32.56775665283203
v 24.59568214416504 -26.191740036010742 48.41793441772461
v 22.492191314697266 -23.951749801635742 56.30299758911133
v 20.975942611694336 -22.337108612060547 64.18848419189453
v 20.524703979492188 -21.85658836364746 68.13774871826172
v 20.3148136138916 -21.633079528808594 72.09416961669922
v 20.337350845336914 -21.657079696655273 76.05770874023438
v 20.575714111328125 -21.91090965270996 80.02786254882812
v 21.633508682250977 -23.0373477935791 87.98594665527344
v 23.355382919311523 -24.87095832824707 95.96435546875
v 25.6085205078125 -27.270305633544922 103.95903778076172
v 28.260107040405273 -30.093955993652344 111.9659194946289
v 34.22735595703125 -36.448429107666016 128
v 34.22735595703125 -36.448429107666016 0
v 29.698486328125 -29.698486328125 0
v 29.68734359741211 -29.68734359741211 8.287424087524414
v 29.407556533813477 -29.407556533813477 12.395295143127441
v 28.924259185791016 -28.924259185791016 16.475318908691406
v 27.467453002929688 -27.467453002929688 24.561986923217773
v 25.55758285522461 -25.55758285522461 32.56775665283203
v 21.34124755859375 -21.34124755859375 48.41793441772461
v 19.516084671020508 -19.516084671020508 56.30299758911133
v 18.200462341308594 -18.200462341308594 64.18848419189453
v 17.808931350708008 -17.808931350708008 68.13774871826172
v 17.6463680267334 -17.6463680267334 76.05770874023438
v 17.626811981201172 -17.626811981201172 72.09416961669922
v 17.853191375732422 -17.853191375732422 80.02786254882812
v 18.77102279663086 -18.77102279663086 87.98594665527344
v 20.26506233215332 -20.26506233215332 95.96435546875
v 22.22007179260254 -22.22007179260254 103.95903778076172
v 24.52080535888672 -24.52080535888672 111.9659194946289
v 29.698486328125 -29.698486328125 128
v 36.434757232666016 -34.214515686035156 8.287424087524414
v 36.09138107299805 -33.89206314086914 12.395295143127441
v 35.498233795166016 -33.33506393432617 16.475318908691406
v 33.7103271484375 -31.656105041503906 24.561986923217773
v 31.366374969482422 -29.454986572265625 32.56775665283203
v 26.191740036010742 -24.59568214416504 48.41793441772461
v 23.951749801635742 -22.492191314697266 56.30299758911133
v 22.337108612060547 -20.975942611694336 64.18848419189453
v 21.85658836364746 -20.524703979492188 68.13774871826172
v 21.633079528808594 -20.3148136138916 72.09416961669922
v 21.657079696655273 -20.337350845336914 76.05770874023438
v 21.91090965270996 -20.575714111328125 80.02786254882812
v 23.0373477935791 -21.633508682250977 87.98594665527344
v 24.87095832824707 -23.355382919311523 95.96435546875
v 27.270305633544922 -25.6085205078125 103.95903778076172
v 30.093955993652344 -28.260107040405273 111.9659194946289
v 36.448429107666016 -34.22735595703125 128
v 36.448429107666016 -34.22735595703125 0
v 31.50466537475586 -27.775096893310547 0
v 31.492847442626953 -27.764678955078125 8.287424087524414
v 31.196043014526367 -27.50301170349121 12.395295143127441
v 30.683351516723633 -27.05101203918457 16.475318908691406
v 29.137948989868164 -25.688556671142578 24.561986923217773
v 27.11192512512207 -23.902376174926758 32.56775665283203
v 22.639162063598633 -19.9591064453125 48.41793441772461
v 20.702999114990234 -18.25214958190918 56.30299758911133
v 19.307363510131836 -17.021730422973633 64.18848419189453
v 18.89202117919922 -16.65555763244629 68.13774871826172
v 18.719572067260742 -16.503522872924805 76.05770874023438
v 18.69882583618164 -16.485233306884766 72.09416961669922
v 18.938974380493164 -16.696950912475586 80.02786254882812
v 19.91262435913086 -17.555339813232422 87.98594665527344
v 21.497528076171875 -18.952621459960938 95.96435546875
v 23.571435928344727 -20.781015396118164 103.95903778076172
v 26.012094497680664 -22.9327449798584 111.9659194946289
v 31.50466537475586 -27.775096893310547 128
v 38.511207580566406 -31.85924530029297 8.287424087524414
v 38.14826202392578 -31.55898666381836 12.395295143127441
v 37.52131271362305 -31.04033088684082 16.475318908691406
v 35.63151168823242 -29.476947784423828 24.561986923217773
v 33.15397262573242 -27.427352905273438 32.56775665283203
v 27.684431076049805 -22.90255355834961 48.41793441772461
v 25.316783905029297 -20.943864822387695 56.30299758911133
v 23.610122680664062 -19.531991958618164 64.18848419189453
v 23.102218627929688 -19.11181640625 68.13774871826172
v 22.865970611572266 -18.91637420654297 72.09416961669922
v 22.89133644104004 -18.937360763549805 76.05770874023438
v 23.15963363647461 -19.15931510925293 80.02786254882812
v 24.350269317626953 -20.1442928314209 87.98594665527344
v 26.28837776184082 -21.747636795043945 95.96435546875
v 28.824464797973633 -23.845672607421875 103.95903778076172
v 31.809040069580078 -26.314725875854492 111.9659194946289
v 38.52566146850586 -31.871200561523438 128
v 38.52566146850586 -31.871200561523438 0
v 33.1865119934082 -25.742095947265625 0
v 33.1740608215332 -25.732439041137695 8.287424087524414
v 32.861412048339844 -25.489925384521484 12.395295143127441
v 32.321353912353516 -25.07101058959961 16.475318908691406
v 30.693449020385742 -23.80828094482422 24.561986923217773
v 28.559268951416016 -22.15283966064453 32.56775665283203
v 23.847732543945312 -18.498197555541992 48.41793441772461
v 21.808208465576172 -16.916181564331055 56.30299758911133
v 20.338069915771484 -15.775823593139648 64.18848419189453
v 19.90055274963379 -15.43645191192627 68.13774871826172
v 19.71889877319336 -15.295544624328613 76.05770874023438
v 19.697046279907227 -15.278594970703125 72.09416961669922
v 19.95001220703125 -15.47481632232666 80.02786254882812
v 20.97563934326172 -16.270374298095703 87.98594665527344
v 22.645153045654297 -17.565380096435547 95.96435546875
v 24.82977294921875 -19.259946823120117 103.95903778076172
v 27.400724411010742 -21.254180908203125 111.9659194946289
v 33.1865119934082 -25.742095947265625 128
v 40.43567657470703 -29.378236770629883 8.287424087524414
v 40.054588317871094 -29.101364135742188 12.395295143127441
v 39.39631271362305 -28.623096466064453 16.475318908691406
v 37.41207504272461 -27.181461334228516 24.561986923217773
v 34.81072998046875 -25.29147720336914 32.56775665283203
v 29.067867279052734 -21.119041442871094 48.41793441772461
v 26.58190155029297 -19.312883377075195 56.30299758911133
v 24.78995704650879 -18.010957717895508 64.18848419189453
v 24.256671905517578 -17.623502731323242 68.13774871826172
v 24.008617401123047 -17.443283081054688 72.09416961669922
v 24.035253524780273 -17.46263313293457 76.05770874023438
v 24.316957473754883 -17.66730308532715 80.02786254882812
v 25.567089080810547 -18.575576782226562 87.98594665527344
v 27.602048873901367 -20.054061889648438 95.96435546875
v 30.264869689941406 -21.98871421813965 103.95903778076172
v 33.39858627319336 -24.265493392944336 111.9659194946289
v 40.45084762573242 -29.389263153076172 128
v 40.45084762573242 -29.389263153076172 0
v 34.73738479614258 -23.607501983642578 0
v 34.7243537902832 -23.59864616394043 8.287424087524414
v 34.3970947265625 -23.37624168395996 12.395295143127441
v 33.83179473876953 -22.9920654296875 16.475318908691406
v 32.12781524658203 -21.834041595458984 24.561986923217773
v 29.893901824951172 -20.315874099731445 32.56775665283203
v 24.962186813354492 -16.964284896850586 48.41793441772461
v 22.827350616455078 -15.51345157623291 56.30299758911133
v 21.288509368896484 -14.467656135559082 64.18848419189453
v 20.830547332763672 -14.156425476074219 68.13774871826172
v 20.640403747558594 -14.027202606201172 76.05770874023438
v 20.617528915405273 -14.01165771484375 72.09416961669922
v 20.8823184967041 -14.191607475280762 80.02786254882812
v 21.955873489379883 -14.921196937561035 87.98594665527344
v 23.703407287597656 -16.10881805419922 95.96435546875
v 25.99011993408203 -17.662866592407227 103.95903778076172
v 28.681215286254883 -19.49173355102539 111.9659194946289
v 34.73738479614258 -23.607501983642578 128
v 42.200557708740234 -26.781288146972656 8.287424087524414
v 41.80284118652344 -26.528888702392578 12.395295143127441
v 41.1158332824707 -26.0929012298584 16.475318908691406
v 39.044986724853516 -24.778701782226562 24.561986923217773
v 36.33010482788086 -23.0557861328125 32.56775665283203
v 30.33658218383789 -19.252182006835938 48.41793441772461
v 27.742115020751953 -17.605680465698242 56.30299758911133
v 25.87195587158203 -16.418842315673828 64.18848419189453
v 25.315397262573242 -16.065637588500977 68.13774871826172
v 25.056514739990234 -15.901347160339355 72.09416961669922
v 25.084312438964844 -15.918989181518555 76.05770874023438
v 25.378311157226562 -16.105566024780273 80.02786254882812
v 26.683008193969727 -16.933551788330078 87.98594665527344
v 28.806787490844727 -18.281341552734375 95.96435546875
v 31.585830688476562 -20.044979095458984 103.95903778076172
v 34.856327056884766 -22.12049674987793 111.9659194946289
v 42.21639633178711 -26.791339874267578 128
v 42.21639633178711 -26.791339874267578 0
v 36.15116500854492 -21.37973976135254 0
v 36.137603759765625 -21.371719360351562 8.287424087524414
v 35.797027587890625 -21.17030143737793 12.395295143127441
v 35.20872116088867 -20.82238006591797 16.475318908691406
v 33.435394287109375 -19.773635864257812 24.561986923217773
v 31.110557556152344 -18.398731231689453 32.56775665283203
v 25.978126525878906 -15.363420486450195 48.41793441772461
v 23.756404876708984 -14.049498558044434 56.30299758911133
v 22.154932022094727 -13.10239028930664 64.18848419189453
v 21.67833137512207 -12.82052993774414 68.13774871826172
v 21.48044776916504 -12.70350170135498 76.05770874023438
v 21.45664405822754 -12.689423561096191 72.09416961669922
v 21.732210159301758 -12.852392196655273 80.02786254882812
v 22.849458694458008 -13.51313304901123 87.98594665527344
v 24.668113708496094 -14.588682174682617 95.96435546875
v 27.047895431518555 -15.996079444885254 103.95903778076172
v 29.8485164642334 -17.652362823486328 111.9659194946289
v 36.15116500854492 -21.37973976135254 128
v 43.79889678955078 -24.07864761352539 8.287424087524414
v 43.38611602783203 -23.85171890258789 12.395295143127441
v 42.67308807373047 -23.459728240966797 16.475318908691406
v 40.523807525634766 -22.278152465820312 24.561986923217773
v 37.70610046386719 -20.72910499572754 32.56775665283203
v 31.485576629638672 -17.309341430664062 48.41793441772461
v 28.792842864990234 -15.828998565673828 56.30299758911133
v 26.851852416992188 -14.761930465698242 64.18848419189453
v 26.274211883544922 -14.44437026977539 68.13774871826172
v 26.005525588989258 -14.296658515930176 72.09416961669922
v 26.03437614440918 -14.312519073486328 76.05770874023438
v 26.339509963989258 -14.480268478393555 80.02786254882812
v 27.693622589111328 -15.22469711303711 87.98594665527344
v 29.897838592529297 -16.43647575378418 95.96435546875
v 32.78213882446289 -18.022132873535156 103.95903778076172
v 36.1765022277832 -19.888200759887695 111.9659194946289
v 43.81533432006836 -24.087684631347656 128
v 43.81533432006836 -24.087684631347656 0
v 37.422271728515625 -19.06760025024414 0
v 37.40823745727539 -19.060447692871094 8.287424087524414
v 37.05568313598633 -18.880813598632812 12.395295143127441
v 36.44668960571289 -18.57051658630371 16.475318908691406
v 34.61101150512695 -17.635190963745117 24.561986923217773
v 32.20443344116211 -16.408977508544922 32.56775665283203
v 26.89154052734375 -13.701924324035645 48.41793441772461
v 24.59170150756836 -12.530097961425781 56.30299758911133
v 22.93391990661621 -11.685416221618652 64.18848419189453
v 22.440561294555664 -11.434037208557129 68.13774871826172
v 22.235721588134766 -11.329666137695312 76.05770874023438
v 22.21108055114746 -11.317111015319824 72.09416961669922
v 22.496334075927734 -11.462454795837402 80.02786254882812
v 23.652868270874023 -12.051737785339355 87.98594665527344
v 25.53546714782715 -13.010971069335938 95.96435546875
v 27.99892234802246 -14.26616382598877 103.95903778076172
v 30.89801788330078 -15.743326187133789 111.9659194946289
v 37.422271728515625 -19.06760025024414 128
v 45.22438049316406 -21.280977249145508 8.287424087524414
v 44.79816436767578 -21.080415725708008 12.395295143127441
v 44.061927795410156 -20.733970642089844 16.475318908691406
v 41.84269714355469 -19.689678192138672 24.561986923217773
v 38.93328857421875 -18.320613861083984 32.56775665283203
v 32.51030731201172 -15.298189163208008 48.41793441772461
v 29.729938507080078 -13.989846229553223 56.30299758911133
v 27.72577476501465 -13.046760559082031 64.18848419189453
v 27.129335403442383 -12.766096115112305 68.13774871826172
v 26.851903915405273 -12.635546684265137 72.09416961669922
v 26.88169288635254 -12.649564743041992 76.05770874023438
v 27.196760177612305 -12.797822952270508 80.02786254882812
v 28.594940185546875 -13.455758094787598 87.98594665527344
v 30.870895385742188 -14.526741981506348 95.96435546875
v 33.84906768798828 -15.928162574768066 103.95903778076172
v 37.35390853881836 -17.57741355895996 111.9659194946289
v 45.24135208129883 -21.288965225219727 128
v 45.24135208129883 -21.288965225219727 0
v 38.545692443847656 -16.68021011352539 0
v 38.53123474121094 -16.673954010009766 8.287424087524414
v 38.16809844970703 -16.516809463500977 12.395295143127441
v 37.54082489013672 -16.245365142822266 16.475318908691406
v 35.6500358581543 -15.427148818969727 24.561986923217773
v 33.17121505737305 -14.354466438293457 32.56775665283203
v 27.698827743530273 -11.986352920532227 48.41793441772461
v 25.32994842529297 -10.961246490478516 56.30299758911133
v 23.622398376464844 -10.222325325012207 64.18848419189453
v 23.11423110961914 -10.002420425415039 68.13774871826172
v 22.903240203857422 -9.911117553710938 76.05770874023438
v 22.877859115600586 -9.90013313293457 72.09416961669922
v 23.171676635742188 -10.027278900146484 80.02786254882812
v 24.36292839050293 -10.542780876159668 87.98594665527344
v 26.302045822143555 -11.381912231445312 95.96435546875
v 28.839454650878906 -12.47994613647461 103.95903778076172
v 31.825580596923828 -13.772157669067383 111.9659194946289
v 38.545692443847656 -16.68021011352539 128
v 46.47138214111328 -18.399322509765625 8.287424087524414
v 46.033416748046875 -18.225919723510742 12.395295143127441
v 45.276878356933594 -17.9263858795166 16.475318908691406
v 42.9964599609375 -17.023502349853516 24.561986923217773
v 40.0068244934082 -15.839820861816406 32.56775665283203
v 33.40673828125 -13.226662635803223 48.41793441772461
v 30.549701690673828 -12.09548282623291 56.30299758911133
v 28.490278244018555 -11.280098915100098 64.18848419189453
v 27.877389907836914 -11.037440299987793 68.13774871826172
v 27.592309951782227 -10.924568176269531 72.09416961669922
v 27.622920989990234 -10.936688423156738 76.05770874023438
v 27.946674346923828 -11.064870834350586 80.02786254882812
v 29.38340950012207 -11.63371467590332 87.98594665527344
v 31.72212028503418 -12.559676170349121 95.96435546875
v 34.782413482666016 -13.771331787109375 103.95903778076172
v 38.38389205932617 -15.197257041931152 111.9659194946289
v 46.488826751708984 -18.406227111816406 128
v 46.488826751708984 -18.406227111816406 0
v 39.51699447631836 -14.2269926071167 0
v 39.50217056274414 -14.221654891967773 8.287424087524414
v 39.1298828125 -14.087623596191406 12.395295143127441
v 38.48680114746094 -13.856101036071777 16.475318908691406
v 36.548370361328125 -13.158222198486328 24.561986923217773
v 34.007083892822266 -12.243303298950195 32.56775665283203
v 28.396799087524414 -10.223477363586426 48.41793441772461
v 25.96822738647461 -9.349136352539062 56.30299758911133
v 24.217649459838867 -8.718891143798828 64.18848419189453
v 23.69667625427246 -8.531328201293945 68.13774871826172
v 23.480369567871094 -8.453453063964844 76.05770874023438
v 23.454349517822266 -8.444086074829102 72.09416961669922
v 23.755571365356445 -8.552531242370605 80.02786254882812
v 24.976842880249023 -8.992216110229492 87.98594665527344
v 26.964820861816406 -9.70793342590332 95.96435546875
v 29.56616973876953 -10.644474983215332 103.95903778076172
v 32.627540588378906 -11.746637344360352 111.9659194946289
v 39.51699447631836 -14.2269926071167 128
v 47.53498840332031 -15.445053100585938 8.287424087524414
v 47.08699417114258 -15.299492835998535 12.395295143127441
v 46.31314468383789 -15.048052787780762 16.475318908691406
v 43.980525970458984 -14.290140151977539 24.561986923217773
v 40.92246627807617 -13.296515464782715 32.56775665283203
v 34.171329498291016 -11.102936744689941 48.41793441772461
v 31.2489013671875 -10.153383255004883 56.30299758911133
v 29.14234161376953 -9.468921661376953 64.18848419189453
v 28.51542854309082 -9.26522445678711 68.13774871826172
v 28.22382164001465 -9.170475006103516 72.09416961669922
v 28.25513458251953 -9.180648803710938 76.05770874023438
v 28.58629608154297 -9.288251876831055 80.02786254882812
v 30.05591583251953 -9.765759468078613 87.98594665527344
v 32.44815444946289 -10.543045043945312 95.96435546875
v 35.5784912109375 -11.560151100158691 103.95903778076172
v 39.262393951416016 -12.757124900817871 111.9659194946289
v 47.552825927734375 -15.450850486755371 128
v 47.552825927734375 -15.450850486755371 0
v 40.33233642578125 -11.717626571655273 0
v 40.317203521728516 -11.713231086730957 8.287424087524414
v 39.93723678588867 -11.602839469909668 12.395295143127441
v 39.280887603759766 -11.412153244018555 16.475318908691406
v 37.302459716796875 -10.837367057800293 24.561986923217773
v 34.708740234375 -10.083821296691895 32.56775665283203
v 28.982702255249023 -8.420252799987793 48.41793441772461
v 26.50402069091797 -7.700129985809326 56.30299758911133
v 24.71732521057129 -7.181046962738037 64.18848419189453
v 24.185604095458984 -7.026566982269287 68.13774871826172
v 23.964834213256836 -6.962427616119385 76.05770874023438
v 23.938276290893555 -6.9547119140625 72.09416961669922
v 24.245710372924805 -7.04403018951416 80.02786254882812
v 25.4921817779541 -7.406163215637207 87.98594665527344
v 27.521177291870117 -7.995641708374023 95.96435546875
v 30.176198959350586 -8.766995429992676 103.95903778076172
v 33.30073547363281 -9.674757957458496 111.9659194946289
v 40.33233642578125 -11.717626571655273 128
v 48.410987854003906 -12.429829597473145 8.287424087524414
v 47.954742431640625 -12.312685012817383 12.395295143127441
v 47.166629791259766 -12.110332489013672 16.475318908691406
v 44.7910270690918 -11.500381469726562 24.561986923217773
v 41.67660903930664 -10.700735092163086 32.56775665283203
v 34.801055908203125 -8.935392379760742 48.41793441772461
v 31.82477569580078 -8.171213150024414 56.30299758911133
v 29.67939567565918 -7.620373249053955 64.18848419189453
v 29.04092788696289 -7.456442832946777 68.13774871826172
v 28.743947982788086 -7.380191802978516 72.09416961669922
v 28.775836944580078 -7.388379096984863 76.05770874023438
v 29.113101959228516 -7.474974155426025 80.02786254882812
v 30.609804153442383 -7.859261512756348 87.98594665527344
v 33.04612731933594 -8.484803199768066 95.96435546875
v 36.23414993286133 -9.303348541259766 103.95903778076172
v 39.98594284057617 -10.266645431518555 111.9659194946289
v 48.42915725708008 -12.434494972229004 128
v 48.42915725708008 -12.434494972229004 0
v 40.98850631713867 -9.162015914916992 0
v 40.97312545776367 -9.158578872680664 8.287424087524414
v 40.586978912353516 -9.072264671325684 12.395295143127441
v 39.91994857788086 -8.923166275024414 16.475318908691406
v 37.90933609008789 -8.473740577697754 24.561986923217773
v 35.27341842651367 -7.884543418884277 32.56775665283203
v 29.4542236328125 -6.583799362182617 48.41793441772461
v 26.935218811035156 -6.020734786987305 56.30299758911133
v 25.11945343017578 -5.614863395690918 64.18848419189453
v 24.57908058166504 -5.494075298309326 68.13774871826172
v 24.354719161987305 -5.443924427032471 76.05770874023438
v 24.327728271484375 -5.437891960144043 72.09416961669922
v 24.640167236328125 -5.507730007171631 80.02786254882812
v 25.90691566467285 -5.790881633758545 87.98594665527344
v 27.968923568725586 -6.251794815063477 95.96435546875
v 30.66713523864746 -6.854917049407959 103.95903778076172
v 33.842506408691406 -7.564696311950684 111.9659194946289
v 40.98850631713867 -9.162015914916992 128
v 49.09593963623047 -9.365550994873047 8.287424087524414
v 48.633235931396484 -9.2772855758667 12.395295143127441
v 47.8339729309082 -9.124817848205566 16.475318908691406
v 45.42475891113281 -8.66523551940918 24.561986923217773
v 42.26628112792969 -8.062724113464355 32.56775665283203
v 35.29344177246094 -6.732583999633789 48.41793441772461
v 32.27505111694336 -6.156795024871826 56.30299758911133
v 30.09931755065918 -5.741751670837402 64.18848419189453
v 29.451814651489258 -5.618234157562256 68.13774871826172
v 29.150634765625 -5.560781002044678 72.09416961669922
v 29.182973861694336 -5.566949844360352 76.05770874023438
v 29.52501106262207 -5.632197380065918 80.02786254882812
v 31.042890548706055 -5.921748161315918 87.98594665527344
v 33.5136833190918 -6.393077373504639 95.96435546875
v 36.74681091308594 -7.009829521179199 103.95903778076172
v 40.55168914794922 -7.7356486320495605 111.9659194946289
v 49.11436080932617 -9.36906623840332 128
v 49.11436080932617 -9.36906623840332 0
v 41.48291015625 -6.570247650146484 0
v 41.467350006103516 -6.567782878875732 8.287424087524414
v 41.076541900634766 -6.505885124206543 12.395295143127441
v 40.40147018432617 -6.3989644050598145 16.475318908691406
v 38.366600036621094 -6.076672554016113 24.561986923217773
v 35.698890686035156 -5.654148578643799 32.56775665283203
v 29.80950355529785 -4.72136116027832 48.41793441772461
v 27.26011085510254 -4.317577362060547 56.30299758911133
v 25.422447204589844 -4.026520252227783 64.18848419189453
v 24.87555503845215 -3.939901113510132 68.13774871826172
v 24.648487091064453 -3.9039368629455566 76.05770874023438
v 24.621171951293945 -3.8996105194091797 72.09416961669922
v 24.9373779296875 -3.949692487716675 80.02786254882812
v 26.219406127929688 -4.152745723724365 87.98594665527344
v 28.306285858154297 -4.483274936676025 95.96435546875
v 31.037046432495117 -4.91578483581543 103.95903778076172
v 34.25071716308594 -5.42478084564209 111.9659194946289
v 41.48291015625 -6.570247650146484 128
v 49.587127685546875 -6.264310836791992 8.287424087524414
v 49.11979293823242 -6.205272674560547 12.395295143127441
v 48.31253433227539 -6.103292465209961 16.475318908691406
v 45.87921905517578 -5.79589319229126 24.561986923217773
v 42.68913650512695 -5.392892360687256 32.56775665283203
v 35.646541595458984 -4.503205299377441 48.41793441772461
v 32.59794998168945 -4.118078708648682 56.30299758911133
v 30.400449752807617 -3.8404700756073 64.18848419189453
v 29.746471405029297 -3.7578532695770264 68.13774871826172
v 29.442276000976562 -3.7194244861602783 72.09416961669922
v 29.474939346313477 -3.723550796508789 76.05770874023438
v 29.82040023803711 -3.7671926021575928 80.02786254882812
v 31.35346221923828 -3.9608635902404785 87.98594665527344
v 33.84897994995117 -4.276120185852051 95.96435546875
v 37.11445236206055 -4.688645839691162 103.95903778076172
v 40.957393646240234 -5.174122333526611 111.9659194946289
v 49.605735778808594 -6.266661643981934 128
v 49.605735778808594 -6.266661643981934 0
v 41.813602447509766 -3.9525492191314697 0
v 41.797916412353516 -3.951066732406616 8.287424087524414
v 41.403995513916016 -3.9138295650482178 12.395295143127441
v 40.723541259765625 -3.849508047103882 16.475318908691406
v 38.67245101928711 -3.655622959136963 24.561986923217773
v 35.98347473144531 -3.401439666748047 32.56775665283203
v 30.047138214111328 -2.8402907848358154 48.41793441772461
v 27.4774227142334 -2.597381114959717 56.30299758911133
v 25.62510871887207 -2.422286033630371 64.18848419189453
v 25.0738582611084 -2.3701772689819336 68.13774871826172
v 24.84497833251953 -2.3485419750213623 76.05770874023438
v 24.817445755004883 -2.3459393978118896 72.09416961669922
v 25.136173248291016 -2.376067876815796 80.02786254882812
v 26.428421020507812 -2.4982213973999023 87.98594665527344
v 28.531936645507812 -2.6970620155334473 95.96435546875
v 31.284465789794922 -2.9572527408599854 103.95903778076172
v 34.52375411987305 -3.263455867767334 111.9659194946289
v 41.813602447509766 -3.9525492191314697 128
v 49.88261795043945 -3.138348340988159 8.287424087524414
v 49.412498474121094 -3.1087710857391357 12.395295143127441
v 48.600433349609375 -3.0576798915863037 16.475318908691406
v 46.15261459350586 -2.9036762714385986 24.561986923217773
v 42.94352340698242 -2.701777458190918 32.56775665283203
v 35.85895919799805 -2.256054401397705 48.41793441772461
v 32.79220199584961 -2.0631103515625 56.30299758911133
v 30.581605911254883 -1.9240316152572632 64.18848419189453
v 29.923730850219727 -1.8826415538787842 68.13774871826172
v 29.61772346496582 -1.863389253616333 72.09416961669922
v 29.65058135986328 -1.865456461906433 76.05770874023438
v 29.99810028076172 -1.8873205184936523 80.02786254882812
v 31.540300369262695 -1.9843473434448242 87.98594665527344
v 34.05068588256836 -2.142287492752075 95.96435546875
v 37.33561706542969 -2.3489577770233154 103.95903778076172
v 41.20146179199219 -2.5921761989593506 111.9659194946289
v 49.901336669921875 -3.139525890350342 128
v 49.901336669921875 -3.139525890350342 0
v 41.97927474975586 -1.3192518949508667 0
v 41.96352767944336 -1.3187569379806519 8.287424087524414
v 41.56804275512695 -1.3063284158706665 12.395295143127441
v 40.884891510009766 -1.2848596572875977 16.475318908691406
v 38.825679779052734 -1.2201460599899292 24.561986923217773
v 36.12604904174805 -1.1353068351745605 32.56775665283203
v 30.166189193725586 -0.9480106234550476 48.41793441772461
v 27.586294174194336 -0.8669341802597046 56.30299758911133
v 25.726640701293945 -0.8084922432899475 64.18848419189453
v 25.17320442199707 -0.7910997867584229 68.13774871826172
v 24.943418502807617 -0.78387850522995 76.05770874023438
v 24.9157772064209 -0.7830098867416382 72.09416961669922
v 25.235767364501953 -0.7930659055709839 80.02786254882812
v 26.53313636779785 -0.8338373899459839 87.98594665527344
v 28.64498519897461 -0.9002049565315247 95.96435546875
v 31.408422470092773 -0.987049400806427 103.95903778076172
v 34.660545349121094 -1.0892515182495117 111.9659194946289
v 41.97927474975586 -1.3192518949508667 128
v 49.98124313354492 3.21404641883691e-21 8.287424087524414
v 49.510196685791016 8.39301975077712e-20 12.395295143127441
v 48.6965217590332 2.2335745450128234e-19 16.475318908691406
v 46.243865966796875 6.436323365548079e-19 24.561986923217773
v 43.0284309387207 1.1946128964805872e-18 32.56775665283203
v 35.92985916137695 2.4109878809016788e-18 48.41793441772461
v 32.85703659057617 2.9375307337980743e-18 56.30299758911133
v 30.642072677612305 3.3170761472182837e-18 64.18848419189453
v 29.982894897460938 3.4300293142236248e-18 68.13774871826172
v 29.67628288269043 3.482568931600849e-18 72.09416961669922
v 29.70920753479004 3.476927146232931e-18 76.05770874023438
v 30.057411193847656 3.417260747493103e-18 80.02786254882812
v 31.602659225463867 3.1524748567408973e-18 87.98594665527344
v 34.11800765991211 2.7214575093191163e-18 95.96435546875
v 37.4094352722168 2.1574549552026444e-18 103.95903778076172
v 41.28292465209961 1.4937138579566724e-18 111.9659194946289
v 50 2.1684043449710089e-16 128
v 50 2.1684043449710089e-16 0
vn -0.2239345908164978 0.9745914340019226 0.0049873096868395805
vn -0.22392350435256958 0.9745430946350098 -0.011134538799524307
vn -0.22392350435256958 0.9745430946350098 -0.011134538799524307
vn -0.22386287152767181 0.9742792844772339 -0.025794334709644318
vn -0.22386287152767181 0.9742792844772339 -0.025794334709644318
vn -0.22377043962478638 0.9738770127296448 -0.038605477660894394
vn -0.22377043962478638 0.9738770127296448 -0.038605477660894394
vn -0.22355449199676514 0.9729371666908264 -0.05845191702246666
vn -0.22355449199676514 0.9729371666908264 -0.05845191702246666
vn -0.22338330745697021 0.972192108631134 -0.07030192017555237
vn -0.22338330745697021 0.972192108631134 -0.07030192017555237
vn -0.22340251505374908 0.9722757339477539 -0.06907422840595245
vn -0.22340251505374908 0.9722757339477539 -0.06907422840595245
vn -0.22358916699886322 0.9730880260467529 -0.05574528127908707
vn -0.22358916699886322 0.9730880260467529 -0.05574528127908707
vn -0.2238084375858307 0.9740423560142517 -0.03393107280135155
vn -0.2238084375858307 0.9740423560142517 -0.03393107280135155
vn -0.22389309108257294 0.9744107723236084 -0.01988837495446205
vn -0.22389309108257294 0.9744107723236084 -0.01988837495446205
vn -0.22393406927585602 0.9745891094207764 -0.0054427036084234715
vn -0.22393406927585602 0.9745891094207764 -0.0054427036084234715
vn -0.22393028438091278 0.9745726585388184 0.007961706258356571
vn -0.22393028438091278 0.9745726585388184 0.007961706258356571
vn -0.22389110922813416 0.974402129650116 0.020328275859355927
vn -0.22389110922813416 0.974402129650116 0.020328275859355927
vn -0.22374004125595093 0.9737446904182434 0.041971758008003235
vn -0.22374004125595093 0.9737446904182434 0.041971758008003235
vn -0.22353999316692352 0.9728740453720093 0.0595477856695652
vn -0.22353999316692352 0.9728740453720093 0.0595477856695652
vn -0.22333784401416779 0.9719942808151245 0.07312534004449844
vn -0.22333784401416779 0.9719942808151245 0.07312534004449844
vn -0.2231689840555191 0.971259355545044 0.08276977390050888
vn -0.2231689840555191 0.971259355545044 0.08276977390050888
vn -0.22301943600177765 0.9706085324287415 0.0904512032866478
vn -0.22301943600177765 0.9706085324287415 0.0904512032866478
vn -0.2239345908164978 0.9745914340019226 0.0049873096868395805
vn -0.10002011060714722 -0.9949729442596436 0.0049873096868395805
vn -0.10002011060714722 -0.9949729442596436 0.0049873096868395805
vn -0.10001515597105026 -0.9949235916137695 -0.011134538799524307
vn -0.10001515597105026 -0.9949235916137695 -0.011134538799524307
vn -0.09998807311058044 -0.9946542382240295 -0.025794334709644318
vn -0.09998807311058044 -0.9946542382240295 -0.025794334709644318
vn -0.09994678944349289 -0.9942435622215271 -0.038605477660894394
vn -0.09994678944349289 -0.9942435622215271 -0.038605477660894394
vn -0.09985034167766571 -0.9932841062545776 -0.05845191702246666
vn -0.09985034167766571 -0.9932841062545776 -0.05845191702246666
vn -0.09977387636899948 -0.9925234317779541 -0.07030192017555237
vn -0.09977387636899948 -0.9925234317779541 -0.07030192017555237
vn -0.09978245943784714 -0.9926087856292725 -0.06907422840595245
vn -0.09978245943784714 -0.9926087856292725 -0.06907422840595245
vn -0.09986582398414612 -0.9934381246566772 -0.05574528127908707
vn -0.09986582398414612 -0.9934381246566772 -0.05574528127908707
vn -0.09996376186609268 -0.994412362575531 -0.03393107280135155
vn -0.09996376186609268 -0.994412362575531 -0.03393107280135155
vn -0.10000157356262207 -0.9947884678840637 -0.01988837495446205
vn -0.10000157356262207 -0.9947884678840637 -0.01988837495446205
vn -0.10001987218856812 -0.9949705600738525 -0.0054427036084234715
vn -0.10001818835735321 -0.9949537515640259 0.007961706258356571
vn -0.10001987218856812 -0.9949705600738525 -0.0054427036084234715
vn -0.10000068694353104 -0.9947797060012817 0.020328275859355927
vn -0.10001818835735321 -0.9949537515640259 0.007961706258356571
vn -0.0999332144856453 -0.9941084980964661 0.041971758008003235
vn -0.10000068694353104 -0.9947797060012817 0.020328275859355927
vn -0.09984385967254639 -0.9932196736335754 0.0595477856695652
vn -0.0999332144856453 -0.9941084980964661 0.041971758008003235
vn -0.09975357353687286 -0.9923214912414551 0.07312534004449844
vn -0.09984385967254639 -0.9932196736335754 0.0595477856695652
vn -0.0996781513094902 -0.9915711879730225 0.08276977390050888
vn -0.09975357353687286 -0.9923214912414551 0.07312534004449844
vn -0.09961135685443878 -0.9909067153930664 0.0904512032866478
vn -0.0996781513094902 -0.9915711879730225 0.08276977390050888
vn -0.09961135685443878 -0.9909067153930664 0.0904512032866478
vn -0.2846878170967102 0.9586073160171509 0.0049873096868395805
vn -0.2846737205982208 0.9585598111152649 -0.011134538799524307
vn -0.2846737205982208 0.9585598111152649 -0.011134538799524307
vn -0.28459662199020386 0.9583002924919128 -0.025794334709644318
vn -0.28459662199020386 0.9583002924919128 -0.025794334709644318
vn -0.2844791114330292 0.9579046368598938 -0.038605477660894394
vn -0.2844791114330292 0.9579046368598938 -0.038605477660894394
vn -0.2842046022415161 0.9569802284240723 -0.05845191702246666
vn -0.2842046022415161 0.9569802284240723 -0.05845191702246666
vn -0.2839869558811188 0.9562473893165588 -0.07030192017555237
vn -0.2839869558811188 0.9562473893165588 -0.07030192017555237
vn -0.2840113639831543 0.9563295841217041 -0.06907422840595245
vn -0.2840113639831543 0.9563295841217041 -0.06907422840595245
vn -0.2842486798763275 0.9571285843849182 -0.05574528127908707
vn -0.2842486798763275 0.9571285843849182 -0.05574528127908707
vn -0.28452742099761963 0.9580672383308411 -0.03393107280135155
vn -0.28452742099761963 0.9580672383308411 -0.03393107280135155
vn -0.2846350371837616 0.9584296345710754 -0.01988837495446205
vn -0.2846350371837616 0.9584296345710754 -0.01988837495446205
vn -0.2846871316432953 0.9586050510406494 -0.0054427036084234715
vn -0.2846871316432953 0.9586050510406494 -0.0054427036084234715
vn -0.28468233346939087 0.9585888385772705 0.007961706258356571
vn -0.28468233346939087 0.9585888385772705 0.007961706258356571
vn -0.28463253378868103 0.9584211707115173 0.020328275859355927
vn -0.28463253378868103 0.9584211707115173 0.020328275859355927
vn -0.2844404876232147 0.9577745199203491 0.041971758008003235
vn -0.2844404876232147 0.9577745199203491 0.041971758008003235
vn -0.28418615460395813 0.9569181203842163 0.0595477856695652
vn -0.28418615460395813 0.9569181203842163 0.0595477856695652
vn -0.28392916917800903 0.9560527801513672 0.07312534004449844
vn -0.28392916917800903 0.9560527801513672 0.07312534004449844
vn -0.28371450304985046 0.9553298950195312 0.08276977390050888
vn -0.28371450304985046 0.9553298950195312 0.08276977390050888
vn -0.28352436423301697 0.9546897411346436 0.0904512032866478
vn -0.28352436423301697 0.9546897411346436 0.0904512032866478
vn -0.2846878170967102 0.9586073160171509 0.0049873096868395805
vn -0.03734787926077843 -0.999289870262146 0.0049873096868395805
vn -0.03734787926077843 -0.999289870262146 0.0049873096868395805
vn -0.03734602779150009 -0.9992403388023376 -0.011134538799524307
vn -0.03734602779150009 -0.9992403388023376 -0.011134538799524307
vn -0.037335917353630066 -0.9989697933197021 -0.025794334709644318
vn -0.037335917353630066 -0.9989697933197021 -0.025794334709644318
vn -0.03732050210237503 -0.9985573291778564 -0.038605477660894394
vn -0.03732050210237503 -0.9985573291778564 -0.038605477660894394
vn -0.0372844859957695 -0.9975937008857727 -0.05845191702246666
vn -0.0372844859957695 -0.9975937008857727 -0.05845191702246666
vn -0.03725593537092209 -0.9968298077583313 -0.07030192017555237
vn -0.03725593537092209 -0.9968298077583313 -0.07030192017555237
vn -0.03725913539528847 -0.9969155192375183 -0.06907422840595245
vn -0.03725913539528847 -0.9969155192375183 -0.06907422840595245
vn -0.037290267646312714 -0.9977484345436096 -0.05574528127908707
vn -0.037290267646312714 -0.9977484345436096 -0.05574528127908707
vn -0.037326835095882416 -0.9987269043922424 -0.03393107280135155
vn -0.037326835095882416 -0.9987269043922424 -0.03393107280135155
vn -0.037340953946113586 -0.9991046786308289 -0.01988837495446205
vn -0.037340953946113586 -0.9991046786308289 -0.01988837495446205
vn -0.037347789853811264 -0.999287486076355 -0.0054427036084234715
vn -0.037347160279750824 -0.9992706179618835 0.007961706258356571
vn -0.037347789853811264 -0.999287486076355 -0.0054427036084234715
vn -0.03734062612056732 -0.9990957975387573 0.020328275859355927
vn -0.037347160279750824 -0.9992706179618835 0.007961706258356571
vn -0.037315431982278824 -0.9984217286109924 0.041971758008003235
vn -0.03734062612056732 -0.9990957975387573 0.020328275859355927
vn -0.0372820682823658 -0.9975290298461914 0.0595477856695652
vn -0.037315431982278824 -0.9984217286109924 0.041971758008003235
vn -0.03724835067987442 -0.9966269135475159 0.07312534004449844
vn -0.0372820682823658 -0.9975290298461914 0.0595477856695652
vn -0.03722018748521805 -0.9958733916282654 0.08276977390050888
vn -0.03724835067987442 -0.9966269135475159 0.07312534004449844
vn -0.037195246666669846 -0.9952060580253601 0.0904512032866478
vn -0.03722018748521805 -0.9958733916282654 0.08276977390050888
vn -0.037195246666669846 -0.9952060580253601 0.0904512032866478
vn -0.3443174958229065 0.9388400316238403 0.0049873096868395805
vn -0.34430044889450073 0.9387934803962708 -0.011134538799524307
vn -0.34430044889450073 0.9387934803962708 -0.011134538799524307
vn -0.344207227230072 0.9385393261909485 -0.025794334709644318
vn -0.344207227230072 0.9385393261909485 -0.025794334709644318
vn -0.3440650999546051 0.9381518363952637 -0.038605477660894394
vn -0.3440650999546051 0.9381518363952637 -0.038605477660894394
vn -0.3437330722808838 0.9372465014457703 -0.05845191702246666
vn -0.3437330722808838 0.9372465014457703 -0.05845191702246666
vn -0.34346985816955566 0.936528742313385 -0.07030192017555237
vn -0.34346985816955566 0.936528742313385 -0.07030192017555237
vn -0.3434993624687195 0.9366092681884766 -0.06907422840595245
vn -0.3434993624687195 0.9366092681884766 -0.06907422840595245
vn -0.343786358833313 0.9373918175697327 -0.05574528127908707
vn -0.343786358833313 0.9373918175697327 -0.05574528127908707
vn -0.344123512506485 0.9383111000061035 -0.03393107280135155
vn -0.344123512506485 0.9383111000061035 -0.03393107280135155
vn -0.34425368905067444 0.9386659860610962 -0.01988837495446205
vn -0.34425368905067444 0.9386659860610962 -0.01988837495446205
vn -0.344316691160202 0.9388377666473389 -0.0054427036084234715
vn -0.344316691160202 0.9388377666473389 -0.0054427036084234715
vn -0.3443108797073364 0.9388219714164734 0.007961706258356571
vn -0.3443108797073364 0.9388219714164734 0.007961706258356571
vn -0.3442506194114685 0.9386577010154724 0.020328275859355927
vn -0.3442506194114685 0.9386577010154724 0.020328275859355927
vn -0.3440183699131012 0.9380244016647339 0.041971758008003235
vn -0.3440183699131012 0.9380244016647339 0.041971758008003235
vn -0.3437107801437378 0.9371856451034546 0.0595477856695652
vn -0.3437107801437378 0.9371856451034546 0.0595477856695652
vn -0.34339994192123413 0.9363381862640381 0.07312534004449844
vn -0.34339994192123413 0.9363381862640381 0.07312534004449844
vn -0.34314030408859253 0.935630202293396 0.08276977390050888
vn -0.34314030408859253 0.935630202293396 0.08276977390050888
vn -0.34291037917137146 0.9350032210350037 0.0904512032866478
vn -0.34291037917137146 0.9350032210350037 0.0904512032866478
vn -0.3443174958229065 0.9388400316238403 0.0049873096868395805
vn 0.025471750646829605 -0.9996631145477295 0.0049873096868395805
vn 0.025471750646829605 -0.9996631145477295 0.0049873096868395805
vn 0.025470487773418427 -0.9996135830879211 -0.011134538799524307
vn 0.025470487773418427 -0.9996135830879211 -0.011134538799524307
vn 0.025463592261075974 -0.9993429183959961 -0.025794334709644318
vn 0.025463592261075974 -0.9993429183959961 -0.025794334709644318
vn 0.025453077629208565 -0.9989303350448608 -0.038605477660894394
vn 0.025453077629208565 -0.9989303350448608 -0.038605477660894394
vn 0.025428514927625656 -0.9979662895202637 -0.05845191702246666
vn 0.025428514927625656 -0.9979662895202637 -0.05845191702246666
vn 0.025409042835235596 -0.9972020983695984 -0.07030192017555237
vn 0.025409042835235596 -0.9972020983695984 -0.07030192017555237
vn 0.025411227717995644 -0.9972878098487854 -0.06907422840595245
vn 0.025411227717995644 -0.9972878098487854 -0.06907422840595245
vn 0.025432458147406578 -0.9981210827827454 -0.05574528127908707
vn 0.025432458147406578 -0.9981210827827454 -0.05574528127908707
vn 0.02545739896595478 -0.9990999102592468 -0.03393107280135155
vn 0.02545739896595478 -0.9990999102592468 -0.03393107280135155
vn 0.025467028841376305 -0.9994778037071228 -0.01988837495446205
vn 0.025467028841376305 -0.9994778037071228 -0.01988837495446205
vn 0.02547168917953968 -0.9996607303619385 -0.0054427036084234715
vn 0.025471258908510208 -0.999643862247467 0.007961706258356571
vn 0.02547168917953968 -0.9996607303619385 -0.0054427036084234715
vn 0.025466803461313248 -0.999468982219696 0.020328275859355927
vn 0.025471258908510208 -0.999643862247467 0.007961706258356571
vn 0.025449620559811592 -0.9987946152687073 0.041971758008003235
vn 0.025466803461313248 -0.999468982219696 0.020328275859355927
vn 0.025426864624023438 -0.9979015588760376 0.0595477856695652
vn 0.025449620559811592 -0.9987946152687073 0.041971758008003235
vn 0.02540387213230133 -0.9969991445541382 0.07312534004449844
vn 0.025426864624023438 -0.9979015588760376 0.0595477856695652
vn 0.02538466453552246 -0.9962453246116638 0.08276977390050888
vn 0.02540387213230133 -0.9969991445541382 0.07312534004449844
vn 0.025367652997374535 -0.9955777525901794 0.0904512032866478
vn 0.02538466453552246 -0.9962453246116638 0.08276977390050888
vn 0.025367652997374535 -0.9955777525901794 0.0904512032866478
vn -0.4025883078575134 0.9153675436973572 0.0049873096868395805
vn -0.40256837010383606 0.9153221845626831 -0.011134538799524307
vn -0.40256837010383606 0.9153221845626831 -0.011134538799524307
vn -0.40245938301086426 0.915074348449707 -0.025794334709644318
vn -0.40245938301086426 0.915074348449707 -0.025794334709644318
vn -0.40229320526123047 0.9146965742111206 -0.038605477660894394
vn -0.40229320526123047 0.9146965742111206 -0.038605477660894394
vn -0.40190497040748596 0.9138138294219971 -0.05845191702246666
vn -0.40190497040748596 0.9138138294219971 -0.05845191702246666
vn -0.40159720182418823 0.913114070892334 -0.07030192017555237
vn -0.40159720182418823 0.913114070892334 -0.07030192017555237
vn -0.40163174271583557 0.9131925702095032 -0.06907422840595245
vn -0.40163174271583557 0.9131925702095032 -0.06907422840595245
vn -0.401967316865921 0.913955569267273 -0.05574528127908707
vn -0.401967316865921 0.913955569267273 -0.05574528127908707
vn -0.40236151218414307 0.9148518443107605 -0.03393107280135155
vn -0.40236151218414307 0.9148518443107605 -0.03393107280135155
vn -0.40251368284225464 0.9151979088783264 -0.01988837495446205
vn -0.40251368284225464 0.9151979088783264 -0.01988837495446205
vn -0.402587354183197 0.9153653979301453 -0.0054427036084234715
vn -0.402587354183197 0.9153653979301453 -0.0054427036084234715
vn -0.4025805592536926 0.9153499603271484 0.007961706258356571
vn -0.4025805592536926 0.9153499603271484 0.007961706258356571
vn -0.4025101363658905 0.915189802646637 0.020328275859355927
vn -0.4025101363658905 0.915189802646637 0.020328275859355927
vn -0.40223854780197144 0.9145722985267639 0.041971758008003235
vn -0.40223854780197144 0.9145722985267639 0.041971758008003235
vn -0.40187889337539673 0.9137545824050903 0.0595477856695652
vn -0.40187889337539673 0.9137545824050903 0.0595477856695652
vn -0.40151548385620117 0.9129282832145691 0.07312534004449844
vn -0.40151548385620117 0.9129282832145691 0.07312534004449844
vn -0.4012119174003601 0.9122380018234253 0.08276977390050888
vn -0.4012119174003601 0.9122380018234253 0.08276977390050888
vn -0.4009430408477783 0.9116266965866089 0.0904512032866478
vn -0.4009430408477783 0.9116266965866089 0.0904512032866478
vn -0.4025883078575134 0.9153675436973572 0.0049873096868395805
vn 0.08819085359573364 -0.9960911273956299 0.0049873096868395805
vn 0.08819085359573364 -0.9960911273956299 0.0049873096868395805
vn 0.08818648010492325 -0.9960417747497559 -0.011134538799524307
vn 0.08818648010492325 -0.9960417747497559 -0.011134538799524307
vn 0.0881626084446907 -0.9957720637321472 -0.025794334709644318
vn 0.0881626084446907 -0.9957720637321472 -0.025794334709644318
vn 0.08812620490789413 -0.9953609108924866 -0.038605477660894394
vn 0.08812620490789413 -0.9953609108924866 -0.038605477660894394
vn 0.08804116398096085 -0.9944003820419312 -0.05845191702246666
vn 0.08804116398096085 -0.9944003820419312 -0.05845191702246666
vn 0.08797374367713928 -0.9936388731002808 -0.07030192017555237
vn 0.08797374367713928 -0.9936388731002808 -0.07030192017555237
vn 0.08798130601644516 -0.9937243461608887 -0.06907422840595245
vn 0.08798130601644516 -0.9937243461608887 -0.06907422840595245
vn 0.08805481344461441 -0.9945545792579651 -0.05574528127908707
vn 0.08805481344461441 -0.9945545792579651 -0.05574528127908707
vn 0.08814116567373276 -0.9955298900604248 -0.03393107280135155
vn 0.08814116567373276 -0.9955298900604248 -0.03393107280135155
vn 0.08817450702190399 -0.9959064722061157 -0.01988837495446205
vn 0.08817450702190399 -0.9959064722061157 -0.01988837495446205
vn 0.08819064497947693 -0.9960887432098389 -0.0054427036084234715
vn 0.08818915486335754 -0.9960719347000122 0.007961706258356571
vn 0.08819064497947693 -0.9960887432098389 -0.0054427036084234715
vn 0.08817372471094131 -0.995897650718689 0.020328275859355927
vn 0.08818915486335754 -0.9960719347000122 0.007961706258356571
vn 0.08811423182487488 -0.995225727558136 0.041971758008003235
vn 0.08817372471094131 -0.995897650718689 0.020328275859355927
vn 0.088035449385643 -0.9943358898162842 0.0595477856695652
vn 0.08811423182487488 -0.995225727558136 0.041971758008003235
vn 0.08795583993196487 -0.9934366941452026 0.07312534004449844
vn 0.088035449385643 -0.9943358898162842 0.0595477856695652
vn 0.08788933604955673 -0.9926855564117432 0.08276977390050888
vn 0.08795583993196487 -0.9934366941452026 0.07312534004449844
vn 0.08783043920993805 -0.9920203685760498 0.0904512032866478
vn 0.08788933604955673 -0.9926855564117432 0.08276977390050888
vn 0.08783043920993805 -0.9920203685760498 0.0904512032866478
vn -0.45927029848098755 0.8882825374603271 0.0049873096868395805
vn -0.45924755930900574 0.8882385492324829 -0.011134538799524307
vn -0.45924755930900574 0.8882385492324829 -0.011134538799524307
vn -0.4591231942176819 0.8879980444908142 -0.025794334709644318
vn -0.4591231942176819 0.8879980444908142 -0.025794334709644318
vn -0.45893365144729614 0.8876314163208008 -0.038605477660894394
vn -0.45893365144729614 0.8876314163208008 -0.038605477660894394
vn -0.4584907591342926 0.8867748379707336 -0.05845191702246666
vn -0.4584907591342926 0.8867748379707336 -0.05845191702246666
vn -0.45813965797424316 0.8860957622528076 -0.07030192017555237
vn -0.45813965797424316 0.8860957622528076 -0.07030192017555237
vn -0.4581790566444397 0.8861719369888306 -0.06907422840595245
vn -0.4581790566444397 0.8861719369888306 -0.06907422840595245
vn -0.45856186747550964 0.8869123458862305 -0.05574528127908707
vn -0.45856186747550964 0.8869123458862305 -0.05574528127908707
vn -0.4590115547180176 0.887782096862793 -0.03393107280135155
vn -0.4590115547180176 0.887782096862793 -0.03393107280135155
vn -0.4591851830482483 0.8881179094314575 -0.01988837495446205
vn -0.4591851830482483 0.8881179094314575 -0.01988837495446205
vn -0.4592692255973816 0.88828045129776 -0.0054427036084234715
vn -0.4592692255973816 0.88828045129776 -0.0054427036084234715
vn -0.4592614769935608 0.8882654309272766 0.007961706258356571
vn -0.4592614769935608 0.8882654309272766 0.007961706258356571
vn -0.4591811001300812 0.8881100416183472 0.020328275859355927
vn -0.4591811001300812 0.8881100416183472 0.020328275859355927
vn -0.4588713049888611 0.8875108361244202 0.041971758008003235
vn -0.4588713049888611 0.8875108361244202 0.041971758008003235
vn -0.4584610164165497 0.8867173194885254 0.0595477856695652
vn -0.4584610164165497 0.8867173194885254 0.0595477856695652
vn -0.45804643630981445 0.8859154582023621 0.07312534004449844
vn -0.45804643630981445 0.8859154582023621 0.07312534004449844
vn -0.45770010352134705 0.8852456212043762 0.08276977390050888
vn -0.45770010352134705 0.8852456212043762 0.08276977390050888
vn -0.4573934078216553 0.8846523761749268 0.0904512032866478
vn -0.4573934078216553 0.8846523761749268 0.0904512032866478
vn -0.45927029848098755 0.8882825374603271 0.0049873096868395805
vn 0.15056191384792328 -0.9885879755020142 0.0049873096868395805
vn 0.15056191384792328 -0.9885879755020142 0.0049873096868395805
vn 0.15055444836616516 -0.9885390400886536 -0.011134538799524307
vn 0.15055444836616516 -0.9885390400886536 -0.011134538799524307
vn 0.1505136787891388 -0.9882713556289673 -0.025794334709644318
vn 0.1505136787891388 -0.9882713556289673 -0.025794334709644318
vn 0.15045154094696045 -0.987863302230835 -0.038605477660894394
vn 0.15045154094696045 -0.987863302230835 -0.038605477660894394
vn 0.1503063440322876 -0.9869099855422974 -0.05845191702246666
vn 0.1503063440322876 -0.9869099855422974 -0.05845191702246666
vn 0.15019124746322632 -0.9861542582511902 -0.07030192017555237
vn 0.15019124746322632 -0.9861542582511902 -0.07030192017555237
vn 0.15020416676998138 -0.9862390756607056 -0.06907422840595245
vn 0.15020416676998138 -0.9862390756607056 -0.06907422840595245
vn 0.15032964944839478 -0.9870630502700806 -0.05574528127908707
vn 0.15032964944839478 -0.9870630502700806 -0.05574528127908707
vn 0.1504770815372467 -0.9880310297012329 -0.03393107280135155
vn 0.1504770815372467 -0.9880310297012329 -0.03393107280135155
vn 0.1505340039730072 -0.9884047508239746 -0.01988837495446205
vn 0.1505340039730072 -0.9884047508239746 -0.01988837495446205
vn 0.15056155622005463 -0.9885856509208679 -0.0054427036084234715
vn 0.15055900812149048 -0.9885689616203308 0.007961706258356571
vn 0.15056155622005463 -0.9885856509208679 -0.0054427036084234715
vn 0.15053266286849976 -0.9883959889411926 0.020328275859355927
vn 0.15055900812149048 -0.9885689616203308 0.007961706258356571
vn 0.1504310965538025 -0.9877291321754456 0.041971758008003235
vn 0.15053266286849976 -0.9883959889411926 0.020328275859355927
vn 0.15029659867286682 -0.9868459701538086 0.0595477856695652
vn 0.1504310965538025 -0.9877291321754456 0.041971758008003235
vn 0.15016068518161774 -0.9859535694122314 0.07312534004449844
vn 0.15029659867286682 -0.9868459701538086 0.0595477856695652
vn 0.1500471532344818 -0.9852080941200256 0.08276977390050888
vn 0.15016068518161774 -0.9859535694122314 0.07312534004449844
vn 0.14994660019874573 -0.9845479130744934 0.0904512032866478
vn 0.1500471532344818 -0.9852080941200256 0.08276977390050888
vn 0.14994660019874573 -0.9845479130744934 0.0904512032866478
vn -0.5141397714614868 0.8576919436454773 0.0049873096868395805
vn -0.514114260673523 0.8576494455337524 -0.011134538799524307
vn -0.514114260673523 0.8576494455337524 -0.011134538799524307
vn -0.5139750838279724 0.8574172258377075 -0.025794334709644318
vn -0.5139750838279724 0.8574172258377075 -0.025794334709644318
vn -0.513762891292572 0.8570631742477417 -0.038605477660894394
vn -0.513762891292572 0.8570631742477417 -0.038605477660894394
vn -0.5132670998573303 0.8562361001968384 -0.05845191702246666
vn -0.5132670998573303 0.8562361001968384 -0.05845191702246666
vn -0.5128740668296814 0.8555804491043091 -0.07030192017555237
vn -0.5128740668296814 0.8555804491043091 -0.07030192017555237
vn -0.5129181146621704 0.8556540012359619 -0.06907422840595245
vn -0.5129181146621704 0.8556540012359619 -0.06907422840595245
vn -0.5133466720581055 0.856368899345398 -0.05574528127908707
vn -0.5133466720581055 0.856368899345398 -0.05574528127908707
vn -0.5138500928878784 0.8572087287902832 -0.03393107280135155
vn -0.5138500928878784 0.8572087287902832 -0.03393107280135155
vn -0.514044463634491 0.8575329184532166 -0.01988837495446205
vn -0.514044463634491 0.8575329184532166 -0.01988837495446205
vn -0.5141385197639465 0.8576898574829102 -0.0054427036084234715
vn -0.5141385197639465 0.8576898574829102 -0.0054427036084234715
vn -0.5141298770904541 0.8576753735542297 0.007961706258356571
vn -0.5141298770904541 0.8576753735542297 0.007961706258356571
vn -0.514039933681488 0.8575253486633301 0.020328275859355927
vn -0.514039933681488 0.8575253486633301 0.020328275859355927
vn -0.51369309425354 0.8569467663764954 0.041971758008003235
vn -0.51369309425354 0.8569467663764954 0.041971758008003235
vn -0.5132337808609009 0.8561805486679077 0.0595477856695652
vn -0.5132337808609009 0.8561805486679077 0.0595477856695652
vn -0.5127696394920349 0.8554062843322754 0.07312534004449844
vn -0.5127696394920349 0.8554062843322754 0.07312534004449844
vn -0.5123819708824158 0.8547595739364624 0.08276977390050888
vn -0.5123819708824158 0.8547595739364624 0.08276977390050888
vn -0.5120385885238647 0.8541867733001709 0.0904512032866478
vn -0.5120385885238647 0.8541867733001709 0.0904512032866478
vn -0.5141397714614868 0.8576919436454773 0.0049873096868395805
vn 0.21233876049518585 -0.9771834015846252 0.0049873096868395805
vn 0.21233876049518585 -0.9771834015846252 0.0049873096868395805
vn 0.212328240275383 -0.9771349430084229 -0.011134538799524307
vn 0.212328240275383 -0.9771349430084229 -0.011134538799524307
vn 0.21227075159549713 -0.9768704175949097 -0.025794334709644318
vn 0.21227075159549713 -0.9768704175949097 -0.025794334709644318
vn 0.21218310296535492 -0.9764670729637146 -0.038605477660894394
vn 0.21218310296535492 -0.9764670729637146 -0.038605477660894394
vn 0.21197834610939026 -0.9755247831344604 -0.05845191702246666
vn 0.21197834610939026 -0.9755247831344604 -0.05845191702246666
vn 0.21181601285934448 -0.9747776985168457 -0.07030192017555237
vn 0.21181601285934448 -0.9747776985168457 -0.07030192017555237
vn 0.21183423697948456 -0.9748615622520447 -0.06907422840595245
vn 0.21183423697948456 -0.9748615622520447 -0.06907422840595245
vn 0.2120112180709839 -0.9756760001182556 -0.05574528127908707
vn 0.2120112180709839 -0.9756760001182556 -0.05574528127908707
vn 0.21221913397312164 -0.976632833480835 -0.03393107280135155
vn 0.21221913397312164 -0.976632833480835 -0.03393107280135155
vn 0.2122994065284729 -0.9770022630691528 -0.01988837495446205
vn 0.2122994065284729 -0.9770022630691528 -0.01988837495446205
vn 0.21233825385570526 -0.977181077003479 -0.0054427036084234715
vn 0.21233467757701874 -0.9771645665168762 0.007961706258356571
vn 0.21233825385570526 -0.977181077003479 -0.0054427036084234715
vn 0.21229752898216248 -0.9769936203956604 0.020328275859355927
vn 0.21233467757701874 -0.9771645665168762 0.007961706258356571
vn 0.21215428411960602 -0.9763344526290894 0.041971758008003235
vn 0.21229752898216248 -0.9769936203956604 0.020328275859355927
vn 0.21196459233760834 -0.975461483001709 0.0595477856695652
vn 0.21215428411960602 -0.9763344526290894 0.041971758008003235
vn 0.21177291870117188 -0.9745793342590332 0.07312534004449844
vn 0.21196459233760834 -0.975461483001709 0.0595477856695652
vn 0.2116127908229828 -0.9738425016403198 0.08276977390050888
vn 0.21177291870117188 -0.9745793342590332 0.07312534004449844
vn 0.21147099137306213 -0.9731898903846741 0.0904512032866478
vn 0.2116127908229828 -0.9738425016403198 0.08276977390050888
vn 0.21147099137306213 -0.9731898903846741 0.0904512032866478
vn -0.5669801235198975 0.8237163424491882 0.0049873096868395805
vn -0.5669520497322083 0.8236755132675171 -0.011134538799524307
vn -0.5669520497322083 0.8236755132675171 -0.011134538799524307
vn -0.5667985677719116 0.8234525322914124 -0.025794334709644318
vn -0.5667985677719116 0.8234525322914124 -0.025794334709644318
vn -0.5665645003318787 0.8231125473976135 -0.038605477660894394
vn -0.5665645003318787 0.8231125473976135 -0.038605477660894394
vn -0.5660178065299988 0.8223181962966919 -0.05845191702246666
vn -0.5660178065299988 0.8223181962966919 -0.05845191702246666
vn -0.5655843615531921 0.8216884732246399 -0.07030192017555237
vn -0.5655843615531921 0.8216884732246399 -0.07030192017555237
vn -0.5656329393386841 0.8217591643333435 -0.06907422840595245
vn -0.5656329393386841 0.8217591643333435 -0.06907422840595245
vn -0.5661055445671082 0.8224457502365112 -0.05574528127908707
vn -0.5661055445671082 0.8224457502365112 -0.05574528127908707
vn -0.5666607022285461 0.823252260684967 -0.03393107280135155
vn -0.5666607022285461 0.823252260684967 -0.03393107280135155
vn -0.5668750405311584 0.8235636949539185 -0.01988837495446205
vn -0.5668750405311584 0.8235636949539185 -0.01988837495446205
vn -0.5669788122177124 0.8237143754959106 -0.0054427036084234715
vn -0.5669788122177124 0.8237143754959106 -0.0054427036084234715
vn -0.5669692158699036 0.823700487613678 0.007961706258356571
vn -0.5669692158699036 0.823700487613678 0.007961706258356571
vn -0.5668700337409973 0.8235563635826111 0.020328275859355927
vn -0.5668700337409973 0.8235563635826111 0.020328275859355927
vn -0.5664875507354736 0.8230007290840149 0.041971758008003235
vn -0.5664875507354736 0.8230007290840149 0.041971758008003235
vn -0.5659810304641724 0.8222648501396179 0.0595477856695652
vn -0.5659810304641724 0.8222648501396179 0.0595477856695652
vn -0.5654692649841309 0.8215212821960449 0.07312534004449844
vn -0.5654692649841309 0.8215212821960449 0.07312534004449844
vn -0.565041720867157 0.8209001421928406 0.08276977390050888
vn -0.565041720867157 0.8209001421928406 0.08276977390050888
vn -0.5646630525588989 0.8203500509262085 0.0904512032866478
vn -0.5646630525588989 0.8203500509262085 0.0904512032866478
vn -0.5669801235198975 0.8237163424491882 0.0049873096868395805
vn 0.27327761054039 -0.961922287940979 0.0049873096868395805
vn 0.27327761054039 -0.961922287940979 0.0049873096868395805
vn 0.273264080286026 -0.9618746042251587 -0.011134538799524307
vn 0.273264080286026 -0.9618746042251587 -0.011134538799524307
vn 0.27319008111953735 -0.961614191532135 -0.025794334709644318
vn 0.27319008111953735 -0.961614191532135 -0.025794334709644318
vn 0.2730772793292999 -0.9612171649932861 -0.038605477660894394
vn 0.2730772793292999 -0.9612171649932861 -0.038605477660894394
vn 0.2728137671947479 -0.9602895379066467 -0.05845191702246666
vn 0.2728137671947479 -0.9602895379066467 -0.05845191702246666
vn 0.2726048529148102 -0.9595541954040527 -0.07030192017555237
vn 0.2726048529148102 -0.9595541954040527 -0.07030192017555237
vn 0.2726282775402069 -0.9596366882324219 -0.06907422840595245
vn 0.2726282775402069 -0.9596366882324219 -0.06907422840595245
vn 0.27285605669021606 -0.9604384303092957 -0.05574528127908707
vn 0.27285605669021606 -0.9604384303092957 -0.05574528127908707
vn 0.2731236517429352 -0.9613803625106812 -0.03393107280135155
vn 0.2731236517429352 -0.9613803625106812 -0.03393107280135155
vn 0.27322694659233093 -0.961743950843811 -0.01988837495446205
vn 0.27322694659233093 -0.961743950843811 -0.01988837495446205
vn 0.2732769548892975 -0.9619200229644775 -0.0054427036084234715
vn 0.2732723355293274 -0.9619037508964539 0.007961706258356571
vn 0.2732769548892975 -0.9619200229644775 -0.0054427036084234715
vn 0.27322453260421753 -0.9617354869842529 0.020328275859355927
vn 0.2732723355293274 -0.9619037508964539 0.007961706258356571
vn 0.27304020524024963 -0.9610865712165833 0.041971758008003235
vn 0.27322453260421753 -0.9617354869842529 0.020328275859355927
vn 0.27279606461524963 -0.9602272510528564 0.0595477856695652
vn 0.27304020524024963 -0.9610865712165833 0.041971758008003235
vn 0.2725493609905243 -0.9593589305877686 0.07312534004449844
vn 0.27279606461524963 -0.9602272510528564 0.0595477856695652
vn 0.27234330773353577 -0.958633542060852 0.08276977390050888
vn 0.2725493609905243 -0.9593589305877686 0.07312534004449844
vn 0.2721607983112335 -0.9579911828041077 0.0904512032866478
vn 0.27234330773353577 -0.958633542060852 0.08276977390050888
vn 0.2721607983112335 -0.9579911828041077 0.0904512032866478
vn -0.6175829172134399 0.7864899635314941 0.0049873096868395805
vn -0.6175523400306702 0.786450982093811 -0.011134538799524307
vn -0.6175523400306702 0.786450982093811 -0.011134538799524307
vn -0.6173850893974304 0.7862380743026733 -0.025794334709644318
vn -0.6173850893974304 0.7862380743026733 -0.025794334709644318
vn -0.6171302199363708 0.7859134078025818 -0.038605477660894394
vn -0.6171302199363708 0.7859134078025818 -0.038605477660894394
vn -0.6165346503257751 0.7851549983024597 -0.05845191702246666
vn -0.6165346503257751 0.7851549983024597 -0.05845191702246666
vn -0.6160625219345093 0.7845537662506104 -0.07030192017555237
vn -0.6160625219345093 0.7845537662506104 -0.07030192017555237
vn -0.6161155104637146 0.7846211791038513 -0.06907422840595245
vn -0.6161155104637146 0.7846211791038513 -0.06907422840595245
vn -0.6166302561759949 0.7852767705917358 -0.05574528127908707
vn -0.6166302561759949 0.7852767705917358 -0.05574528127908707
vn -0.617235004901886 0.7860468626022339 -0.03393107280135155
vn -0.617235004901886 0.7860468626022339 -0.03393107280135155
vn -0.6174684762954712 0.7863441705703735 -0.01988837495446205
vn -0.6174684762954712 0.7863441705703735 -0.01988837495446205
vn -0.6175814270973206 0.7864881157875061 -0.0054427036084234715
vn -0.6175814270973206 0.7864881157875061 -0.0054427036084234715
vn -0.6175710558891296 0.7864748239517212 0.007961706258356571
vn -0.6175710558891296 0.7864748239517212 0.007961706258356571
vn -0.6174629926681519 0.7863371968269348 0.020328275859355927
vn -0.6174629926681519 0.7863371968269348 0.020328275859355927
vn -0.6170463562011719 0.7858066558837891 0.041971758008003235
vn -0.6170463562011719 0.7858066558837891 0.041971758008003235
vn -0.6164946556091309 0.7851040363311768 0.0595477856695652
vn -0.6164946556091309 0.7851040363311768 0.0595477856695652
vn -0.6159371733665466 0.7843940854072571 0.07312534004449844
vn -0.6159371733665466 0.7843940854072571 0.07312534004449844
vn -0.6154714822769165 0.7838010191917419 0.08276977390050888
vn -0.6154714822769165 0.7838010191917419 0.08276977390050888
vn -0.6150590181350708 0.7832757830619812 0.0904512032866478
vn -0.6150590181350708 0.7832757830619812 0.0904512032866478
vn -0.6175829172134399 0.7864899635314941 0.0049873096868395805
vn 0.33313795924186707 -0.9428648948669434 0.0049873096868395805
vn 0.33313795924186707 -0.9428648948669434 0.0049873096868395805
vn 0.3331214487552643 -0.9428181648254395 -0.011134538799524307
vn 0.3331214487552643 -0.9428181648254395 -0.011134538799524307
vn 0.3330312669277191 -0.9425628781318665 -0.025794334709644318
vn 0.3330312669277191 -0.9425628781318665 -0.025794334709644318
vn 0.3328937590122223 -0.9421737194061279 -0.038605477660894394
vn 0.3328937590122223 -0.9421737194061279 -0.038605477660894394
vn 0.3325725197792053 -0.9412645101547241 -0.05845191702246666
vn 0.3325725197792053 -0.9412645101547241 -0.05845191702246666
vn 0.3323178291320801 -0.9405437111854553 -0.07030192017555237
vn 0.3323178291320801 -0.9405437111854553 -0.07030192017555237
vn 0.3323464095592499 -0.9406245946884155 -0.06907422840595245
vn 0.3323464095592499 -0.9406245946884155 -0.06907422840595245
vn 0.33262407779693604 -0.941410481929779 -0.05574528127908707
vn 0.33262407779693604 -0.941410481929779 -0.05574528127908707
vn 0.33295026421546936 -0.9423336982727051 -0.03393107280135155
vn 0.33295026421546936 -0.9423336982727051 -0.03393107280135155
vn 0.33307620882987976 -0.9426901340484619 -0.01988837495446205
vn 0.33307620882987976 -0.9426901340484619 -0.01988837495446205
vn 0.333137184381485 -0.9428626894950867 -0.0054427036084234715
vn 0.3331315517425537 -0.9428467154502869 0.007961706258356571
vn 0.333137184381485 -0.9428626894950867 -0.0054427036084234715
vn 0.3330732583999634 -0.9426817893981934 0.020328275859355927
vn 0.3331315517425537 -0.9428467154502869 0.007961706258356571
vn 0.33284854888916016 -0.9420457482337952 0.041971758008003235
vn 0.3330732583999634 -0.9426817893981934 0.020328275859355927
vn 0.33255094289779663 -0.9412034749984741 0.0595477856695652
vn 0.33284854888916016 -0.9420457482337952 0.041971758008003235
vn 0.3322502076625824 -0.9403523206710815 0.07312534004449844
vn 0.33255094289779663 -0.9412034749984741 0.0595477856695652
vn 0.3319990038871765 -0.9396413564682007 0.08276977390050888
vn 0.3322502076625824 -0.9403523206710815 0.07312534004449844
vn 0.33177652955055237 -0.9390116930007935 0.0904512032866478
vn 0.3319990038871765 -0.9396413564682007 0.08276977390050888
vn 0.33177652955055237 -0.9390116930007935 0.0904512032866478
vn -0.6657483577728271 0.7461596727371216 0.0049873096868395805
vn -0.6657153964042664 0.7461226582527161 -0.011134538799524307
vn -0.6657153964042664 0.7461226582527161 -0.011134538799524307
vn -0.6655351519584656 0.7459206581115723 -0.025794334709644318
vn -0.6655351519584656 0.7459206581115723 -0.025794334709644318
vn -0.665260374546051 0.7456126809120178 -0.038605477660894394
vn -0.665260374546051 0.7456126809120178 -0.038605477660894394
vn -0.6646183729171753 0.7448931336402893 -0.05845191702246666
vn -0.6646183729171753 0.7448931336402893 -0.05845191702246666
vn -0.6641094088554382 0.7443227171897888 -0.07030192017555237
vn -0.6641094088554382 0.7443227171897888 -0.07030192017555237
vn -0.6641665101051331 0.7443867325782776 -0.06907422840595245
vn -0.6641665101051331 0.7443867325782776 -0.06907422840595245
vn -0.6647214293479919 0.745008647441864 -0.05574528127908707
vn -0.6647214293479919 0.745008647441864 -0.05574528127908707
vn -0.6653733253479004 0.7457392811775208 -0.03393107280135155
vn -0.6653733253479004 0.7457392811775208 -0.03393107280135155
vn -0.6656249761581421 0.7460213303565979 -0.01988837495446205
vn -0.6656249761581421 0.7460213303565979 -0.01988837495446205
vn -0.665746808052063 0.7461578845977783 -0.0054427036084234715
vn -0.665746808052063 0.7461578845977783 -0.0054427036084234715
vn -0.6657355427742004 0.7461453080177307 0.007961706258356571
vn -0.6657355427742004 0.7461453080177307 0.007961706258356571
vn -0.6656190752983093 0.7460147142410278 0.020328275859355927
vn -0.6656190752983093 0.7460147142410278 0.020328275859355927
vn -0.6651700139045715 0.7455114126205444 0.041971758008003235
vn -0.6651700139045715 0.7455114126205444 0.041971758008003235
vn -0.6645752191543579 0.7448447942733765 0.0595477856695652
vn -0.6645752191543579 0.7448447942733765 0.0595477856695652
vn -0.6639742851257324 0.7441712617874146 0.07312534004449844
vn -0.6639742851257324 0.7441712617874146 0.07312534004449844
vn -0.6634722352027893 0.7436085939407349 0.08276977390050888
vn -0.6634722352027893 0.7436085939407349 0.08276977390050888
vn -0.6630276441574097 0.7431102991104126 0.0904512032866478
vn -0.6630276441574097 0.7431102991104126 0.0904512032866478
vn -0.6657483577728271 0.7461596727371216 0.0049873096868395805
vn 0.39168357849121094 -0.9200864434242249 0.0049873096868395805
vn 0.39168357849121094 -0.9200864434242249 0.0049873096868395805
vn 0.39166414737701416 -0.9200408458709717 -0.011134538799524307
vn 0.39166414737701416 -0.9200408458709717 -0.011134538799524307
vn 0.39155811071395874 -0.9197917580604553 -0.025794334709644318
vn 0.39155811071395874 -0.9197917580604553 -0.025794334709644318
vn 0.3913964331150055 -0.9194120168685913 -0.038605477660894394
vn 0.3913964331150055 -0.9194120168685913 -0.038605477660894394
vn 0.39101874828338623 -0.9185247421264648 -0.05845191702246666
vn 0.39101874828338623 -0.9185247421264648 -0.05845191702246666
vn 0.39071929454803467 -0.9178213477134705 -0.07030192017555237
vn 0.39071929454803467 -0.9178213477134705 -0.07030192017555237
vn 0.390752911567688 -0.9179002642631531 -0.06907422840595245
vn 0.390752911567688 -0.9179002642631531 -0.06907422840595245
vn 0.3910793662071228 -0.918667197227478 -0.05574528127908707
vn 0.3910793662071228 -0.918667197227478 -0.05574528127908707
vn 0.39146289229393005 -0.9195681214332581 -0.03393107280135155
vn 0.39146289229393005 -0.9195681214332581 -0.03393107280135155
vn 0.3916109502315521 -0.9199159145355225 -0.01988837495446205
vn 0.3916109502315521 -0.9199159145355225 -0.01988837495446205
vn 0.39168262481689453 -0.9200842976570129 -0.0054427036084234715
vn 0.39167600870132446 -0.9200687408447266 0.007961706258356571
vn 0.39168262481689453 -0.9200842976570129 -0.0054427036084234715
vn 0.39160749316215515 -0.919907808303833 0.020328275859355927
vn 0.39167600870132446 -0.9200687408447266 0.007961706258356571
vn 0.39134329557418823 -0.9192871451377869 0.041971758008003235
vn 0.39160749316215515 -0.919907808303833 0.020328275859355927
vn 0.3909933567047119 -0.9184651374816895 0.0595477856695652
vn 0.39134329557418823 -0.9192871451377869 0.041971758008003235
vn 0.3906397819519043 -0.9176346063613892 0.07312534004449844
vn 0.3909933567047119 -0.9184651374816895 0.0595477856695652
vn 0.39034444093704224 -0.9169407486915588 0.08276977390050888
vn 0.3906397819519043 -0.9176346063613892 0.07312534004449844
vn 0.39008286595344543 -0.9163263440132141 0.0904512032866478
vn 0.39034444093704224 -0.9169407486915588 0.08276977390050888
vn 0.39008286595344543 -0.9163263440132141 0.0904512032866478
vn -0.7112864255905151 0.7028846144676208 0.0049873096868395805
vn -0.7112511992454529 0.7028497457504272 -0.011134538799524307
vn -0.7112511992454529 0.7028497457504272 -0.011134538799524307
vn -0.7110586166381836 0.7026594877243042 -0.025794334709644318
vn -0.7110586166381836 0.7026594877243042 -0.025794334709644318
vn -0.71076500415802 0.7023693323135376 -0.038605477660894394
vn -0.71076500415802 0.7023693323135376 -0.038605477660894394
vn -0.7100791335105896 0.7016915678977966 -0.05845191702246666
vn -0.7100791335105896 0.7016915678977966 -0.05845191702246666
vn -0.7095353603363037 0.7011542320251465 -0.07030192017555237
vn -0.7095353603363037 0.7011542320251465 -0.07030192017555237
vn -0.7095963358879089 0.7012144923210144 -0.06907422840595245
vn -0.7095963358879089 0.7012144923210144 -0.06907422840595245
vn -0.7101892232894897 0.7018003463745117 -0.05574528127908707
vn -0.7101892232894897 0.7018003463745117 -0.05574528127908707
vn -0.7108857035636902 0.7024886012077332 -0.03393107280135155
vn -0.7108857035636902 0.7024886012077332 -0.03393107280135155
vn -0.711154580116272 0.7027543187141418 -0.01988837495446205
vn -0.711154580116272 0.7027543187141418 -0.01988837495446205
vn -0.7112847566604614 0.7028829455375671 -0.0054427036084234715
vn -0.7112847566604614 0.7028829455375671 -0.0054427036084234715
vn -0.7112727165222168 0.7028710246086121 0.007961706258356571
vn -0.7112727165222168 0.7028710246086121 0.007961706258356571
vn -0.7111482620239258 0.7027480602264404 0.020328275859355927
vn -0.7111482620239258 0.7027480602264404 0.020328275859355927
vn -0.7106685042381287 0.702273964881897 0.041971758008003235
vn -0.7106685042381287 0.702273964881897 0.041971758008003235
vn -0.7100330591201782 0.7016460299491882 0.0595477856695652
vn -0.7100330591201782 0.7016460299491882 0.0595477856695652
vn -0.7093909382820129 0.7010115385055542 0.07312534004449844
vn -0.7093909382820129 0.7010115385055542 0.07312534004449844
vn -0.708854615688324 0.7004814743995667 0.08276977390050888
vn -0.708854615688324 0.7004814743995667 0.08276977390050888
vn -0.7083795666694641 0.7000120878219604 0.0904512032866478
vn -0.7083795666694641 0.7000120878219604 0.0904512032866478
vn -0.7112864255905151 0.7028846144676208 0.0049873096868395805
vn 0.44868338108062744 -0.8936768770217896 0.0049873096868395805
vn 0.44868338108062744 -0.8936768770217896 0.0049873096868395805
vn 0.4486611485481262 -0.8936325907707214 -0.011134538799524307
vn 0.4486611485481262 -0.8936325907707214 -0.011134538799524307
vn 0.448539674282074 -0.8933906555175781 -0.025794334709644318
vn 0.448539674282074 -0.8933906555175781 -0.025794334709644318
vn 0.44835448265075684 -0.8930217623710632 -0.038605477660894394
vn 0.44835448265075684 -0.8930217623710632 -0.038605477660894394
vn 0.4479218125343323 -0.8921599984169006 -0.05845191702246666
vn 0.4479218125343323 -0.8921599984169006 -0.05845191702246666
vn 0.4475787878036499 -0.8914768099784851 -0.07030192017555237
vn 0.4475787878036499 -0.8914768099784851 -0.07030192017555237
vn 0.4476172626018524 -0.8915534615516663 -0.06907422840595245
vn 0.4476172626018524 -0.8915534615516663 -0.06907422840595245
vn 0.4479912519454956 -0.8922983407974243 -0.05574528127908707
vn 0.4479912519454956 -0.8922983407974243 -0.05574528127908707
vn 0.448430597782135 -0.8931733965873718 -0.03393107280135155
vn 0.448430597782135 -0.8931733965873718 -0.03393107280135155
vn 0.4486002027988434 -0.8935112357139587 -0.01988837495446205
vn 0.4486002027988434 -0.8935112357139587 -0.01988837495446205
vn 0.4486823081970215 -0.8936747312545776 -0.0054427036084234715
vn 0.448674738407135 -0.8936596512794495 0.007961706258356571
vn 0.4486823081970215 -0.8936747312545776 -0.0054427036084234715
vn 0.4485962390899658 -0.8935033082962036 0.020328275859355927
vn 0.448674738407135 -0.8936596512794495 0.007961706258356571
vn 0.4482935667037964 -0.8929004669189453 0.041971758008003235
vn 0.4485962390899658 -0.8935033082962036 0.020328275859355927
vn 0.4478927254676819 -0.8921021223068237 0.0595477856695652
vn 0.4482935667037964 -0.8929004669189453 0.041971758008003235
vn 0.4474877119064331 -0.8912953734397888 0.07312534004449844
vn 0.4478927254676819 -0.8921021223068237 0.0595477856695652
vn 0.4471493661403656 -0.8906214833259583 0.08276977390050888
vn 0.4474877119064331 -0.8912953734397888 0.07312534004449844
vn 0.4468497335910797 -0.8900246620178223 0.0904512032866478
vn 0.4471493661403656 -0.8906214833259583 0.08276977390050888
vn 0.4468497335910797 -0.8900246620178223 0.0904512032866478
vn -0.7540173530578613 0.6568355560302734 0.0049873096868395805
vn -0.7539799809455872 0.6568030118942261 -0.011134538799524307
vn -0.7539799809455872 0.6568030118942261 -0.011134538799524307
vn -0.7537758350372314 0.6566251516342163 -0.025794334709644318
vn -0.7537758350372314 0.6566251516342163 -0.025794334709644318
vn -0.7534646391868591 0.6563540697097778 -0.038605477660894394
vn -0.7534646391868591 0.6563540697097778 -0.038605477660894394
vn -0.7527375221252441 0.6557206511497498 -0.05845191702246666
vn -0.7527375221252441 0.6557206511497498 -0.05845191702246666
vn -0.7521610856056213 0.6552185416221619 -0.07030192017555237
vn -0.7521610856056213 0.6552185416221619 -0.07030192017555237
vn -0.7522257566452026 0.6552748680114746 -0.06907422840595245
vn -0.7522257566452026 0.6552748680114746 -0.06907422840595245
vn -0.7528542280197144 0.6558223366737366 -0.05574528127908707
vn -0.7528542280197144 0.6558223366737366 -0.05574528127908707
vn -0.7535925507545471 0.6564655303955078 -0.03393107280135155
vn -0.7535925507545471 0.6564655303955078 -0.03393107280135155
vn -0.753877580165863 0.6567137837409973 -0.01988837495446205
vn -0.753877580165863 0.6567137837409973 -0.01988837495446205
vn -0.7540155649185181 0.6568340063095093 -0.0054427036084234715
vn -0.7540155649185181 0.6568340063095093 -0.0054427036084234715
vn -0.7540028095245361 0.656822919845581 0.007961706258356571
vn -0.7540028095245361 0.656822919845581 0.007961706258356571
vn -0.7538709044456482 0.6567080020904541 0.020328275859355927
vn -0.7538709044456482 0.6567080020904541 0.020328275859355927
vn -0.7533622980117798 0.6562649011611938 0.041971758008003235
vn -0.7533622980117798 0.6562649011611938 0.041971758008003235
vn -0.7526887059211731 0.6556781530380249 0.0595477856695652
vn -0.7526887059211731 0.6556781530380249 0.0595477856695652
vn -0.7520080208778381 0.6550852060317993 0.07312534004449844
vn -0.7520080208778381 0.6550852060317993 0.07312534004449844
vn -0.7514394521713257 0.6545898914337158 0.08276977390050888
vn -0.7514394521713257 0.6545898914337158 0.08276977390050888
vn -0.7509359121322632 0.6541512608528137 0.0904512032866478
vn -0.7509359121322632 0.6541512608528137 0.0904512032866478
vn -0.7540173530578613 0.6568355560302734 0.0049873096868395805
vn 0.5039124488830566 -0.8637403249740601 0.0049873096868395805
vn 0.5039124488830566 -0.8637403249740601 0.0049873096868395805
vn 0.5038874745368958 -0.8636975288391113 -0.011134538799524307
vn 0.5038874745368958 -0.8636975288391113 -0.011134538799524307
vn 0.5037510395050049 -0.8634636998176575 -0.025794334709644318
vn 0.5037510395050049 -0.8634636998176575 -0.025794334709644318
vn 0.5035430192947388 -0.8631072044372559 -0.038605477660894394
vn 0.5035430192947388 -0.8631072044372559 -0.038605477660894394
vn 0.5030571222305298 -0.8622742891311646 -0.05845191702246666
vn 0.5030571222305298 -0.8622742891311646 -0.05845191702246666
vn 0.5026718974113464 -0.861613929271698 -0.07030192017555237
vn 0.5026718974113464 -0.861613929271698 -0.07030192017555237
vn 0.5027151107788086 -0.8616880178451538 -0.06907422840595245
vn 0.5027151107788086 -0.8616880178451538 -0.06907422840595245
vn 0.5031351447105408 -0.8624079823493958 -0.05574528127908707
vn 0.5031351447105408 -0.8624079823493958 -0.05574528127908707
vn 0.5036285519599915 -0.8632537126541138 -0.03393107280135155
vn 0.5036285519599915 -0.8632537126541138 -0.03393107280135155
vn 0.5038190484046936 -0.8635802268981934 -0.01988837495446205
vn 0.5038190484046936 -0.8635802268981934 -0.01988837495446205
vn 0.5039112567901611 -0.8637382984161377 -0.0054427036084234715
vn 0.5039027333259583 -0.8637236952781677 0.007961706258356571
vn 0.5039112567901611 -0.8637382984161377 -0.0054427036084234715
vn 0.5038145780563354 -0.8635725975036621 0.020328275859355927
vn 0.5039027333259583 -0.8637236952781677 0.007961706258356571
vn 0.5034746527671814 -0.8629899621009827 0.041971758008003235
vn 0.5038145780563354 -0.8635725975036621 0.020328275859355927
vn 0.5030244588851929 -0.8622183203697205 0.0595477856695652
vn 0.5034746527671814 -0.8629899621009827 0.041971758008003235
vn 0.5025696158409119 -0.8614386320114136 0.07312534004449844
vn 0.5030244588851929 -0.8622183203697205 0.0595477856695652
vn 0.502189576625824 -0.8607872724533081 0.08276977390050888
vn 0.5025696158409119 -0.8614386320114136 0.07312534004449844
vn 0.5018531084060669 -0.8602104783058167 0.0904512032866478
vn 0.502189576625824 -0.8607872724533081 0.08276977390050888
vn 0.5018531084060669 -0.8602104783058167 0.0904512032866478
vn -0.7937725186347961 0.6081942915916443 0.0049873096868395805
vn -0.7937331795692444 0.6081641912460327 -0.011134538799524307
vn -0.7937331795692444 0.6081641912460327 -0.011134538799524307
vn -0.7935183048248291 0.6079995036125183 -0.025794334709644318
vn -0.7935183048248291 0.6079995036125183 -0.025794334709644318
vn -0.7931906580924988 0.6077484488487244 -0.038605477660894394
vn -0.7931906580924988 0.6077484488487244 -0.038605477660894394
vn -0.7924252152442932 0.6071619987487793 -0.05845191702246666
vn -0.7924252152442932 0.6071619987487793 -0.05845191702246666
vn -0.791818380355835 0.6066970229148865 -0.07030192017555237
vn -0.791818380355835 0.6066970229148865 -0.07030192017555237
vn -0.7918864488601685 0.6067491769790649 -0.06907422840595245
vn -0.7918864488601685 0.6067491769790649 -0.06907422840595245
vn -0.7925480604171753 0.6072561144828796 -0.05574528127908707
vn -0.7925480604171753 0.6072561144828796 -0.05574528127908707
vn -0.7933253049850464 0.6078516244888306 -0.03393107280135155
vn -0.7933253049850464 0.6078516244888306 -0.03393107280135155
vn -0.7936254143714905 0.608081579208374 -0.01988837495446205
vn -0.7936254143714905 0.608081579208374 -0.01988837495446205
vn -0.7937706112861633 0.6081928610801697 -0.0054427036084234715
vn -0.7937706112861633 0.6081928610801697 -0.0054427036084234715
vn -0.7937572598457336 0.6081826090812683 0.007961706258356571
vn -0.7937572598457336 0.6081826090812683 0.007961706258356571
vn -0.793618381023407 0.6080762147903442 0.020328275859355927
vn -0.793618381023407 0.6080762147903442 0.020328275859355927
vn -0.7930828928947449 0.6076658964157104 0.041971758008003235
vn -0.7930828928947449 0.6076658964157104 0.041971758008003235
vn -0.792373776435852 0.6071226000785828 0.0595477856695652
vn -0.792373776435852 0.6071226000785828 0.0595477856695652
vn -0.7916572690010071 0.6065735816955566 0.07312534004449844
vn -0.7916572690010071 0.6065735816955566 0.07312534004449844
vn -0.7910586595535278 0.60611492395401 0.08276977390050888
vn -0.7910586595535278 0.60611492395401 0.08276977390050888
vn -0.7905285954475403 0.6057087779045105 0.0904512032866478
vn -0.7905285954475403 0.6057087779045105 0.0904512032866478
vn -0.7937725186347961 0.6081942915916443 0.0049873096868395805
vn 0.5571528077125549 -0.8303950428962708 0.0049873096868395805
vn 0.5571528077125549 -0.8303950428962708 0.0049873096868395805
vn 0.5571251511573792 -0.830353856086731 -0.011134538799524307
vn 0.5571251511573792 -0.830353856086731 -0.011134538799524307
vn 0.5569743514060974 -0.8301290273666382 -0.025794334709644318
vn 0.5569743514060974 -0.8301290273666382 -0.025794334709644318
vn 0.556744396686554 -0.8297863006591797 -0.038605477660894394
vn 0.556744396686554 -0.8297863006591797 -0.038605477660894394
vn 0.5562071204185486 -0.8289855718612671 -0.05845191702246666
vn 0.5562071204185486 -0.8289855718612671 -0.05845191702246666
vn 0.5557811856269836 -0.8283507227897644 -0.07030192017555237
vn 0.5557811856269836 -0.8283507227897644 -0.07030192017555237
vn 0.5558289289474487 -0.828421950340271 -0.06907422840595245
vn 0.5558289289474487 -0.828421950340271 -0.06907422840595245
vn 0.5562933683395386 -0.8291140794754028 -0.05574528127908707
vn 0.5562933683395386 -0.8291140794754028 -0.05574528127908707
vn 0.556838870048523 -0.8299272060394287 -0.03393107280135155
vn 0.556838870048523 -0.8299272060394287 -0.03393107280135155
vn 0.5570495128631592 -0.8302410840988159 -0.01988837495446205
vn 0.5570495128631592 -0.8302410840988159 -0.01988837495446205
vn 0.5571514368057251 -0.8303930759429932 -0.0054427036084234715
vn 0.5571420788764954 -0.8303790092468262 0.007961706258356571
vn 0.5571514368057251 -0.8303930759429932 -0.0054427036084234715
vn 0.5570445656776428 -0.8302337527275085 0.020328275859355927
vn 0.5571420788764954 -0.8303790092468262 0.007961706258356571
vn 0.556668758392334 -0.8296735882759094 0.041971758008003235
vn 0.5570445656776428 -0.8302337527275085 0.020328275859355927
vn 0.5561710000038147 -0.8289317488670349 0.0595477856695652
vn 0.556668758392334 -0.8296735882759094 0.041971758008003235
vn 0.5556680560112 -0.8281821608543396 0.07312534004449844
vn 0.5561710000038147 -0.8289317488670349 0.0595477856695652
vn 0.5552479028701782 -0.8275559544563293 0.08276977390050888
vn 0.5556680560112 -0.8281821608543396 0.07312534004449844
vn 0.5548758506774902 -0.8270014524459839 0.0904512032866478
vn 0.5552479028701782 -0.8275559544563293 0.08276977390050888
vn 0.5548758506774902 -0.8270014524459839 0.0904512032866478
vn -0.8303950428962708 0.5571528077125549 0.0049873096868395805
vn -0.830353856086731 0.5571251511573792 -0.011134538799524307
vn -0.830353856086731 0.5571251511573792 -0.011134538799524307
vn -0.8301290273666382 0.5569743514060974 -0.025794334709644318
vn -0.8301290273666382 0.5569743514060974 -0.025794334709644318
vn -0.8297863006591797 0.556744396686554 -0.038605477660894394
vn -0.8297863006591797 0.556744396686554 -0.038605477660894394
vn -0.8289855718612671 0.5562071204185486 -0.05845191702246666
vn -0.8289855718612671 0.5562071204185486 -0.05845191702246666
vn -0.8283507227897644 0.5557811856269836 -0.07030192017555237
vn -0.8283507227897644 0.5557811856269836 -0.07030192017555237
vn -0.828421950340271 0.5558289289474487 -0.06907422840595245
vn -0.828421950340271 0.5558289289474487 -0.06907422840595245
vn -0.8291140794754028 0.5562933683395386 -0.05574528127908707
vn -0.8291140794754028 0.5562933683395386 -0.05574528127908707
vn -0.8299272060394287 0.556838870048523 -0.03393107280135155
vn -0.8299272060394287 0.556838870048523 -0.03393107280135155
vn -0.8302410840988159 0.5570495128631592 -0.01988837495446205
vn -0.8302410840988159 0.5570495128631592 -0.01988837495446205
vn -0.8303930759429932 0.5571514368057251 -0.0054427036084234715
vn -0.8303930759429932 0.5571514368057251 -0.0054427036084234715
vn -0.8303790092468262 0.5571420788764954 0.007961706258356571
vn -0.8303790092468262 0.5571420788764954 0.007961706258356571
vn -0.8302337527275085 0.5570445656776428 0.020328275859355927
vn -0.8302337527275085 0.5570445656776428 0.020328275859355927
vn -0.8296735882759094 0.556668758392334 0.041971758008003235
vn -0.8296735882759094 0.556668758392334 0.041971758008003235
vn -0.8289317488670349 0.5561710000038147 0.0595477856695652
vn -0.8289317488670349 0.5561710000038147 0.0595477856695652
vn -0.8281821608543396 0.5556680560112 0.07312534004449844
vn -0.8281821608543396 0.5556680560112 0.07312534004449844
vn -0.8275559544563293 0.5552479028701782 0.08276977390050888
vn -0.8275559544563293 0.5552479028701782 0.08276977390050888
vn -0.8270014524459839 0.5548758506774902 0.0904512032866478
vn -0.8270014524459839 0.5548758506774902 0.0904512032866478
vn -0.8303950428962708 0.5571528077125549 0.0049873096868395805
vn 0.6081942915916443 -0.7937725186347961 0.0049873096868395805
vn 0.6081942915916443 -0.7937725186347961 0.0049873096868395805
vn 0.6081641912460327 -0.7937331795692444 -0.011134538799524307
vn 0.6081641912460327 -0.7937331795692444 -0.011134538799524307
vn 0.6079995036125183 -0.7935183048248291 -0.025794334709644318
vn 0.6079995036125183 -0.7935183048248291 -0.025794334709644318
vn 0.6077484488487244 -0.7931906580924988 -0.038605477660894394
vn 0.6077484488487244 -0.7931906580924988 -0.038605477660894394
vn 0.6071619987487793 -0.7924252152442932 -0.05845191702246666
vn 0.6071619987487793 -0.7924252152442932 -0.05845191702246666
vn 0.6066970229148865 -0.791818380355835 -0.07030192017555237
vn 0.6066970229148865 -0.791818380355835 -0.07030192017555237
vn 0.6067491769790649 -0.7918864488601685 -0.06907422840595245
vn 0.6067491769790649 -0.7918864488601685 -0.06907422840595245
vn 0.6072561144828796 -0.7925480604171753 -0.05574528127908707
vn 0.6072561144828796 -0.7925480604171753 -0.05574528127908707
vn 0.6078516244888306 -0.7933253049850464 -0.03393107280135155
vn 0.6078516244888306 -0.7933253049850464 -0.03393107280135155
vn 0.608081579208374 -0.7936254143714905 -0.01988837495446205
vn 0.608081579208374 -0.7936254143714905 -0.01988837495446205
vn 0.6081928610801697 -0.7937706112861633 -0.0054427036084234715
vn 0.6081826090812683 -0.7937572598457336 0.007961706258356571
vn 0.6081928610801697 -0.7937706112861633 -0.0054427036084234715
vn 0.6080762147903442 -0.793618381023407 0.020328275859355927
vn 0.6081826090812683 -0.7937572598457336 0.007961706258356571
vn 0.6076658964157104 -0.7930828928947449 0.041971758008003235
vn 0.6080762147903442 -0.793618381023407 0.020328275859355927
vn 0.6071226000785828 -0.792373776435852 0.0595477856695652
vn 0.6076658964157104 -0.7930828928947449 0.041971758008003235
vn 0.6065735816955566 -0.7916572690010071 0.07312534004449844
vn 0.6071226000785828 -0.792373776435852 0.0595477856695652
vn 0.60611492395401 -0.7910586595535278 0.08276977390050888
vn 0.6065735816955566 -0.7916572690010071 0.07312534004449844
vn 0.6057087779045105 -0.7905285954475403 0.0904512032866478
vn 0.60611492395401 -0.7910586595535278 0.08276977390050888
vn 0.6057087779045105 -0.7905285954475403 0.0904512032866478
vn -0.8637403249740601 0.5039124488830566 0.0049873096868395805
vn -0.8636975288391113 0.5038874745368958 -0.011134538799524307
vn -0.8636975288391113 0.5038874745368958 -0.011134538799524307
vn -0.8634636998176575 0.5037510395050049 -0.025794334709644318
vn -0.8634636998176575 0.5037510395050049 -0.025794334709644318
vn -0.8631072044372559 0.5035430192947388 -0.038605477660894394
vn -0.8631072044372559 0.5035430192947388 -0.038605477660894394
vn -0.8622742891311646 0.5030571222305298 -0.05845191702246666
vn -0.8622742891311646 0.5030571222305298 -0.05845191702246666
vn -0.861613929271698 0.5026718974113464 -0.07030192017555237
vn -0.861613929271698 0.5026718974113464 -0.07030192017555237
vn -0.8616880178451538 0.5027151107788086 -0.06907422840595245
vn -0.8616880178451538 0.5027151107788086 -0.06907422840595245
vn -0.8624079823493958 0.5031351447105408 -0.05574528127908707
vn -0.8624079823493958 0.5031351447105408 -0.05574528127908707
vn -0.8632537126541138 0.5036285519599915 -0.03393107280135155
vn -0.8632537126541138 0.5036285519599915 -0.03393107280135155
vn -0.8635802268981934 0.5038190484046936 -0.01988837495446205
vn -0.8635802268981934 0.5038190484046936 -0.01988837495446205
vn -0.8637382984161377 0.5039112567901611 -0.0054427036084234715
vn -0.8637382984161377 0.5039112567901611 -0.0054427036084234715
vn -0.8637236952781677 0.5039027333259583 0.007961706258356571
vn -0.8637236952781677 0.5039027333259583 0.007961706258356571
vn -0.8635725975036621 0.5038145780563354 0.020328275859355927
vn -0.8635725975036621 0.5038145780563354 0.020328275859355927
vn -0.8629899621009827 0.5034746527671814 0.041971758008003235
vn -0.8629899621009827 0.5034746527671814 0.041971758008003235
vn -0.8622183203697205 0.5030244588851929 0.0595477856695652
vn -0.8622183203697205 0.5030244588851929 0.0595477856695652
vn -0.8614386320114136 0.5025696158409119 0.07312534004449844
vn -0.8614386320114136 0.5025696158409119 0.07312534004449844
vn -0.8607872724533081 0.502189576625824 0.08276977390050888
vn -0.8607872724533081 0.502189576625824 0.08276977390050888
vn -0.8602104783058167 0.5018531084060669 0.0904512032866478
vn -0.8602104783058167 0.5018531084060669 0.0904512032866478
vn -0.8637403249740601 0.5039124488830566 0.0049873096868395805
vn 0.6568355560302734 -0.7540173530578613 0.0049873096868395805
vn 0.6568355560302734 -0.7540173530578613 0.0049873096868395805
vn 0.6568030118942261 -0.7539799809455872 -0.011134538799524307
vn 0.6568030118942261 -0.7539799809455872 -0.011134538799524307
vn 0.6566251516342163 -0.7537758350372314 -0.025794334709644318
vn 0.6566251516342163 -0.7537758350372314 -0.025794334709644318
vn 0.6563540697097778 -0.7534646391868591 -0.038605477660894394
vn 0.6563540697097778 -0.7534646391868591 -0.038605477660894394
vn 0.6557206511497498 -0.7527375221252441 -0.05845191702246666
vn 0.6557206511497498 -0.7527375221252441 -0.05845191702246666
vn 0.6552185416221619 -0.7521610856056213 -0.07030192017555237
vn 0.6552185416221619 -0.7521610856056213 -0.07030192017555237
vn 0.6552748680114746 -0.7522257566452026 -0.06907422840595245
vn 0.6552748680114746 -0.7522257566452026 -0.06907422840595245
vn 0.6558223366737366 -0.7528542280197144 -0.05574528127908707
vn 0.6558223366737366 -0.7528542280197144 -0.05574528127908707
vn 0.6564655303955078 -0.7535925507545471 -0.03393107280135155
vn 0.6564655303955078 -0.7535925507545471 -0.03393107280135155
vn 0.6567137837409973 -0.753877580165863 -0.01988837495446205
vn 0.6567137837409973 -0.753877580165863 -0.01988837495446205
vn 0.6568340063095093 -0.7540155649185181 -0.0054427036084234715
vn 0.656822919845581 -0.7540028095245361 0.007961706258356571
vn 0.6568340063095093 -0.7540155649185181 -0.0054427036084234715
vn 0.6567080020904541 -0.7538709044456482 0.020328275859355927
vn 0.656822919845581 -0.7540028095245361 0.007961706258356571
vn 0.6562649011611938 -0.7533622980117798 0.041971758008003235
vn 0.6567080020904541 -0.7538709044456482 0.020328275859355927
vn 0.6556781530380249 -0.7526887059211731 0.0595477856695652
vn 0.6562649011611938 -0.7533622980117798 0.041971758008003235
vn 0.6550852060317993 -0.7520080208778381 0.07312534004449844
vn 0.6556781530380249 -0.7526887059211731 0.0595477856695652
vn 0.6545898914337158 -0.7514394521713257 0.08276977390050888
vn 0.6550852060317993 -0.7520080208778381 0.07312534004449844
vn 0.6541512608528137 -0.7509359121322632 0.0904512032866478
vn 0.6545898914337158 -0.7514394521713257 0.08276977390050888
vn 0.6541512608528137 -0.7509359121322632 0.0904512032866478
vn -0.8936768770217896 0.44868338108062744 0.0049873096868395805
vn -0.8936325907707214 0.4486611485481262 -0.011134538799524307
vn -0.8936325907707214 0.4486611485481262 -0.011134538799524307
vn -0.8933906555175781 0.448539674282074 -0.025794334709644318
vn -0.8933906555175781 0.448539674282074 -0.025794334709644318
vn -0.8930217623710632 0.44835448265075684 -0.038605477660894394
vn -0.8930217623710632 0.44835448265075684 -0.038605477660894394
vn -0.8921599984169006 0.4479218125343323 -0.05845191702246666
vn -0.8921599984169006 0.4479218125343323 -0.05845191702246666
vn -0.8914768099784851 0.4475787878036499 -0.07030192017555237
vn -0.8914768099784851 0.4475787878036499 -0.07030192017555237
vn -0.8915534615516663 0.4476172626018524 -0.06907422840595245
vn -0.8915534615516663 0.4476172626018524 -0.06907422840595245
vn -0.8922983407974243 0.4479912519454956 -0.05574528127908707
vn -0.8922983407974243 0.4479912519454956 -0.05574528127908707
vn -0.8931733965873718 0.448430597782135 -0.03393107280135155
vn -0.8931733965873718 0.448430597782135 -0.03393107280135155
vn -0.8935112357139587 0.4486002027988434 -0.01988837495446205
vn -0.8935112357139587 0.4486002027988434 -0.01988837495446205
vn -0.8936747312545776 0.4486823081970215 -0.0054427036084234715
vn -0.8936747312545776 0.4486823081970215 -0.0054427036084234715
vn -0.8936596512794495 0.448674738407135 0.007961706258356571
vn -0.8936596512794495 0.448674738407135 0.007961706258356571
vn -0.8935033082962036 0.4485962390899658 0.020328275859355927
vn -0.8935033082962036 0.4485962390899658 0.020328275859355927
vn -0.8929004669189453 0.4482935667037964 0.041971758008003235
vn -0.8929004669189453 0.4482935667037964 0.041971758008003235
vn -0.8921021223068237 0.4478927254676819 0.0595477856695652
vn -0.8921021223068237 0.4478927254676819 0.0595477856695652
vn -0.8912953734397888 0.4474877119064331 0.07312534004449844
vn -0.8912953734397888 0.4474877119064331 0.07312534004449844
vn -0.8906214833259583 0.4471493661403656 0.08276977390050888
vn -0.8906214833259583 0.4471493661403656 0.08276977390050888
vn -0.8900246620178223 0.4468497335910797 0.0904512032866478
vn -0.8900246620178223 0.4468497335910797 0.0904512032866478
vn -0.8936768770217896 0.44868338108062744 0.0049873096868395805
vn 0.7028846144676208 -0.7112864255905151 0.0049873096868395805
vn 0.7028846144676208 -0.7112864255905151 0.0049873096868395805
vn 0.7028497457504272 -0.7112511992454529 -0.011134538799524307
vn 0.7028497457504272 -0.7112511992454529 -0.011134538799524307
vn 0.7026594877243042 -0.7110586166381836 -0.025794334709644318
vn 0.7026594877243042 -0.7110586166381836 -0.025794334709644318
vn 0.7023693323135376 -0.71076500415802 -0.038605477660894394
vn 0.7023693323135376 -0.71076500415802 -0.038605477660894394
vn 0.7016915678977966 -0.7100791335105896 -0.05845191702246666
vn 0.7016915678977966 -0.7100791335105896 -0.05845191702246666
vn 0.7011542320251465 -0.7095353603363037 -0.07030192017555237
vn 0.7011542320251465 -0.7095353603363037 -0.07030192017555237
vn 0.7012144923210144 -0.7095963358879089 -0.06907422840595245
vn 0.7012144923210144 -0.7095963358879089 -0.06907422840595245
vn 0.7018003463745117 -0.7101892232894897 -0.05574528127908707
vn 0.7018003463745117 -0.7101892232894897 -0.05574528127908707
vn 0.7024886012077332 -0.7108857035636902 -0.03393107280135155
vn 0.7024886012077332 -0.7108857035636902 -0.03393107280135155
vn 0.7027543187141418 -0.711154580116272 -0.01988837495446205
vn 0.7027543187141418 -0.711154580116272 -0.01988837495446205
vn 0.7028829455375671 -0.7112847566604614 -0.0054427036084234715
vn 0.7028710246086121 -0.7112727165222168 0.007961706258356571
vn 0.7028829455375671 -0.7112847566604614 -0.0054427036084234715
vn 0.7027480602264404 -0.7111482620239258 0.020328275859355927
vn 0.7028710246086121 -0.7112727165222168 0.007961706258356571
vn 0.702273964881897 -0.7106685042381287 0.041971758008003235
vn 0.7027480602264404 -0.7111482620239258 0.020328275859355927
vn 0.7016460299491882 -0.7100330591201782 0.0595477856695652
vn 0.702273964881897 -0.7106685042381287 0.041971758008003235
vn 0.7010115385055542 -0.7093909382820129 0.07312534004449844
vn 0.7016460299491882 -0.7100330591201782 0.0595477856695652
vn 0.7004814743995667 -0.708854615688324 0.08276977390050888
vn 0.7010115385055542 -0.7093909382820129 0.07312534004449844
vn 0.7000120878219604 -0.7083795666694641 0.0904512032866478
vn 0.7004814743995667 -0.708854615688324 0.08276977390050888
vn 0.7000120878219604 -0.7083795666694641 0.0904512032866478
vn -0.9200864434242249 0.39168357849121094 0.0049873096868395805
vn -0.9200408458709717 0.39166414737701416 -0.011134538799524307
vn -0.9200408458709717 0.39166414737701416 -0.011134538799524307
vn -0.9197917580604553 0.39155811071395874 -0.025794334709644318
vn -0.9197917580604553 0.39155811071395874 -0.025794334709644318
vn -0.9194120168685913 0.3913964331150055 -0.038605477660894394
vn -0.9194120168685913 0.3913964331150055 -0.038605477660894394
vn -0.9185247421264648 0.39101874828338623 -0.05845191702246666
vn -0.9185247421264648 0.39101874828338623 -0.05845191702246666
vn -0.9178213477134705 0.39071929454803467 -0.07030192017555237
vn -0.9178213477134705 0.39071929454803467 -0.07030192017555237
vn -0.9179002642631531 0.390752911567688 -0.06907422840595245
vn -0.9179002642631531 0.390752911567688 -0.06907422840595245
vn -0.918667197227478 0.3910793662071228 -0.05574528127908707
vn -0.918667197227478 0.3910793662071228 -0.05574528127908707
vn -0.9195681214332581 0.39146289229393005 -0.03393107280135155
vn -0.9195681214332581 0.39146289229393005 -0.03393107280135155
vn -0.9199159145355225 0.3916109502315521 -0.01988837495446205
vn -0.9199159145355225 0.3916109502315521 -0.01988837495446205
vn -0.9200842976570129 0.39168262481689453 -0.0054427036084234715
vn -0.9200842976570129 0.39168262481689453 -0.0054427036084234715
vn -0.9200687408447266 0.39167600870132446 0.007961706258356571
vn -0.9200687408447266 0.39167600870132446 0.007961706258356571
vn -0.919907808303833 0.39160749316215515 0.020328275859355927
vn -0.919907808303833 0.39160749316215515 0.020328275859355927
vn -0.9192871451377869 0.39134329557418823 0.041971758008003235
vn -0.9192871451377869 0.39134329557418823 0.041971758008003235
vn -0.9184651374816895 0.3909933567047119 0.0595477856695652
vn -0.9184651374816895 0.3909933567047119 0.0595477856695652
vn -0.9176346063613892 0.3906397819519043 0.07312534004449844
vn -0.9176346063613892 0.3906397819519043 0.07312534004449844
vn -0.9169407486915588 0.39034444093704224 0.08276977390050888
vn -0.9169407486915588 0.39034444093704224 0.08276977390050888
vn -0.9163263440132141 0.39008286595344543 0.0904512032866478
vn -0.9163263440132141 0.39008286595344543 0.0904512032866478
vn -0.9200864434242249 0.39168357849121094 0.0049873096868395805
vn 0.7461596727371216 -0.6657483577728271 0.0049873096868395805
vn 0.7461596727371216 -0.6657483577728271 0.0049873096868395805
vn 0.7461226582527161 -0.6657153964042664 -0.011134538799524307
vn 0.7461226582527161 -0.6657153964042664 -0.011134538799524307
vn 0.7459206581115723 -0.6655351519584656 -0.025794334709644318
vn 0.7459206581115723 -0.6655351519584656 -0.025794334709644318
vn 0.7456126809120178 -0.665260374546051 -0.038605477660894394
vn 0.7456126809120178 -0.665260374546051 -0.038605477660894394
vn 0.7448931336402893 -0.6646183729171753 -0.05845191702246666
vn 0.7448931336402893 -0.6646183729171753 -0.05845191702246666
vn 0.7443227171897888 -0.6641094088554382 -0.07030192017555237
vn 0.7443227171897888 -0.6641094088554382 -0.07030192017555237
vn 0.7443867325782776 -0.6641665101051331 -0.06907422840595245
vn 0.7443867325782776 -0.6641665101051331 -0.06907422840595245
vn 0.745008647441864 -0.6647214293479919 -0.05574528127908707
vn 0.745008647441864 -0.6647214293479919 -0.05574528127908707
vn 0.7457392811775208 -0.6653733253479004 -0.03393107280135155
vn 0.7457392811775208 -0.6653733253479004 -0.03393107280135155
vn 0.7460213303565979 -0.6656249761581421 -0.01988837495446205
vn 0.7460213303565979 -0.6656249761581421 -0.01988837495446205
vn 0.7461578845977783 -0.665746808052063 -0.0054427036084234715
vn 0.7461453080177307 -0.6657355427742004 0.007961706258356571
vn 0.7461578845977783 -0.665746808052063 -0.0054427036084234715
vn 0.7460147142410278 -0.6656190752983093 0.020328275859355927
vn 0.7461453080177307 -0.6657355427742004 0.007961706258356571
vn 0.7455114126205444 -0.6651700139045715 0.041971758008003235
vn 0.7460147142410278 -0.6656190752983093 0.020328275859355927
vn 0.7448447942733765 -0.6645752191543579 0.0595477856695652
vn 0.7455114126205444 -0.6651700139045715 0.041971758008003235
vn 0.7441712617874146 -0.6639742851257324 0.07312534004449844
vn 0.7448447942733765 -0.6645752191543579 0.0595477856695652
vn 0.7436085939407349 -0.6634722352027893 0.08276977390050888
vn 0.7441712617874146 -0.6639742851257324 0.07312534004449844
vn 0.7431102991104126 -0.6630276441574097 0.0904512032866478
vn 0.7436085939407349 -0.6634722352027893 0.08276977390050888
vn 0.7431102991104126 -0.6630276441574097 0.0904512032866478
vn -0.9428648948669434 0.33313795924186707 0.0049873096868395805
vn -0.9428181648254395 0.3331214487552643 -0.011134538799524307
vn -0.9428181648254395 0.3331214487552643 -0.011134538799524307
vn -0.9425628781318665 0.3330312669277191 -0.025794334709644318
vn -0.9425628781318665 0.3330312669277191 -0.025794334709644318
vn -0.9421737194061279 0.3328937590122223 -0.038605477660894394
vn -0.9421737194061279 0.3328937590122223 -0.038605477660894394
vn -0.9412645101547241 0.3325725197792053 -0.05845191702246666
vn -0.9412645101547241 0.3325725197792053 -0.05845191702246666
vn -0.9405437111854553 0.3323178291320801 -0.07030192017555237
vn -0.9405437111854553 0.3323178291320801 -0.07030192017555237
vn -0.9406245946884155 0.3323464095592499 -0.06907422840595245
vn -0.9406245946884155 0.3323464095592499 -0.06907422840595245
vn -0.941410481929779 0.33262407779693604 -0.05574528127908707
vn -0.941410481929779 0.33262407779693604 -0.05574528127908707
vn -0.9423336982727051 0.33295026421546936 -0.03393107280135155
vn -0.9423336982727051 0.33295026421546936 -0.03393107280135155
vn -0.9426901340484619 0.33307620882987976 -0.01988837495446205
vn -0.9426901340484619 0.33307620882987976 -0.01988837495446205
vn -0.9428626894950867 0.333137184381485 -0.0054427036084234715
vn -0.9428626894950867 0.333137184381485 -0.0054427036084234715
vn -0.9428467154502869 0.3331315517425537 0.007961706258356571
vn -0.9428467154502869 0.3331315517425537 0.007961706258356571
vn -0.9426817893981934 0.3330732583999634 0.020328275859355927
vn -0.9426817893981934 0.3330732583999634 0.020328275859355927
vn -0.9420457482337952 0.33284854888916016 0.041971758008003235
vn -0.9420457482337952 0.33284854888916016 0.041971758008003235
vn -0.9412034749984741 0.33255094289779663 0.0595477856695652
vn -0.9412034749984741 0.33255094289779663 0.0595477856695652
vn -0.9403523206710815 0.3322502076625824 0.07312534004449844
vn -0.9403523206710815 0.3322502076625824 0.07312534004449844
vn -0.9396413564682007 0.3319990038871765 0.08276977390050888
vn -0.9396413564682007 0.3319990038871765 0.08276977390050888
vn -0.9390116930007935 0.33177652955055237 0.0904512032866478
vn -0.9390116930007935 0.33177652955055237 0.0904512032866478
vn -0.9428648948669434 0.33313795924186707 0.0049873096868395805
vn 0.7864899635314941 -0.6175829172134399 0.0049873096868395805
vn 0.7864899635314941 -0.6175829172134399 0.0049873096868395805
vn 0.786450982093811 -0.6175523400306702 -0.011134538799524307
vn 0.786450982093811 -0.6175523400306702 -0.011134538799524307
vn 0.7862380743026733 -0.6173850893974304 -0.025794334709644318
vn 0.7862380743026733 -0.6173850893974304 -0.025794334709644318
vn 0.7859134078025818 -0.6171302199363708 -0.038605477660894394
vn 0.7859134078025818 -0.6171302199363708 -0.038605477660894394
vn 0.7851549983024597 -0.6165346503257751 -0.05845191702246666
vn 0.7851549983024597 -0.6165346503257751 -0.05845191702246666
vn 0.7845537662506104 -0.6160625219345093 -0.07030192017555237
vn 0.7845537662506104 -0.6160625219345093 -0.07030192017555237
vn 0.7846211791038513 -0.6161155104637146 -0.06907422840595245
vn 0.7846211791038513 -0.6161155104637146 -0.06907422840595245
vn 0.7852767705917358 -0.6166302561759949 -0.05574528127908707
vn 0.7852767705917358 -0.6166302561759949 -0.05574528127908707
vn 0.7860468626022339 -0.617235004901886 -0.03393107280135155
vn 0.7860468626022339 -0.617235004901886 -0.03393107280135155
vn 0.7863441705703735 -0.6174684762954712 -0.01988837495446205
vn 0.7863441705703735 -0.6174684762954712 -0.01988837495446205
vn 0.7864881157875061 -0.6175814270973206 -0.0054427036084234715
vn 0.7864748239517212 -0.6175710558891296 0.007961706258356571
vn 0.7864881157875061 -0.6175814270973206 -0.0054427036084234715
vn 0.7863371968269348 -0.6174629926681519 0.020328275859355927
vn 0.7864748239517212 -0.6175710558891296 0.007961706258356571
vn 0.7858066558837891 -0.6170463562011719 0.041971758008003235
vn 0.7863371968269348 -0.6174629926681519 0.020328275859355927
vn 0.7851040363311768 -0.6164946556091309 0.0595477856695652
vn 0.7858066558837891 -0.6170463562011719 0.041971758008003235
vn 0.7843940854072571 -0.6159371733665466 0.07312534004449844
vn 0.7851040363311768 -0.6164946556091309 0.0595477856695652
vn 0.7838010191917419 -0.6154714822769165 0.08276977390050888
vn 0.7843940854072571 -0.6159371733665466 0.07312534004449844
vn 0.7832757830619812 -0.6150590181350708 0.0904512032866478
vn 0.7838010191917419 -0.6154714822769165 0.08276977390050888
vn 0.7832757830619812 -0.6150590181350708 0.0904512032866478
vn -0.961922287940979 0.27327761054039 0.0049873096868395805
vn -0.9618746042251587 0.273264080286026 -0.011134538799524307
vn -0.9618746042251587 0.273264080286026 -0.011134538799524307
vn -0.961614191532135 0.27319008111953735 -0.025794334709644318
vn -0.961614191532135 0.27319008111953735 -0.025794334709644318
vn -0.9612171649932861 0.2730772793292999 -0.038605477660894394
vn -0.9612171649932861 0.2730772793292999 -0.038605477660894394
vn -0.9602895379066467 0.2728137671947479 -0.05845191702246666
vn -0.9602895379066467 0.2728137671947479 -0.05845191702246666
vn -0.9595541954040527 0.2726048529148102 -0.07030192017555237
vn -0.9595541954040527 0.2726048529148102 -0.07030192017555237
vn -0.9596366882324219 0.2726282775402069 -0.06907422840595245
vn -0.9596366882324219 0.2726282775402069 -0.06907422840595245
vn -0.9604384303092957 0.27285605669021606 -0.05574528127908707
vn -0.9604384303092957 0.27285605669021606 -0.05574528127908707
vn -0.9613803625106812 0.2731236517429352 -0.03393107280135155
vn -0.9613803625106812 0.2731236517429352 -0.03393107280135155
vn -0.961743950843811 0.27322694659233093 -0.01988837495446205
vn -0.961743950843811 0.27322694659233093 -0.01988837495446205
vn -0.9619200229644775 0.2732769548892975 -0.0054427036084234715
vn -0.9619200229644775 0.2732769548892975 -0.0054427036084234715
vn -0.9619037508964539 0.2732723355293274 0.007961706258356571
vn -0.9619037508964539 0.2732723355293274 0.007961706258356571
vn -0.9617354869842529 0.27322453260421753 0.020328275859355927
vn -0.9617354869842529 0.27322453260421753 0.020328275859355927
vn -0.9610865712165833 0.27304020524024963 0.041971758008003235
vn -0.9610865712165833 0.27304020524024963 0.041971758008003235
vn -0.9602272510528564 0.27279606461524963 0.0595477856695652
vn -0.9602272510528564 0.27279606461524963 0.0595477856695652
vn -0.9593589305877686 0.2725493609905243 0.07312534004449844
vn -0.9593589305877686 0.2725493609905243 0.07312534004449844
vn -0.958633542060852 0.27234330773353577 0.08276977390050888
vn -0.958633542060852 0.27234330773353577 0.08276977390050888
vn -0.9579911828041077 0.2721607983112335 0.0904512032866478
vn -0.9579911828041077 0.2721607983112335 0.0904512032866478
vn -0.961922287940979 0.27327761054039 0.0049873096868395805
vn 0.8237163424491882 -0.5669801235198975 0.0049873096868395805
vn 0.8237163424491882 -0.5669801235198975 0.0049873096868395805
vn 0.8236755132675171 -0.5669520497322083 -0.011134538799524307
vn 0.8236755132675171 -0.5669520497322083 -0.011134538799524307
vn 0.8234525322914124 -0.5667985677719116 -0.025794334709644318
vn 0.8234525322914124 -0.5667985677719116 -0.025794334709644318
vn 0.8231125473976135 -0.5665645003318787 -0.038605477660894394
vn 0.8231125473976135 -0.5665645003318787 -0.038605477660894394
vn 0.8223181962966919 -0.5660178065299988 -0.05845191702246666
vn 0.8223181962966919 -0.5660178065299988 -0.05845191702246666
vn 0.8216884732246399 -0.5655843615531921 -0.07030192017555237
vn 0.8216884732246399 -0.5655843615531921 -0.07030192017555237
vn 0.8217591643333435 -0.5656329393386841 -0.06907422840595245
vn 0.8217591643333435 -0.5656329393386841 -0.06907422840595245
vn 0.8224457502365112 -0.5661055445671082 -0.05574528127908707
vn 0.8224457502365112 -0.5661055445671082 -0.05574528127908707
vn 0.823252260684967 -0.5666607022285461 -0.03393107280135155
vn 0.823252260684967 -0.5666607022285461 -0.03393107280135155
vn 0.8235636949539185 -0.5668750405311584 -0.01988837495446205
vn 0.8235636949539185 -0.5668750405311584 -0.01988837495446205
vn 0.8237143754959106 -0.5669788122177124 -0.0054427036084234715
vn 0.823700487613678 -0.5669692158699036 0.007961706258356571
vn 0.8237143754959106 -0.5669788122177124 -0.0054427036084234715
vn 0.8235563635826111 -0.5668700337409973 0.020328275859355927
vn 0.823700487613678 -0.5669692158699036 0.007961706258356571
vn 0.8230007290840149 -0.5664875507354736 0.041971758008003235
vn 0.8235563635826111 -0.5668700337409973 0.020328275859355927
vn 0.8222648501396179 -0.5659810304641724 0.0595477856695652
vn 0.8230007290840149 -0.5664875507354736 0.041971758008003235
vn 0.8215212821960449 -0.5654692649841309 0.07312534004449844
vn 0.8222648501396179 -0.5659810304641724 0.0595477856695652
vn 0.8209001421928406 -0.565041720867157 0.08276977390050888
vn 0.8215212821960449 -0.5654692649841309 0.07312534004449844
vn 0.8203500509262085 -0.5646630525588989 0.0904512032866478
vn 0.8209001421928406 -0.565041720867157 0.08276977390050888
vn 0.8203500509262085 -0.5646630525588989 0.0904512032866478
vn -0.9771834015846252 0.21233876049518585 0.0049873096868395805
vn -0.9771349430084229 0.212328240275383 -0.011134538799524307
vn -0.9771349430084229 0.212328240275383 -0.011134538799524307
vn -0.9768704175949097 0.21227075159549713 -0.025794334709644318
vn -0.9768704175949097 0.21227075159549713 -0.025794334709644318
vn -0.9764670729637146 0.21218310296535492 -0.038605477660894394
vn -0.9764670729637146 0.21218310296535492 -0.038605477660894394
vn -0.9755247831344604 0.21197834610939026 -0.05845191702246666
vn -0.9755247831344604 0.21197834610939026 -0.05845191702246666
vn -0.9747776985168457 0.21181601285934448 -0.07030192017555237
vn -0.9747776985168457 0.21181601285934448 -0.07030192017555237
vn -0.9748615622520447 0.21183423697948456 -0.06907422840595245
vn -0.9748615622520447 0.21183423697948456 -0.06907422840595245
vn -0.9756760001182556 0.2120112180709839 -0.05574528127908707
vn -0.9756760001182556 0.2120112180709839 -0.05574528127908707
vn -0.976632833480835 0.21221913397312164 -0.03393107280135155
vn -0.976632833480835 0.21221913397312164 -0.03393107280135155
vn -0.9770022630691528 0.2122994065284729 -0.01988837495446205
vn -0.9770022630691528 0.2122994065284729 -0.01988837495446205
vn -0.977181077003479 0.21233825385570526 -0.0054427036084234715
vn -0.977181077003479 0.21233825385570526 -0.0054427036084234715
vn -0.9771645665168762 0.21233467757701874 0.007961706258356571
vn -0.9771645665168762 0.21233467757701874 0.007961706258356571
vn -0.9769936203956604 0.21229752898216248 0.020328275859355927
vn -0.9769936203956604 0.21229752898216248 0.020328275859355927
vn -0.9763344526290894 0.21215428411960602 0.041971758008003235
vn -0.9763344526290894 0.21215428411960602 0.041971758008003235
vn -0.975461483001709 0.21196459233760834 0.0595477856695652
vn -0.975461483001709 0.21196459233760834 0.0595477856695652
vn -0.9745793342590332 0.21177291870117188 0.07312534004449844
vn -0.9745793342590332 0.21177291870117188 0.07312534004449844
vn -0.9738425016403198 0.2116127908229828 0.08276977390050888
vn -0.9738425016403198 0.2116127908229828 0.08276977390050888
vn -0.9731898903846741 0.21147099137306213 0.0904512032866478
vn -0.9731898903846741 0.21147099137306213 0.0904512032866478
vn -0.9771834015846252 0.21233876049518585 0.0049873096868395805
vn 0.8576919436454773 -0.5141397714614868 0.0049873096868395805
vn 0.8576919436454773 -0.5141397714614868 0.0049873096868395805
vn 0.8576494455337524 -0.514114260673523 -0.011134538799524307
vn 0.8576494455337524 -0.514114260673523 -0.011134538799524307
vn 0.8574172258377075 -0.5139750838279724 -0.025794334709644318
vn 0.8574172258377075 -0.5139750838279724 -0.025794334709644318
vn 0.8570631742477417 -0.513762891292572 -0.038605477660894394
vn 0.8570631742477417 -0.513762891292572 -0.038605477660894394
vn 0.8562361001968384 -0.5132670998573303 -0.05845191702246666
vn 0.8562361001968384 -0.5132670998573303 -0.05845191702246666
vn 0.8555804491043091 -0.5128740668296814 -0.07030192017555237
vn 0.8555804491043091 -0.5128740668296814 -0.07030192017555237
vn 0.8556540012359619 -0.5129181146621704 -0.06907422840595245
vn 0.8556540012359619 -0.5129181146621704 -0.06907422840595245
vn 0.856368899345398 -0.5133466720581055 -0.05574528127908707
vn 0.856368899345398 -0.5133466720581055 -0.05574528127908707
vn 0.8572087287902832 -0.5138500928878784 -0.03393107280135155
vn 0.8572087287902832 -0.5138500928878784 -0.03393107280135155
vn 0.8575329184532166 -0.514044463634491 -0.01988837495446205
vn 0.8575329184532166 -0.514044463634491 -0.01988837495446205
vn 0.8576898574829102 -0.5141385197639465 -0.0054427036084234715
vn 0.8576753735542297 -0.5141298770904541 0.007961706258356571
vn 0.8576898574829102 -0.5141385197639465 -0.0054427036084234715
vn 0.8575253486633301 -0.514039933681488 0.020328275859355927
vn 0.8576753735542297 -0.5141298770904541 0.007961706258356571
vn 0.8569467663764954 -0.51369309425354 0.041971758008003235
vn 0.8575253486633301 -0.514039933681488 0.020328275859355927
vn 0.8561805486679077 -0.5132337808609009 0.0595477856695652
vn 0.8569467663764954 -0.51369309425354 0.041971758008003235
vn 0.8554062843322754 -0.5127696394920349 0.07312534004449844
vn 0.8561805486679077 -0.5132337808609009 0.0595477856695652
vn 0.8547595739364624 -0.5123819708824158 0.08276977390050888
vn 0.8554062843322754 -0.5127696394920349 0.07312534004449844
vn 0.8541867733001709 -0.5120385885238647 0.0904512032866478
vn 0.8547595739364624 -0.5123819708824158 0.08276977390050888
vn 0.8541867733001709 -0.5120385885238647 0.0904512032866478
vn -0.9885879755020142 0.15056191384792328 0.0049873096868395805
vn -0.9885390400886536 0.15055444836616516 -0.011134538799524307
vn -0.9885390400886536 0.15055444836616516 -0.011134538799524307
vn -0.9882713556289673 0.1505136787891388 -0.025794334709644318
vn -0.9882713556289673 0.1505136787891388 -0.025794334709644318
vn -0.987863302230835 0.15045154094696045 -0.038605477660894394
vn -0.987863302230835 0.15045154094696045 -0.038605477660894394
vn -0.9869099855422974 0.1503063440322876 -0.05845191702246666
vn -0.9869099855422974 0.1503063440322876 -0.05845191702246666
vn -0.9861542582511902 0.15019124746322632 -0.07030192017555237
vn -0.9861542582511902 0.15019124746322632 -0.07030192017555237
vn -0.9862390756607056 0.15020416676998138 -0.06907422840595245
vn -0.9862390756607056 0.15020416676998138 -0.06907422840595245
vn -0.9870630502700806 0.15032964944839478 -0.05574528127908707
vn -0.9870630502700806 0.15032964944839478 -0.05574528127908707
vn -0.9880310297012329 0.1504770815372467 -0.03393107280135155
vn -0.9880310297012329 0.1504770815372467 -0.03393107280135155
vn -0.9884047508239746 0.1505340039730072 -0.01988837495446205
vn -0.9884047508239746 0.1505340039730072 -0.01988837495446205
vn -0.9885856509208679 0.15056155622005463 -0.0054427036084234715
vn -0.9885856509208679 0.15056155622005463 -0.0054427036084234715
vn -0.9885689616203308 0.15055900812149048 0.007961706258356571
vn -0.9885689616203308 0.15055900812149048 0.007961706258356571
vn -0.9883959889411926 0.15053266286849976 0.020328275859355927
vn -0.9883959889411926 0.15053266286849976 0.020328275859355927
vn -0.9877291321754456 0.1504310965538025 0.041971758008003235
vn -0.9877291321754456 0.1504310965538025 0.041971758008003235
vn -0.9868459701538086 0.15029659867286682 0.0595477856695652
vn -0.9868459701538086 0.15029659867286682 0.0595477856695652
vn -0.9859535694122314 0.15016068518161774 0.07312534004449844
vn -0.9859535694122314 0.15016068518161774 0.07312534004449844
vn -0.9852080941200256 0.1500471532344818 0.08276977390050888
vn -0.9852080941200256 0.1500471532344818 0.08276977390050888
vn -0.9845479130744934 0.14994660019874573 0.0904512032866478
vn -0.9845479130744934 0.14994660019874573 0.0904512032866478
vn -0.9885879755020142 0.15056191384792328 0.0049873096868395805
vn 0.8882825374603271 -0.45927029848098755 0.0049873096868395805
vn 0.8882825374603271 -0.45927029848098755 0.0049873096868395805
vn 0.8882385492324829 -0.45924755930900574 -0.011134538799524307
vn 0.8882385492324829 -0.45924755930900574 -0.011134538799524307
vn 0.8879980444908142 -0.4591231942176819 -0.025794334709644318
vn 0.8879980444908142 -0.4591231942176819 -0.025794334709644318
vn 0.8876314163208008 -0.45893365144729614 -0.038605477660894394
vn 0.8876314163208008 -0.45893365144729614 -0.038605477660894394
vn 0.8867748379707336 -0.4584907591342926 -0.05845191702246666
vn 0.8867748379707336 -0.4584907591342926 -0.05845191702246666
vn 0.8860957622528076 -0.45813965797424316 -0.07030192017555237
vn 0.8860957622528076 -0.45813965797424316 -0.07030192017555237
vn 0.8861719369888306 -0.4581790566444397 -0.06907422840595245
vn 0.8861719369888306 -0.4581790566444397 -0.06907422840595245
vn 0.8869123458862305 -0.45856186747550964 -0.05574528127908707
vn 0.8869123458862305 -0.45856186747550964 -0.05574528127908707
vn 0.887782096862793 -0.4590115547180176 -0.03393107280135155
vn 0.887782096862793 -0.4590115547180176 -0.03393107280135155
vn 0.8881179094314575 -0.4591851830482483 -0.01988837495446205
vn 0.8881179094314575 -0.4591851830482483 -0.01988837495446205
vn 0.88828045129776 -0.4592692255973816 -0.0054427036084234715
vn 0.8882654309272766 -0.4592614769935608 0.007961706258356571
vn 0.88828045129776 -0.4592692255973816 -0.0054427036084234715
vn 0.8881100416183472 -0.4591811001300812 0.020328275859355927
vn 0.8882654309272766 -0.4592614769935608 0.007961706258356571
vn 0.8875108361244202 -0.4588713049888611 0.041971758008003235
vn 0.8881100416183472 -0.4591811001300812 0.020328275859355927
vn 0.8867173194885254 -0.4584610164165497 0.0595477856695652
vn 0.8875108361244202 -0.4588713049888611 0.041971758008003235
vn 0.8859154582023621 -0.45804643630981445 0.07312534004449844
vn 0.8867173194885254 -0.4584610164165497 0.0595477856695652
vn 0.8852456212043762 -0.45770010352134705 0.08276977390050888
vn 0.8859154582023621 -0.45804643630981445 0.07312534004449844
vn 0.8846523761749268 -0.4573934078216553 0.0904512032866478
vn 0.8852456212043762 -0.45770010352134705 0.08276977390050888
vn 0.8846523761749268 -0.4573934078216553 0.0904512032866478
vn -0.9960911273956299 0.08819085359573364 0.0049873096868395805
vn -0.9960417747497559 0.08818648010492325 -0.011134538799524307
vn -0.9960417747497559 0.08818648010492325 -0.011134538799524307
vn -0.9957720637321472 0.0881626084446907 -0.025794334709644318
vn -0.9957720637321472 0.0881626084446907 -0.025794334709644318
vn -0.9953609108924866 0.08812620490789413 -0.038605477660894394
vn -0.9953609108924866 0.08812620490789413 -0.038605477660894394
vn -0.9944003820419312 0.08804116398096085 -0.05845191702246666
vn -0.9944003820419312 0.08804116398096085 -0.05845191702246666
vn -0.9936388731002808 0.08797374367713928 -0.07030192017555237
vn -0.9936388731002808 0.08797374367713928 -0.07030192017555237
vn -0.9937243461608887 0.08798130601644516 -0.06907422840595245
vn -0.9937243461608887 0.08798130601644516 -0.06907422840595245
vn -0.9945545792579651 0.08805481344461441 -0.05574528127908707
vn -0.9945545792579651 0.08805481344461441 -0.05574528127908707
vn -0.9955298900604248 0.08814116567373276 -0.03393107280135155
vn -0.9955298900604248 0.08814116567373276 -0.03393107280135155
vn -0.9959064722061157 0.08817450702190399 -0.01988837495446205
vn -0.9959064722061157 0.08817450702190399 -0.01988837495446205
vn -0.9960887432098389 0.08819064497947693 -0.0054427036084234715
vn -0.9960887432098389 0.08819064497947693 -0.0054427036084234715
vn -0.9960719347000122 0.08818915486335754 0.007961706258356571
vn -0.9960719347000122 0.08818915486335754 0.007961706258356571
vn -0.995897650718689 0.08817372471094131 0.020328275859355927
vn -0.995897650718689 0.08817372471094131 0.020328275859355927
vn -0.995225727558136 0.08811423182487488 0.041971758008003235
vn -0.995225727558136 0.08811423182487488 0.041971758008003235
vn -0.9943358898162842 0.088035449385643 0.0595477856695652
vn -0.9943358898162842 0.088035449385643 0.0595477856695652
vn -0.9934366941452026 0.08795583993196487 0.07312534004449844
vn -0.9934366941452026 0.08795583993196487 0.07312534004449844
vn -0.9926855564117432 0.08788933604955673 0.08276977390050888
vn -0.9926855564117432 0.08788933604955673 0.08276977390050888
vn -0.9920203685760498 0.08783043920993805 0.0904512032866478
vn -0.9920203685760498 0.08783043920993805 0.0904512032866478
vn -0.9960911273956299 0.08819085359573364 0.0049873096868395805
vn 0.9153675436973572 -0.4025883078575134 0.0049873096868395805
vn 0.9153675436973572 -0.4025883078575134 0.0049873096868395805
vn 0.9153221845626831 -0.40256837010383606 -0.011134538799524307
vn 0.9153221845626831 -0.40256837010383606 -0.011134538799524307
vn 0.915074348449707 -0.40245938301086426 -0.025794334709644318
vn 0.915074348449707 -0.40245938301086426 -0.025794334709644318
vn 0.9146965742111206 -0.40229320526123047 -0.038605477660894394
vn 0.9146965742111206 -0.40229320526123047 -0.038605477660894394
vn 0.9138138294219971 -0.40190497040748596 -0.05845191702246666
vn 0.9138138294219971 -0.40190497040748596 -0.05845191702246666
vn 0.913114070892334 -0.40159720182418823 -0.07030192017555237
vn 0.913114070892334 -0.40159720182418823 -0.07030192017555237
vn 0.9131925702095032 -0.40163174271583557 -0.06907422840595245
vn 0.9131925702095032 -0.40163174271583557 -0.06907422840595245
vn 0.913955569267273 -0.401967316865921 -0.05574528127908707
vn 0.913955569267273 -0.401967316865921 -0.05574528127908707
vn 0.9148518443107605 -0.40236151218414307 -0.03393107280135155
vn 0.9148518443107605 -0.40236151218414307 -0.03393107280135155
vn 0.9151979088783264 -0.40251368284225464 -0.01988837495446205
vn 0.9151979088783264 -0.40251368284225464 -0.01988837495446205
vn 0.9153653979301453 -0.402587354183197 -0.0054427036084234715
vn 0.9153499603271484 -0.4025805592536926 0.007961706258356571
vn 0.9153653979301453 -0.402587354183197 -0.0054427036084234715
vn 0.915189802646637 -0.4025101363658905 0.020328275859355927
vn 0.9153499603271484 -0.4025805592536926 0.007961706258356571
vn 0.9145722985267639 -0.40223854780197144 0.041971758008003235
vn 0.915189802646637 -0.4025101363658905 0.020328275859355927
vn 0.9137545824050903 -0.40187889337539673 0.0595477856695652
vn 0.9145722985267639 -0.40223854780197144 0.041971758008003235
vn 0.9129282832145691 -0.40151548385620117 0.07312534004449844
vn 0.9137545824050903 -0.40187889337539673 0.0595477856695652
vn 0.9122380018234253 -0.4012119174003601 0.08276977390050888
vn 0.9129282832145691 -0.40151548385620117 0.07312534004449844
vn 0.9116266965866089 -0.4009430408477783 0.0904512032866478
vn 0.9122380018234253 -0.4012119174003601 0.08276977390050888
vn 0.9116266965866089 -0.4009430408477783 0.0904512032866478
vn -0.9996631145477295 0.025471750646829605 0.0049873096868395805
vn -0.9996135830879211 0.025470487773418427 -0.011134538799524307
vn -0.9996135830879211 0.025470487773418427 -0.011134538799524307
vn -0.9993429183959961 0.025463592261075974 -0.025794334709644318
vn -0.9993429183959961 0.025463592261075974 -0.025794334709644318
vn -0.9989303350448608 0.025453077629208565 -0.038605477660894394
vn -0.9989303350448608 0.025453077629208565 -0.038605477660894394
vn -0.9979662895202637 0.025428514927625656 -0.05845191702246666
vn -0.9979662895202637 0.025428514927625656 -0.05845191702246666
vn -0.9972020983695984 0.025409042835235596 -0.07030192017555237
vn -0.9972020983695984 0.025409042835235596 -0.07030192017555237
vn -0.9972878098487854 0.025411227717995644 -0.06907422840595245
vn -0.9972878098487854 0.025411227717995644 -0.06907422840595245
vn -0.9981210827827454 0.025432458147406578 -0.05574528127908707
vn -0.9981210827827454 0.025432458147406578 -0.05574528127908707
vn -0.9990999102592468 0.02545739896595478 -0.03393107280135155
vn -0.9990999102592468 0.02545739896595478 -0.03393107280135155
vn -0.9994778037071228 0.025467028841376305 -0.01988837495446205
vn -0.9994778037071228 0.025467028841376305 -0.01988837495446205
vn -0.9996607303619385 0.02547168917953968 -0.0054427036084234715
vn -0.9996607303619385 0.02547168917953968 -0.0054427036084234715
vn -0.999643862247467 0.025471258908510208 0.007961706258356571
vn -0.999643862247467 0.025471258908510208 0.007961706258356571
vn -0.999468982219696 0.025466803461313248 0.020328275859355927
vn -0.999468982219696 0.025466803461313248 0.020328275859355927
vn -0.9987946152687073 0.025449620559811592 0.041971758008003235
vn -0.9987946152687073 0.025449620559811592 0.041971758008003235
vn -0.9979015588760376 0.025426864624023438 0.0595477856695652
vn -0.9979015588760376 0.025426864624023438 0.0595477856695652
vn -0.9969991445541382 0.02540387213230133 0.07312534004449844
vn -0.9969991445541382 0.02540387213230133 0.07312534004449844
vn -0.9962453246116638 0.02538466453552246 0.08276977390050888
vn -0.9962453246116638 0.02538466453552246 0.08276977390050888
vn -0.9955777525901794 0.025367652997374535 0.0904512032866478
vn -0.9955777525901794 0.025367652997374535 0.0904512032866478
vn -0.9996631145477295 0.025471750646829605 0.0049873096868395805
vn 0.9388400316238403 -0.3443174958229065 0.0049873096868395805
vn 0.9388400316238403 -0.3443174958229065 0.0049873096868395805
vn 0.9387934803962708 -0.34430044889450073 -0.011134538799524307
vn 0.9387934803962708 -0.34430044889450073 -0.011134538799524307
vn 0.9385393261909485 -0.344207227230072 -0.025794334709644318
vn 0.9385393261909485 -0.344207227230072 -0.025794334709644318
vn 0.9381518363952637 -0.3440650999546051 -0.038605477660894394
vn 0.9381518363952637 -0.3440650999546051 -0.038605477660894394
vn 0.9372465014457703 -0.3437330722808838 -0.05845191702246666
vn 0.9372465014457703 -0.3437330722808838 -0.05845191702246666
vn 0.936528742313385 -0.34346985816955566 -0.07030192017555237
vn 0.936528742313385 -0.34346985816955566 -0.07030192017555237
vn 0.9366092681884766 -0.3434993624687195 -0.06907422840595245
vn 0.9366092681884766 -0.3434993624687195 -0.06907422840595245
vn 0.9373918175697327 -0.343786358833313 -0.05574528127908707
vn 0.9373918175697327 -0.343786358833313 -0.05574528127908707
vn 0.9383111000061035 -0.344123512506485 -0.03393107280135155
vn 0.9383111000061035 -0.344123512506485 -0.03393107280135155
vn 0.9386659860610962 -0.34425368905067444 -0.01988837495446205
vn 0.9386659860610962 -0.34425368905067444 -0.01988837495446205
vn 0.9388377666473389 -0.344316691160202 -0.0054427036084234715
vn 0.9388219714164734 -0.3443108797073364 0.007961706258356571
vn 0.9388377666473389 -0.344316691160202 -0.0054427036084234715
vn 0.9386577010154724 -0.3442506194114685 0.020328275859355927
vn 0.9388219714164734 -0.3443108797073364 0.007961706258356571
vn 0.9380244016647339 -0.3440183699131012 0.041971758008003235
vn 0.9386577010154724 -0.3442506194114685 0.020328275859355927
vn 0.9371856451034546 -0.3437107801437378 0.0595477856695652
vn 0.9380244016647339 -0.3440183699131012 0.041971758008003235
vn 0.9363381862640381 -0.34339994192123413 0.07312534004449844
vn 0.9371856451034546 -0.3437107801437378 0.0595477856695652
vn 0.935630202293396 -0.34314030408859253 0.08276977390050888
vn 0.9363381862640381 -0.34339994192123413 0.07312534004449844
vn 0.9350032210350037 -0.34291037917137146 0.0904512032866478
vn 0.935630202293396 -0.34314030408859253 0.08276977390050888
vn 0.9350032210350037 -0.34291037917137146 0.0904512032866478
vn -0.999289870262146 -0.03734787926077843 0.0049873096868395805
vn -0.9992403388023376 -0.03734602779150009 -0.011134538799524307
vn -0.9992403388023376 -0.03734602779150009 -0.011134538799524307
vn -0.9989697933197021 -0.037335917353630066 -0.025794334709644318
vn -0.9989697933197021 -0.037335917353630066 -0.025794334709644318
vn -0.9985573291778564 -0.03732050210237503 -0.038605477660894394
vn -0.9985573291778564 -0.03732050210237503 -0.038605477660894394
vn -0.9975937008857727 -0.0372844859957695 -0.05845191702246666
vn -0.9975937008857727 -0.0372844859957695 -0.05845191702246666
vn -0.9968298077583313 -0.03725593537092209 -0.07030192017555237
vn -0.9968298077583313 -0.03725593537092209 -0.07030192017555237
vn -0.9969155192375183 -0.03725913539528847 -0.06907422840595245
vn -0.9969155192375183 -0.03725913539528847 -0.06907422840595245
vn -0.9977484345436096 -0.037290267646312714 -0.05574528127908707
vn -0.9977484345436096 -0.037290267646312714 -0.05574528127908707
vn -0.9987269043922424 -0.037326835095882416 -0.03393107280135155
vn -0.9987269043922424 -0.037326835095882416 -0.03393107280135155
vn -0.9991046786308289 -0.037340953946113586 -0.01988837495446205
vn -0.9991046786308289 -0.037340953946113586 -0.01988837495446205
vn -0.999287486076355 -0.037347789853811264 -0.0054427036084234715
vn -0.999287486076355 -0.037347789853811264 -0.0054427036084234715
vn -0.9992706179618835 -0.037347160279750824 0.007961706258356571
vn -0.9992706179618835 -0.037347160279750824 0.007961706258356571
vn -0.9990957975387573 -0.03734062612056732 0.020328275859355927
vn -0.9990957975387573 -0.03734062612056732 0.020328275859355927
vn -0.9984217286109924 -0.037315431982278824 0.041971758008003235
vn -0.9984217286109924 -0.037315431982278824 0.041971758008003235
vn -0.9975290298461914 -0.0372820682823658 0.0595477856695652
vn -0.9975290298461914 -0.0372820682823658 0.0595477856695652
vn -0.9966269135475159 -0.03724835067987442 0.07312534004449844
vn -0.9966269135475159 -0.03724835067987442 0.07312534004449844
vn -0.9958733916282654 -0.03722018748521805 0.08276977390050888
vn -0.9958733916282654 -0.03722018748521805 0.08276977390050888
vn -0.9952060580253601 -0.037195246666669846 0.0904512032866478
vn -0.9952060580253601 -0.037195246666669846 0.0904512032866478
vn -0.999289870262146 -0.03734787926077843 0.0049873096868395805
vn 0.9586073160171509 -0.2846878170967102 0.0049873096868395805
vn 0.9586073160171509 -0.2846878170967102 0.0049873096868395805
vn 0.9585598111152649 -0.2846737205982208 -0.011134538799524307
vn 0.9585598111152649 -0.2846737205982208 -0.011134538799524307
vn 0.9583002924919128 -0.28459662199020386 -0.025794334709644318
vn 0.9583002924919128 -0.28459662199020386 -0.025794334709644318
vn 0.9579046368598938 -0.2844791114330292 -0.038605477660894394
vn 0.9579046368598938 -0.2844791114330292 -0.038605477660894394
vn 0.9569802284240723 -0.2842046022415161 -0.05845191702246666
vn 0.9569802284240723 -0.2842046022415161 -0.05845191702246666
vn 0.9562473893165588 -0.2839869558811188 -0.07030192017555237
vn 0.9562473893165588 -0.2839869558811188 -0.07030192017555237
vn 0.9563295841217041 -0.2840113639831543 -0.06907422840595245
vn 0.9563295841217041 -0.2840113639831543 -0.06907422840595245
vn 0.9571285843849182 -0.2842486798763275 -0.05574528127908707
vn 0.9571285843849182 -0.2842486798763275 -0.05574528127908707
vn 0.9580672383308411 -0.28452742099761963 -0.03393107280135155
vn 0.9580672383308411 -0.28452742099761963 -0.03393107280135155
vn 0.9584296345710754 -0.2846350371837616 -0.01988837495446205
vn 0.9584296345710754 -0.2846350371837616 -0.01988837495446205
vn 0.9586050510406494 -0.2846871316432953 -0.0054427036084234715
vn 0.9585888385772705 -0.28468233346939087 0.007961706258356571
vn 0.9586050510406494 -0.2846871316432953 -0.0054427036084234715
vn 0.9584211707115173 -0.28463253378868103 0.020328275859355927
vn 0.9585888385772705 -0.28468233346939087 0.007961706258356571
vn 0.9577745199203491 -0.2844404876232147 0.041971758008003235
vn 0.9584211707115173 -0.28463253378868103 0.020328275859355927
vn 0.9569181203842163 -0.28418615460395813 0.0595477856695652
vn 0.9577745199203491 -0.2844404876232147 0.041971758008003235
vn 0.9560527801513672 -0.28392916917800903 0.07312534004449844
vn 0.9569181203842163 -0.28418615460395813 0.0595477856695652
vn 0.9553298950195312 -0.28371450304985046 0.08276977390050888
vn 0.9560527801513672 -0.28392916917800903 0.07312534004449844
vn 0.9546897411346436 -0.28352436423301697 0.0904512032866478
vn 0.9553298950195312 -0.28371450304985046 0.08276977390050888
vn 0.9546897411346436 -0.28352436423301697 0.0904512032866478
vn -0.9949729442596436 -0.10002011060714722 0.0049873096868395805
vn -0.9949235916137695 -0.10001515597105026 -0.011134538799524307
vn -0.9949235916137695 -0.10001515597105026 -0.011134538799524307
vn -0.9946542382240295 -0.09998807311058044 -0.025794334709644318
vn -0.9946542382240295 -0.09998807311058044 -0.025794334709644318
vn -0.9942435622215271 -0.09994678944349289 -0.038605477660894394
vn -0.9942435622215271 -0.09994678944349289 -0.038605477660894394
vn -0.9932841062545776 -0.09985034167766571 -0.05845191702246666
vn -0.9932841062545776 -0.09985034167766571 -0.05845191702246666
vn -0.9925234317779541 -0.09977387636899948 -0.07030192017555237
vn -0.9925234317779541 -0.09977387636899948 -0.07030192017555237
vn -0.9926087856292725 -0.09978245943784714 -0.06907422840595245
vn -0.9926087856292725 -0.09978245943784714 -0.06907422840595245
vn -0.9934381246566772 -0.09986582398414612 -0.05574528127908707
vn -0.9934381246566772 -0.09986582398414612 -0.05574528127908707
vn -0.994412362575531 -0.09996376186609268 -0.03393107280135155
vn -0.994412362575531 -0.09996376186609268 -0.03393107280135155
vn -0.9947884678840637 -0.10000157356262207 -0.01988837495446205
vn -0.9947884678840637 -0.10000157356262207 -0.01988837495446205
vn -0.9949705600738525 -0.10001987218856812 -0.0054427036084234715
vn -0.9949705600738525 -0.10001987218856812 -0.0054427036084234715
vn -0.9949537515640259 -0.10001818835735321 0.007961706258356571
vn -0.9949537515640259 -0.10001818835735321 0.007961706258356571
vn -0.9947797060012817 -0.10000068694353104 0.020328275859355927
vn -0.9947797060012817 -0.10000068694353104 0.020328275859355927
vn -0.9941084980964661 -0.0999332144856453 0.041971758008003235
vn -0.9941084980964661 -0.0999332144856453 0.041971758008003235
vn -0.9932196736335754 -0.09984385967254639 0.0595477856695652
vn -0.9932196736335754 -0.09984385967254639 0.0595477856695652
vn -0.9923214912414551 -0.09975357353687286 0.07312534004449844
vn -0.9923214912414551 -0.09975357353687286 0.07312534004449844
vn -0.9915711879730225 -0.0996781513094902 0.08276977390050888
vn -0.9915711879730225 -0.0996781513094902 0.08276977390050888
vn -0.9909067153930664 -0.09961135685443878 0.0904512032866478
vn -0.9909067153930664 -0.09961135685443878 0.0904512032866478
vn -0.9949729442596436 -0.10002011060714722 0.0049873096868395805
vn 0.9745914340019226 -0.2239345908164978 0.0049873096868395805
vn 0.9745914340019226 -0.2239345908164978 0.0049873096868395805
vn 0.9745430946350098 -0.22392350435256958 -0.011134538799524307
vn 0.9745430946350098 -0.22392350435256958 -0.011134538799524307
vn 0.9742792844772339 -0.22386287152767181 -0.025794334709644318
vn 0.9742792844772339 -0.22386287152767181 -0.025794334709644318
vn 0.9738770127296448 -0.22377043962478638 -0.038605477660894394
vn 0.9738770127296448 -0.22377043962478638 -0.038605477660894394
vn 0.9729371666908264 -0.22355449199676514 -0.05845191702246666
vn 0.9729371666908264 -0.22355449199676514 -0.05845191702246666
vn 0.972192108631134 -0.22338330745697021 -0.07030192017555237
vn 0.972192108631134 -0.22338330745697021 -0.07030192017555237
vn 0.9722757339477539 -0.22340251505374908 -0.06907422840595245
vn 0.9722757339477539 -0.22340251505374908 -0.06907422840595245
vn 0.9730880260467529 -0.22358916699886322 -0.05574528127908707
vn 0.9730880260467529 -0.22358916699886322 -0.05574528127908707
vn 0.9740423560142517 -0.2238084375858307 -0.03393107280135155
vn 0.9740423560142517 -0.2238084375858307 -0.03393107280135155
vn 0.9744107723236084 -0.22389309108257294 -0.01988837495446205
vn 0.9744107723236084 -0.22389309108257294 -0.01988837495446205
vn 0.9745891094207764 -0.22393406927585602 -0.0054427036084234715
vn 0.9745726585388184 -0.22393028438091278 0.007961706258356571
vn 0.9745891094207764 -0.22393406927585602 -0.0054427036084234715
vn 0.974402129650116 -0.22389110922813416 0.020328275859355927
vn 0.9745726585388184 -0.22393028438091278 0.007961706258356571
vn 0.9737446904182434 -0.22374004125595093 0.041971758008003235
vn 0.974402129650116 -0.22389110922813416 0.020328275859355927
vn 0.9728740453720093 -0.22353999316692352 0.0595477856695652
vn 0.9737446904182434 -0.22374004125595093 0.041971758008003235
vn 0.9719942808151245 -0.22333784401416779 0.07312534004449844
vn 0.9728740453720093 -0.22353999316692352 0.0595477856695652
vn 0.971259355545044 -0.2231689840555191 0.08276977390050888
vn 0.9719942808151245 -0.22333784401416779 0.07312534004449844
vn 0.9706085324287415 -0.22301943600177765 0.0904512032866478
vn 0.971259355545044 -0.2231689840555191 0.08276977390050888
vn 0.9706085324287415 -0.22301943600177765 0.0904512032866478
vn -0.9867292642593384 -0.16229760646820068 0.0049873096868395805
vn -0.9866803288459778 -0.1622895747423172 -0.011134538799524307
vn -0.9866803288459778 -0.1622895747423172 -0.011134538799524307
vn -0.9864131808280945 -0.16224563121795654 -0.025794334709644318
vn -0.9864131808280945 -0.16224563121795654 -0.025794334709644318
vn -0.986005961894989 -0.162178635597229 -0.038605477660894394
vn -0.986005961894989 -0.162178635597229 -0.038605477660894394
vn -0.9850544333457947 -0.16202212870121002 -0.05845191702246666
vn -0.9850544333457947 -0.16202212870121002 -0.05845191702246666
vn -0.9843000769615173 -0.16189806163311005 -0.07030192017555237
vn -0.9843000769615173 -0.16189806163311005 -0.07030192017555237
vn -0.9843847155570984 -0.1619119793176651 -0.06907422840595245
vn -0.9843847155570984 -0.1619119793176651 -0.06907422840595245
vn -0.9852071404457092 -0.16204725205898285 -0.05574528127908707
vn -0.9852071404457092 -0.16204725205898285 -0.05574528127908707
vn -0.9861733317375183 -0.16220617294311523 -0.03393107280135155
vn -0.9861733317375183 -0.16220617294311523 -0.03393107280135155
vn -0.9865463376045227 -0.1622675210237503 -0.01988837495446205
vn -0.9865463376045227 -0.1622675210237503 -0.01988837495446205
vn -0.9867268800735474 -0.16229721903800964 -0.0054427036084234715
vn -0.9867268800735474 -0.16229721903800964 -0.0054427036084234715
vn -0.986710250377655 -0.16229449212551117 0.007961706258356571
vn -0.986710250377655 -0.16229449212551117 0.007961706258356571
vn -0.9865376353263855 -0.1622660905122757 0.020328275859355927
vn -0.9865376353263855 -0.1622660905122757 0.020328275859355927
vn -0.9858720302581787 -0.1621566116809845 0.041971758008003235
vn -0.9858720302581787 -0.1621566116809845 0.041971758008003235
vn -0.9849904775619507 -0.16201162338256836 0.0595477856695652
vn -0.9849904775619507 -0.16201162338256836 0.0595477856695652
vn -0.984099805355072 -0.16186511516571045 0.07312534004449844
vn -0.984099805355072 -0.16186511516571045 0.07312534004449844
vn -0.983355700969696 -0.16174273192882538 0.08276977390050888
vn -0.983355700969696 -0.16174273192882538 0.08276977390050888
vn -0.9826967716217041 -0.16163434088230133 0.0904512032866478
vn -0.9826967716217041 -0.16163434088230133 0.0904512032866478
vn -0.9867292642593384 -0.16229760646820068 0.0049873096868395805
vn 0.9867292642593384 -0.16229760646820068 0.0049873096868395805
vn 0.9867292642593384 -0.16229760646820068 0.0049873096868395805
vn 0.9866803288459778 -0.1622895747423172 -0.011134538799524307
vn 0.9866803288459778 -0.1622895747423172 -0.011134538799524307
vn 0.9864131808280945 -0.16224563121795654 -0.025794334709644318
vn 0.9864131808280945 -0.16224563121795654 -0.025794334709644318
vn 0.986005961894989 -0.162178635597229 -0.038605477660894394
vn 0.986005961894989 -0.162178635597229 -0.038605477660894394
vn 0.9850544333457947 -0.16202212870121002 -0.05845191702246666
vn 0.9850544333457947 -0.16202212870121002 -0.05845191702246666
vn 0.9843000769615173 -0.16189806163311005 -0.07030192017555237
vn 0.9843000769615173 -0.16189806163311005 -0.07030192017555237
vn 0.9843847155570984 -0.1619119793176651 -0.06907422840595245
vn 0.9843847155570984 -0.1619119793176651 -0.06907422840595245
vn 0.9852071404457092 -0.16204725205898285 -0.05574528127908707
vn 0.9852071404457092 -0.16204725205898285 -0.05574528127908707
vn 0.9861733317375183 -0.16220617294311523 -0.03393107280135155
vn 0.9861733317375183 -0.16220617294311523 -0.03393107280135155
vn 0.9865463376045227 -0.1622675210237503 -0.01988837495446205
vn 0.9865463376045227 -0.1622675210237503 -0.01988837495446205
vn 0.9867268800735474 -0.16229721903800964 -0.0054427036084234715
vn 0.986710250377655 -0.16229449212551117 0.007961706258356571
vn 0.9867268800735474 -0.16229721903800964 -0.0054427036084234715
vn 0.9865376353263855 -0.1622660905122757 0.020328275859355927
vn 0.986710250377655 -0.16229449212551117 0.007961706258356571
vn 0.9858720302581787 -0.1621566116809845 0.041971758008003235
vn 0.9865376353263855 -0.1622660905122757 0.020328275859355927
vn 0.9849904775619507 -0.16201162338256836 0.0595477856695652
vn 0.9858720302581787 -0.1621566116809845 0.041971758008003235
vn 0.984099805355072 -0.16186511516571045 0.07312534004449844
vn 0.9849904775619507 -0.16201162338256836 0.0595477856695652
vn 0.983355700969696 -0.16174273192882538 0.08276977390050888
vn 0.984099805355072 -0.16186511516571045 0.07312534004449844
vn 0.9826967716217041 -0.16163434088230133 0.0904512032866478
vn 0.983355700969696 -0.16174273192882538 0.08276977390050888
vn 0.9826967716217041 -0.16163434088230133 0.0904512032866478
vn -0.9745914340019226 -0.2239345908164978 0.0049873096868395805
vn -0.9745430946350098 -0.22392350435256958 -0.011134538799524307
vn -0.9745430946350098 -0.22392350435256958 -0.011134538799524307
vn -0.9742792844772339 -0.22386287152767181 -0.025794334709644318
vn -0.9742792844772339 -0.22386287152767181 -0.025794334709644318
vn -0.9738770127296448 -0.22377043962478638 -0.038605477660894394
vn -0.9738770127296448 -0.22377043962478638 -0.038605477660894394
vn -0.9729371666908264 -0.22355449199676514 -0.05845191702246666
vn -0.9729371666908264 -0.22355449199676514 -0.05845191702246666
vn -0.972192108631134 -0.22338330745697021 -0.07030192017555237
vn -0.972192108631134 -0.22338330745697021 -0.07030192017555237
vn -0.9722757339477539 -0.22340251505374908 -0.06907422840595245
vn -0.9722757339477539 -0.22340251505374908 -0.06907422840595245
vn -0.9730880260467529 -0.22358916699886322 -0.05574528127908707
vn -0.9730880260467529 -0.22358916699886322 -0.05574528127908707
vn -0.9740423560142517 -0.2238084375858307 -0.03393107280135155
vn -0.9740423560142517 -0.2238084375858307 -0.03393107280135155
vn -0.9744107723236084 -0.22389309108257294 -0.01988837495446205
vn -0.9744107723236084 -0.22389309108257294 -0.01988837495446205
vn -0.9745891094207764 -0.22393406927585602 -0.0054427036084234715
vn -0.9745891094207764 -0.22393406927585602 -0.0054427036084234715
vn -0.9745726585388184 -0.22393028438091278 0.007961706258356571
vn -0.9745726585388184 -0.22393028438091278 0.007961706258356571
vn -0.974402129650116 -0.22389110922813416 0.020328275859355927
vn -0.974402129650116 -0.22389110922813416 0.020328275859355927
vn -0.9737446904182434 -0.22374004125595093 0.041971758008003235
vn -0.9737446904182434 -0.22374004125595093 0.041971758008003235
vn -0.9728740453720093 -0.22353999316692352 0.0595477856695652
vn -0.9728740453720093 -0.22353999316692352 0.0595477856695652
vn -0.9719942808151245 -0.22333784401416779 0.07312534004449844
vn -0.9719942808151245 -0.22333784401416779 0.07312534004449844
vn -0.971259355545044 -0.2231689840555191 0.08276977390050888
vn -0.971259355545044 -0.2231689840555191 0.08276977390050888
vn -0.9706085324287415 -0.22301943600177765 0.0904512032866478
vn -0.9706085324287415 -0.22301943600177765 0.0904512032866478
vn -0.9745914340019226 -0.2239345908164978 0.0049873096868395805
vn 0.9949729442596436 -0.10002011060714722 0.0049873096868395805
vn 0.9949729442596436 -0.10002011060714722 0.0049873096868395805
vn 0.9949235916137695 -0.10001515597105026 -0.011134538799524307
vn 0.9949235916137695 -0.10001515597105026 -0.011134538799524307
vn 0.9946542382240295 -0.09998807311058044 -0.025794334709644318
vn 0.9946542382240295 -0.09998807311058044 -0.025794334709644318
vn 0.9942435622215271 -0.09994678944349289 -0.038605477660894394
vn 0.9942435622215271 -0.09994678944349289 -0.038605477660894394
vn 0.9932841062545776 -0.09985034167766571 -0.05845191702246666
vn 0.9932841062545776 -0.09985034167766571 -0.05845191702246666
vn 0.9925234317779541 -0.09977387636899948 -0.07030192017555237
vn 0.9925234317779541 -0.09977387636899948 -0.07030192017555237
vn 0.9926087856292725 -0.09978245943784714 -0.06907422840595245
vn 0.9926087856292725 -0.09978245943784714 -0.06907422840595245
vn 0.9934381246566772 -0.09986582398414612 -0.05574528127908707
vn 0.9934381246566772 -0.09986582398414612 -0.05574528127908707
vn 0.994412362575531 -0.09996376186609268 -0.03393107280135155
vn 0.994412362575531 -0.09996376186609268 -0.03393107280135155
vn 0.9947884678840637 -0.10000157356262207 -0.01988837495446205
vn 0.9947884678840637 -0.10000157356262207 -0.01988837495446205
vn 0.9949705600738525 -0.10001987218856812 -0.0054427036084234715
vn 0.9949537515640259 -0.10001818835735321 0.007961706258356571
vn 0.9949705600738525 -0.10001987218856812 -0.0054427036084234715
vn 0.9947797060012817 -0.10000068694353104 0.020328275859355927
vn 0.9949537515640259 -0.10001818835735321 0.007961706258356571
vn 0.9941084980964661 -0.0999332144856453 0.041971758008003235
vn 0.9947797060012817 -0.10000068694353104 0.020328275859355927
vn 0.9932196736335754 -0.09984385967254639 0.0595477856695652
vn 0.9941084980964661 -0.0999332144856453 0.041971758008003235
vn 0.9923214912414551 -0.09975357353687286 0.07312534004449844
vn 0.9932196736335754 -0.09984385967254639 0.0595477856695652
vn 0.9915711879730225 -0.0996781513094902 0.08276977390050888
vn 0.9923214912414551 -0.09975357353687286 0.07312534004449844
vn 0.9909067153930664 -0.09961135685443878 0.0904512032866478
vn 0.9915711879730225 -0.0996781513094902 0.08276977390050888
vn 0.9909067153930664 -0.09961135685443878 0.0904512032866478
vn -0.9586073160171509 -0.2846878170967102 0.0049873096868395805
vn -0.9585598111152649 -0.2846737205982208 -0.011134538799524307
vn -0.9585598111152649 -0.2846737205982208 -0.011134538799524307
vn -0.9583002924919128 -0.28459662199020386 -0.025794334709644318
vn -0.9583002924919128 -0.28459662199020386 -0.025794334709644318
vn -0.9579046368598938 -0.2844791114330292 -0.038605477660894394
vn -0.9579046368598938 -0.2844791114330292 -0.038605477660894394
vn -0.9569802284240723 -0.2842046022415161 -0.05845191702246666
vn -0.9569802284240723 -0.2842046022415161 -0.05845191702246666
vn -0.9562473893165588 -0.2839869558811188 -0.07030192017555237
vn -0.9562473893165588 -0.2839869558811188 -0.07030192017555237
vn -0.9563295841217041 -0.2840113639831543 -0.06907422840595245
vn -0.9563295841217041 -0.2840113639831543 -0.06907422840595245
vn -0.9571285843849182 -0.2842486798763275 -0.05574528127908707
vn -0.9571285843849182 -0.2842486798763275 -0.05574528127908707
vn -0.9580672383308411 -0.28452742099761963 -0.03393107280135155
vn -0.9580672383308411 -0.28452742099761963 -0.03393107280135155
vn -0.9584296345710754 -0.2846350371837616 -0.01988837495446205
vn -0.9584296345710754 -0.2846350371837616 -0.01988837495446205
vn -0.9586050510406494 -0.2846871316432953 -0.0054427036084234715
vn -0.9586050510406494 -0.2846871316432953 -0.0054427036084234715
vn -0.9585888385772705 -0.28468233346939087 0.007961706258356571
vn -0.9585888385772705 -0.28468233346939087 0.007961706258356571
vn -0.9584211707115173 -0.28463253378868103 0.020328275859355927
vn -0.9584211707115173 -0.28463253378868103 0.020328275859355927
vn -0.9577745199203491 -0.2844404876232147 0.041971758008003235
vn -0.9577745199203491 -0.2844404876232147 0.041971758008003235
vn -0.9569181203842163 -0.28418615460395813 0.0595477856695652
vn -0.9569181203842163 -0.28418615460395813 0.0595477856695652
vn -0.9560527801513672 -0.28392916917800903 0.07312534004449844
vn -0.9560527801513672 -0.28392916917800903 0.07312534004449844
vn -0.9553298950195312 -0.28371450304985046 0.08276977390050888
vn -0.9553298950195312 -0.28371450304985046 0.08276977390050888
vn -0.9546897411346436 -0.28352436423301697 0.0904512032866478
vn -0.9546897411346436 -0.28352436423301697 0.0904512032866478
vn -0.9586073160171509 -0.2846878170967102 0.0049873096868395805
vn 0.999289870262146 -0.03734787926077843 0.0049873096868395805
vn 0.999289870262146 -0.03734787926077843 0.0049873096868395805
vn 0.9992403388023376 -0.03734602779150009 -0.011134538799524307
vn 0.9992403388023376 -0.03734602779150009 -0.011134538799524307
vn 0.9989697933197021 -0.037335917353630066 -0.025794334709644318
vn 0.9989697933197021 -0.037335917353630066 -0.025794334709644318
vn 0.9985573291778564 -0.03732050210237503 -0.038605477660894394
vn 0.9985573291778564 -0.03732050210237503 -0.038605477660894394
vn 0.9975937008857727 -0.0372844859957695 -0.05845191702246666
vn 0.9975937008857727 -0.0372844859957695 -0.05845191702246666
vn 0.9968298077583313 -0.03725593537092209 -0.07030192017555237
vn 0.9968298077583313 -0.03725593537092209 -0.07030192017555237
vn 0.9969155192375183 -0.03725913539528847 -0.06907422840595245
vn 0.9969155192375183 -0.03725913539528847 -0.06907422840595245
vn 0.9977484345436096 -0.037290267646312714 -0.05574528127908707
vn 0.9977484345436096 -0.037290267646312714 -0.05574528127908707
vn 0.9987269043922424 -0.037326835095882416 -0.03393107280135155
vn 0.9987269043922424 -0.037326835095882416 -0.03393107280135155
vn 0.9991046786308289 -0.037340953946113586 -0.01988837495446205
vn 0.9991046786308289 -0.037340953946113586 -0.01988837495446205
vn 0.999287486076355 -0.037347789853811264 -0.0054427036084234715
vn 0.9992706179618835 -0.037347160279750824 0.007961706258356571
vn 0.999287486076355 -0.037347789853811264 -0.0054427036084234715
vn 0.9990957975387573 -0.03734062612056732 0.020328275859355927
vn 0.9992706179618835 -0.037347160279750824 0.007961706258356571
vn 0.9984217286109924 -0.037315431982278824 0.041971758008003235
vn 0.9990957975387573 -0.03734062612056732 0.020328275859355927
vn 0.9975290298461914 -0.0372820682823658 0.0595477856695652
vn 0.9984217286109924 -0.037315431982278824 0.041971758008003235
vn 0.9966269135475159 -0.03724835067987442 0.07312534004449844
vn 0.9975290298461914 -0.0372820682823658 0.0595477856695652
vn 0.9958733916282654 -0.03722018748521805 0.08276977390050888
vn 0.9966269135475159 -0.03724835067987442 0.07312534004449844
vn 0.9952060580253601 -0.037195246666669846 0.0904512032866478
vn 0.9958733916282654 -0.03722018748521805 0.08276977390050888
vn 0.9952060580253601 -0.037195246666669846 0.0904512032866478
vn -0.9388400316238403 -0.3443174958229065 0.0049873096868395805
vn -0.9387934803962708 -0.34430044889450073 -0.011134538799524307
vn -0.9387934803962708 -0.34430044889450073 -0.011134538799524307
vn -0.9385393261909485 -0.344207227230072 -0.025794334709644318
vn -0.9385393261909485 -0.344207227230072 -0.025794334709644318
vn -0.9381518363952637 -0.3440650999546051 -0.038605477660894394
vn -0.9381518363952637 -0.3440650999546051 -0.038605477660894394
vn -0.9372465014457703 -0.3437330722808838 -0.05845191702246666
vn -0.9372465014457703 -0.3437330722808838 -0.05845191702246666
vn -0.936528742313385 -0.34346985816955566 -0.07030192017555237
vn -0.936528742313385 -0.34346985816955566 -0.07030192017555237
vn -0.9366092681884766 -0.3434993624687195 -0.06907422840595245
vn -0.9366092681884766 -0.3434993624687195 -0.06907422840595245
vn -0.9373918175697327 -0.343786358833313 -0.05574528127908707
vn -0.9373918175697327 -0.343786358833313 -0.05574528127908707
vn -0.9383111000061035 -0.344123512506485 -0.03393107280135155
vn -0.9383111000061035 -0.344123512506485 -0.03393107280135155
vn -0.9386659860610962 -0.34425368905067444 -0.01988837495446205
vn -0.9386659860610962 -0.34425368905067444 -0.01988837495446205
vn -0.9388377666473389 -0.344316691160202 -0.0054427036084234715
vn -0.9388377666473389 -0.344316691160202 -0.0054427036084234715
vn -0.9388219714164734 -0.3443108797073364 0.007961706258356571
vn -0.9388219714164734 -0.3443108797073364 0.007961706258356571
vn -0.9386577010154724 -0.3442506194114685 0.020328275859355927
vn -0.9386577010154724 -0.3442506194114685 0.020328275859355927
vn -0.9380244016647339 -0.3440183699131012 0.041971758008003235
vn -0.9380244016647339 -0.3440183699131012 0.041971758008003235
vn -0.9371856451034546 -0.3437107801437378 0.0595477856695652
vn -0.9371856451034546 -0.3437107801437378 0.0595477856695652
vn -0.9363381862640381 -0.34339994192123413 0.07312534004449844
vn -0.9363381862640381 -0.34339994192123413 0.07312534004449844
vn -0.935630202293396 -0.34314030408859253 0.08276977390050888
vn -0.935630202293396 -0.34314030408859253 0.08276977390050888
vn -0.9350032210350037 -0.34291037917137146 0.0904512032866478
vn -0.9350032210350037 -0.34291037917137146 0.0904512032866478
vn -0.9388400316238403 -0.3443174958229065 0.0049873096868395805
vn 0.9996631145477295 0.025471750646829605 0.0049873096868395805
vn 0.9996631145477295 0.025471750646829605 0.0049873096868395805
vn 0.9996135830879211 0.025470487773418427 -0.011134538799524307
vn 0.9996135830879211 0.025470487773418427 -0.011134538799524307
vn 0.9993429183959961 0.025463592261075974 -0.025794334709644318
vn 0.9993429183959961 0.025463592261075974 -0.025794334709644318
vn 0.9989303350448608 0.025453077629208565 -0.038605477660894394
vn 0.9989303350448608 0.025453077629208565 -0.038605477660894394
vn 0.9979662895202637 0.025428514927625656 -0.05845191702246666
vn 0.9979662895202637 0.025428514927625656 -0.05845191702246666
vn 0.9972020983695984 0.025409042835235596 -0.07030192017555237
vn 0.9972020983695984 0.025409042835235596 -0.07030192017555237
vn 0.9972878098487854 0.025411227717995644 -0.06907422840595245
vn 0.9972878098487854 0.025411227717995644 -0.06907422840595245
vn 0.9981210827827454 0.025432458147406578 -0.05574528127908707
vn 0.9981210827827454 0.025432458147406578 -0.05574528127908707
vn 0.9990999102592468 0.02545739896595478 -0.03393107280135155
vn 0.9990999102592468 0.02545739896595478 -0.03393107280135155
vn 0.9994778037071228 0.025467028841376305 -0.01988837495446205
vn 0.9994778037071228 0.025467028841376305 -0.01988837495446205
vn 0.9996607303619385 0.02547168917953968 -0.0054427036084234715
vn 0.999643862247467 0.025471258908510208 0.007961706258356571
vn 0.9996607303619385 0.02547168917953968 -0.0054427036084234715
vn 0.999468982219696 0.025466803461313248 0.020328275859355927
vn 0.999643862247467 0.025471258908510208 0.007961706258356571
vn 0.9987946152687073 0.025449620559811592 0.041971758008003235
vn 0.999468982219696 0.025466803461313248 0.020328275859355927
vn 0.9979015588760376 0.025426864624023438 0.0595477856695652
vn 0.9987946152687073 0.025449620559811592 0.041971758008003235
vn 0.9969991445541382 0.02540387213230133 0.07312534004449844
vn 0.9979015588760376 0.025426864624023438 0.0595477856695652
vn 0.9962453246116638 0.02538466453552246 0.08276977390050888
vn 0.9969991445541382 0.02540387213230133 0.07312534004449844
vn 0.9955777525901794 0.025367652997374535 0.0904512032866478
vn 0.9962453246116638 0.02538466453552246 0.08276977390050888
vn 0.9955777525901794 0.025367652997374535 0.0904512032866478
vn -0.9153675436973572 -0.4025883078575134 0.0049873096868395805
vn -0.9153221845626831 -0.40256837010383606 -0.011134538799524307
vn -0.9153221845626831 -0.40256837010383606 -0.011134538799524307
vn -0.915074348449707 -0.40245938301086426 -0.025794334709644318
vn -0.915074348449707 -0.40245938301086426 -0.025794334709644318
vn -0.9146965742111206 -0.40229320526123047 -0.038605477660894394
vn -0.9146965742111206 -0.40229320526123047 -0.038605477660894394
vn -0.9138138294219971 -0.40190497040748596 -0.05845191702246666
vn -0.9138138294219971 -0.40190497040748596 -0.05845191702246666
vn -0.913114070892334 -0.40159720182418823 -0.07030192017555237
vn -0.913114070892334 -0.40159720182418823 -0.07030192017555237
vn -0.9131925702095032 -0.40163174271583557 -0.06907422840595245
vn -0.9131925702095032 -0.40163174271583557 -0.06907422840595245
vn -0.913955569267273 -0.401967316865921 -0.05574528127908707
vn -0.913955569267273 -0.401967316865921 -0.05574528127908707
vn -0.9148518443107605 -0.40236151218414307 -0.03393107280135155
vn -0.9148518443107605 -0.40236151218414307 -0.03393107280135155
vn -0.9151979088783264 -0.40251368284225464 -0.01988837495446205
vn -0.9151979088783264 -0.40251368284225464 -0.01988837495446205
vn -0.9153653979301453 -0.402587354183197 -0.0054427036084234715
vn -0.9153653979301453 -0.402587354183197 -0.0054427036084234715
vn -0.9153499603271484 -0.4025805592536926 0.007961706258356571
vn -0.9153499603271484 -0.4025805592536926 0.007961706258356571
vn -0.915189802646637 -0.4025101363658905 0.020328275859355927
vn -0.915189802646637 -0.4025101363658905 0.020328275859355927
vn -0.9145722985267639 -0.40223854780197144 0.041971758008003235
vn -0.9145722985267639 -0.40223854780197144 0.041971758008003235
vn -0.9137545824050903 -0.40187889337539673 0.0595477856695652
vn -0.9137545824050903 -0.40187889337539673 0.0595477856695652
vn -0.9129282832145691 -0.40151548385620117 0.07312534004449844
vn -0.9129282832145691 -0.40151548385620117 0.07312534004449844
vn -0.9122380018234253 -0.4012119174003601 0.08276977390050888
vn -0.9122380018234253 -0.4012119174003601 0.08276977390050888
vn -0.9116266965866089 -0.4009430408477783 0.0904512032866478
vn -0.9116266965866089 -0.4009430408477783 0.0904512032866478
vn -0.9153675436973572 -0.4025883078575134 0.0049873096868395805
vn 0.9960911273956299 0.08819085359573364 0.0049873096868395805
vn 0.9960911273956299 0.08819085359573364 0.0049873096868395805
vn 0.9960417747497559 0.08818648010492325 -0.011134538799524307
vn 0.9960417747497559 0.08818648010492325 -0.011134538799524307
vn 0.9957720637321472 0.0881626084446907 -0.025794334709644318
vn 0.9957720637321472 0.0881626084446907 -0.025794334709644318
vn 0.9953609108924866 0.08812620490789413 -0.038605477660894394
vn 0.9953609108924866 0.08812620490789413 -0.038605477660894394
vn 0.9944003820419312 0.08804116398096085 -0.05845191702246666
vn 0.9944003820419312 0.08804116398096085 -0.05845191702246666
vn 0.9936388731002808 0.08797374367713928 -0.07030192017555237
vn 0.9936388731002808 0.08797374367713928 -0.07030192017555237
vn 0.9937243461608887 0.08798130601644516 -0.06907422840595245
vn 0.9937243461608887 0.08798130601644516 -0.06907422840595245
vn 0.9945545792579651 0.08805481344461441 -0.05574528127908707
vn 0.9945545792579651 0.08805481344461441 -0.05574528127908707
vn 0.9955298900604248 0.08814116567373276 -0.03393107280135155
vn 0.9955298900604248 0.08814116567373276 -0.03393107280135155
vn 0.9959064722061157 0.08817450702190399 -0.01988837495446205
vn 0.9959064722061157 0.08817450702190399 -0.01988837495446205
vn 0.9960887432098389 0.08819064497947693 -0.0054427036084234715
vn 0.9960719347000122 0.08818915486335754 0.007961706258356571
vn 0.9960887432098389 0.08819064497947693 -0.0054427036084234715
vn 0.995897650718689 0.08817372471094131 0.020328275859355927
vn 0.9960719347000122 0.08818915486335754 0.007961706258356571
vn 0.995225727558136 0.08811423182487488 0.041971758008003235
vn 0.995897650718689 0.08817372471094131 0.020328275859355927
vn 0.9943358898162842 0.088035449385643 0.0595477856695652
vn 0.995225727558136 0.08811423182487488 0.041971758008003235
vn 0.9934366941452026 0.08795583993196487 0.07312534004449844
vn 0.9943358898162842 0.088035449385643 0.0595477856695652
vn 0.9926855564117432 0.08788933604955673 0.08276977390050888
vn 0.9934366941452026 0.08795583993196487 0.07312534004449844
vn 0.9920203685760498 0.08783043920993805 0.0904512032866478
vn 0.9926855564117432 0.08788933604955673 0.08276977390050888
vn 0.9920203685760498 0.08783043920993805 0.0904512032866478
vn -0.8882825374603271 -0.45927029848098755 0.0049873096868395805
vn -0.8882385492324829 -0.45924755930900574 -0.011134538799524307
vn -0.8882385492324829 -0.45924755930900574 -0.011134538799524307
vn -0.8879980444908142 -0.4591231942176819 -0.025794334709644318
vn -0.8879980444908142 -0.4591231942176819 -0.025794334709644318
vn -0.8876314163208008 -0.45893365144729614 -0.038605477660894394
vn -0.8876314163208008 -0.45893365144729614 -0.038605477660894394
vn -0.8867748379707336 -0.4584907591342926 -0.05845191702246666
vn -0.8867748379707336 -0.4584907591342926 -0.05845191702246666
vn -0.8860957622528076 -0.45813965797424316 -0.07030192017555237
vn -0.8860957622528076 -0.45813965797424316 -0.07030192017555237
vn -0.8861719369888306 -0.4581790566444397 -0.06907422840595245
vn -0.8861719369888306 -0.4581790566444397 -0.06907422840595245
vn -0.8869123458862305 -0.45856186747550964 -0.05574528127908707
vn -0.8869123458862305 -0.45856186747550964 -0.05574528127908707
vn -0.887782096862793 -0.4590115547180176 -0.03393107280135155
vn -0.887782096862793 -0.4590115547180176 -0.03393107280135155
vn -0.8881179094314575 -0.4591851830482483 -0.01988837495446205
vn -0.8881179094314575 -0.4591851830482483 -0.01988837495446205
vn -0.88828045129776 -0.4592692255973816 -0.0054427036084234715
vn -0.88828045129776 -0.4592692255973816 -0.0054427036084234715
vn -0.8882654309272766 -0.4592614769935608 0.007961706258356571
vn -0.8882654309272766 -0.4592614769935608 0.007961706258356571
vn -0.8881100416183472 -0.4591811001300812 0.020328275859355927
vn -0.8881100416183472 -0.4591811001300812 0.020328275859355927
vn -0.8875108361244202 -0.4588713049888611 0.041971758008003235
vn -0.8875108361244202 -0.4588713049888611 0.041971758008003235
vn -0.8867173194885254 -0.4584610164165497 0.0595477856695652
vn -0.8867173194885254 -0.4584610164165497 0.0595477856695652
vn -0.8859154582023621 -0.45804643630981445 0.07312534004449844
vn -0.8859154582023621 -0.45804643630981445 0.07312534004449844
vn -0.8852456212043762 -0.45770010352134705 0.08276977390050888
vn -0.8852456212043762 -0.45770010352134705 0.08276977390050888
vn -0.8846523761749268 -0.4573934078216553 0.0904512032866478
vn -0.8846523761749268 -0.4573934078216553 0.0904512032866478
vn -0.8882825374603271 -0.45927029848098755 0.0049873096868395805
vn 0.9885879755020142 0.15056191384792328 0.0049873096868395805
vn 0.9885879755020142 0.15056191384792328 0.0049873096868395805
vn 0.9885390400886536 0.15055444836616516 -0.011134538799524307
vn 0.9885390400886536 0.15055444836616516 -0.011134538799524307
vn 0.9882713556289673 0.1505136787891388 -0.025794334709644318
vn 0.9882713556289673 0.1505136787891388 -0.025794334709644318
vn 0.987863302230835 0.15045154094696045 -0.038605477660894394
vn 0.987863302230835 0.15045154094696045 -0.038605477660894394
vn 0.9869099855422974 0.1503063440322876 -0.05845191702246666
vn 0.9869099855422974 0.1503063440322876 -0.05845191702246666
vn 0.9861542582511902 0.15019124746322632 -0.07030192017555237
vn 0.9861542582511902 0.15019124746322632 -0.07030192017555237
vn 0.9862390756607056 0.15020416676998138 -0.06907422840595245
vn 0.9862390756607056 0.15020416676998138 -0.06907422840595245
vn 0.9870630502700806 0.15032964944839478 -0.05574528127908707
vn 0.9870630502700806 0.15032964944839478 -0.05574528127908707
vn 0.9880310297012329 0.1504770815372467 -0.03393107280135155
vn 0.9880310297012329 0.1504770815372467 -0.03393107280135155
vn 0.9884047508239746 0.1505340039730072 -0.01988837495446205
vn 0.9884047508239746 0.1505340039730072 -0.01988837495446205
vn 0.9885856509208679 0.15056155622005463 -0.0054427036084234715
vn 0.9885689616203308 0.15055900812149048 0.007961706258356571
vn 0.9885856509208679 0.15056155622005463 -0.0054427036084234715
vn 0.9883959889411926 0.15053266286849976 0.020328275859355927
vn 0.9885689616203308 0.15055900812149048 0.007961706258356571
vn 0.9877291321754456 0.1504310965538025 0.041971758008003235
vn 0.9883959889411926 0.15053266286849976 0.020328275859355927
vn 0.9868459701538086 0.15029659867286682 0.0595477856695652
vn 0.9877291321754456 0.1504310965538025 0.041971758008003235
vn 0.9859535694122314 0.15016068518161774 0.07312534004449844
vn 0.9868459701538086 0.15029659867286682 0.0595477856695652
vn 0.9852080941200256 0.1500471532344818 0.08276977390050888
vn 0.9859535694122314 0.15016068518161774 0.07312534004449844
vn 0.9845479130744934 0.14994660019874573 0.0904512032866478
vn 0.9852080941200256 0.1500471532344818 0.08276977390050888
vn 0.9845479130744934 0.14994660019874573 0.0904512032866478
vn -0.8576919436454773 -0.5141397714614868 0.0049873096868395805
vn -0.8576494455337524 -0.514114260673523 -0.011134538799524307
vn -0.8576494455337524 -0.514114260673523 -0.011134538799524307
vn -0.8574172258377075 -0.5139750838279724 -0.025794334709644318
vn -0.8574172258377075 -0.5139750838279724 -0.025794334709644318
vn -0.8570631742477417 -0.513762891292572 -0.038605477660894394
vn -0.8570631742477417 -0.513762891292572 -0.038605477660894394
vn -0.8562361001968384 -0.5132670998573303 -0.05845191702246666
vn -0.8562361001968384 -0.5132670998573303 -0.05845191702246666
vn -0.8555804491043091 -0.5128740668296814 -0.07030192017555237
vn -0.8555804491043091 -0.5128740668296814 -0.07030192017555237
vn -0.8556540012359619 -0.5129181146621704 -0.06907422840595245
vn -0.8556540012359619 -0.5129181146621704 -0.06907422840595245
vn -0.856368899345398 -0.5133466720581055 -0.05574528127908707
vn -0.856368899345398 -0.5133466720581055 -0.05574528127908707
vn -0.8572087287902832 -0.5138500928878784 -0.03393107280135155
vn -0.8572087287902832 -0.5138500928878784 -0.03393107280135155
vn -0.8575329184532166 -0.514044463634491 -0.01988837495446205
vn -0.8575329184532166 -0.514044463634491 -0.01988837495446205
vn -0.8576898574829102 -0.5141385197639465 -0.0054427036084234715
vn -0.8576898574829102 -0.5141385197639465 -0.0054427036084234715
vn -0.8576753735542297 -0.5141298770904541 0.007961706258356571
vn -0.8576753735542297 -0.5141298770904541 0.007961706258356571
vn -0.8575253486633301 -0.514039933681488 0.020328275859355927
vn -0.8575253486633301 -0.514039933681488 0.020328275859355927
vn -0.8569467663764954 -0.51369309425354 0.041971758008003235
vn -0.8569467663764954 -0.51369309425354 0.041971758008003235
vn -0.8561805486679077 -0.5132337808609009 0.0595477856695652
vn -0.8561805486679077 -0.5132337808609009 0.0595477856695652
vn -0.8554062843322754 -0.5127696394920349 0.07312534004449844
vn -0.8554062843322754 -0.5127696394920349 0.07312534004449844
vn -0.8547595739364624 -0.5123819708824158 0.08276977390050888
vn -0.8547595739364624 -0.5123819708824158 0.08276977390050888
vn -0.8541867733001709 -0.5120385885238647 0.0904512032866478
vn -0.8541867733001709 -0.5120385885238647 0.0904512032866478
vn -0.8576919436454773 -0.5141397714614868 0.0049873096868395805
vn 0.9771834015846252 0.21233876049518585 0.0049873096868395805
vn 0.9771834015846252 0.21233876049518585 0.0049873096868395805
vn 0.9771349430084229 0.212328240275383 -0.011134538799524307
vn 0.9771349430084229 0.212328240275383 -0.011134538799524307
vn 0.9768704175949097 0.21227075159549713 -0.025794334709644318
vn 0.9768704175949097 0.21227075159549713 -0.025794334709644318
vn 0.9764670729637146 0.21218310296535492 -0.038605477660894394
vn 0.9764670729637146 0.21218310296535492 -0.038605477660894394
vn 0.9755247831344604 0.21197834610939026 -0.05845191702246666
vn 0.9755247831344604 0.21197834610939026 -0.05845191702246666
vn 0.9747776985168457 0.21181601285934448 -0.07030192017555237
vn 0.9747776985168457 0.21181601285934448 -0.07030192017555237
vn 0.9748615622520447 0.21183423697948456 -0.06907422840595245
vn 0.9748615622520447 0.21183423697948456 -0.06907422840595245
vn 0.9756760001182556 0.2120112180709839 -0.05574528127908707
vn 0.9756760001182556 0.2120112180709839 -0.05574528127908707
vn 0.976632833480835 0.21221913397312164 -0.03393107280135155
vn 0.976632833480835 0.21221913397312164 -0.03393107280135155
vn 0.9770022630691528 0.2122994065284729 -0.01988837495446205
vn 0.9770022630691528 0.2122994065284729 -0.01988837495446205
vn 0.977181077003479 0.21233825385570526 -0.0054427036084234715
vn 0.9771645665168762 0.21233467757701874 0.007961706258356571
vn 0.977181077003479 0.21233825385570526 -0.0054427036084234715
vn 0.9769936203956604 0.21229752898216248 0.020328275859355927
vn 0.9771645665168762 0.21233467757701874 0.007961706258356571
vn 0.9763344526290894 0.21215428411960602 0.041971758008003235
vn 0.9769936203956604 0.21229752898216248 0.020328275859355927
vn 0.975461483001709 0.21196459233760834 0.0595477856695652
vn 0.9763344526290894 0.21215428411960602 0.041971758008003235
vn 0.9745793342590332 0.21177291870117188 0.07312534004449844
vn 0.975461483001709 0.21196459233760834 0.0595477856695652
vn 0.9738425016403198 0.2116127908229828 0.08276977390050888
vn 0.9745793342590332 0.21177291870117188 0.07312534004449844
vn 0.9731898903846741 0.21147099137306213 0.0904512032866478
vn 0.9738425016403198 0.2116127908229828 0.08276977390050888
vn 0.9731898903846741 0.21147099137306213 0.0904512032866478
vn -0.8237163424491882 -0.5669801235198975 0.0049873096868395805
vn -0.8236755132675171 -0.5669520497322083 -0.011134538799524307
vn -0.8236755132675171 -0.5669520497322083 -0.011134538799524307
vn -0.8234525322914124 -0.5667985677719116 -0.025794334709644318
vn -0.8234525322914124 -0.5667985677719116 -0.025794334709644318
vn -0.8231125473976135 -0.5665645003318787 -0.038605477660894394
vn -0.8231125473976135 -0.5665645003318787 -0.038605477660894394
vn -0.8223181962966919 -0.5660178065299988 -0.05845191702246666
vn -0.8223181962966919 -0.5660178065299988 -0.05845191702246666
vn -0.8216884732246399 -0.5655843615531921 -0.07030192017555237
vn -0.8216884732246399 -0.5655843615531921 -0.07030192017555237
vn -0.8217591643333435 -0.5656329393386841 -0.06907422840595245
vn -0.8217591643333435 -0.5656329393386841 -0.06907422840595245
vn -0.8224457502365112 -0.5661055445671082 -0.05574528127908707
vn -0.8224457502365112 -0.5661055445671082 -0.05574528127908707
vn -0.823252260684967 -0.5666607022285461 -0.03393107280135155
vn -0.823252260684967 -0.5666607022285461 -0.03393107280135155
vn -0.8235636949539185 -0.5668750405311584 -0.01988837495446205
vn -0.8235636949539185 -0.5668750405311584 -0.01988837495446205
vn -0.8237143754959106 -0.5669788122177124 -0.0054427036084234715
vn -0.8237143754959106 -0.5669788122177124 -0.0054427036084234715
vn -0.823700487613678 -0.5669692158699036 0.007961706258356571
vn -0.823700487613678 -0.5669692158699036 0.007961706258356571
vn -0.8235563635826111 -0.5668700337409973 0.020328275859355927
vn -0.8235563635826111 -0.5668700337409973 0.020328275859355927
vn -0.8230007290840149 -0.5664875507354736 0.041971758008003235
vn -0.8230007290840149 -0.5664875507354736 0.041971758008003235
vn -0.8222648501396179 -0.5659810304641724 0.0595477856695652
vn -0.8222648501396179 -0.5659810304641724 0.0595477856695652
vn -0.8215212821960449 -0.5654692649841309 0.07312534004449844
vn -0.8215212821960449 -0.5654692649841309 0.07312534004449844
vn -0.8209001421928406 -0.565041720867157 0.08276977390050888
vn -0.8209001421928406 -0.565041720867157 0.08276977390050888
vn -0.8203500509262085 -0.5646630525588989 0.0904512032866478
vn -0.8203500509262085 -0.5646630525588989 0.0904512032866478
vn -0.8237163424491882 -0.5669801235198975 0.0049873096868395805
vn 0.961922287940979 0.27327761054039 0.0049873096868395805
vn 0.961922287940979 0.27327761054039 0.0049873096868395805
vn 0.9618746042251587 0.273264080286026 -0.011134538799524307
vn 0.9618746042251587 0.273264080286026 -0.011134538799524307
vn 0.961614191532135 0.27319008111953735 -0.025794334709644318
vn 0.961614191532135 0.27319008111953735 -0.025794334709644318
vn 0.9612171649932861 0.2730772793292999 -0.038605477660894394
vn 0.9612171649932861 0.2730772793292999 -0.038605477660894394
vn 0.9602895379066467 0.2728137671947479 -0.05845191702246666
vn 0.9602895379066467 0.2728137671947479 -0.05845191702246666
vn 0.9595541954040527 0.2726048529148102 -0.07030192017555237
vn 0.9595541954040527 0.2726048529148102 -0.07030192017555237
vn 0.9596366882324219 0.2726282775402069 -0.06907422840595245
vn 0.9596366882324219 0.2726282775402069 -0.06907422840595245
vn 0.9604384303092957 0.27285605669021606 -0.05574528127908707
vn 0.9604384303092957 0.27285605669021606 -0.05574528127908707
vn 0.9613803625106812 0.2731236517429352 -0.03393107280135155
vn 0.9613803625106812 0.2731236517429352 -0.03393107280135155
vn 0.961743950843811 0.27322694659233093 -0.01988837495446205
vn 0.961743950843811 0.27322694659233093 -0.01988837495446205
vn 0.9619200229644775 0.2732769548892975 -0.0054427036084234715
vn 0.9619037508964539 0.2732723355293274 0.007961706258356571
vn 0.9619200229644775 0.2732769548892975 -0.0054427036084234715
vn 0.9617354869842529 0.27322453260421753 0.020328275859355927
vn 0.9619037508964539 0.2732723355293274 0.007961706258356571
vn 0.9610865712165833 0.27304020524024963 0.041971758008003235
vn 0.9617354869842529 0.27322453260421753 0.020328275859355927
vn 0.9602272510528564 0.27279606461524963 0.0595477856695652
vn 0.9610865712165833 0.27304020524024963 0.041971758008003235
vn 0.9593589305877686 0.2725493609905243 0.07312534004449844
vn 0.9602272510528564 0.27279606461524963 0.0595477856695652
vn 0.958633542060852 0.27234330773353577 0.08276977390050888
vn 0.9593589305877686 0.2725493609905243 0.07312534004449844
vn 0.9579911828041077 0.2721607983112335 0.0904512032866478
vn 0.958633542060852 0.27234330773353577 0.08276977390050888
vn 0.9579911828041077 0.2721607983112335 0.0904512032866478
vn -0.7864899635314941 -0.6175829172134399 0.0049873096868395805
vn -0.786450982093811 -0.6175523400306702 -0.011134538799524307
vn -0.786450982093811 -0.6175523400306702 -0.011134538799524307
vn -0.7862380743026733 -0.6173850893974304 -0.025794334709644318
vn -0.7862380743026733 -0.6173850893974304 -0.025794334709644318
vn -0.7859134078025818 -0.6171302199363708 -0.038605477660894394
vn -0.7859134078025818 -0.6171302199363708 -0.038605477660894394
vn -0.7851549983024597 -0.6165346503257751 -0.05845191702246666
vn -0.7851549983024597 -0.6165346503257751 -0.05845191702246666
vn -0.7845537662506104 -0.6160625219345093 -0.07030192017555237
vn -0.7845537662506104 -0.6160625219345093 -0.07030192017555237
vn -0.7846211791038513 -0.6161155104637146 -0.06907422840595245
vn -0.7846211791038513 -0.6161155104637146 -0.06907422840595245
vn -0.7852767705917358 -0.6166302561759949 -0.05574528127908707
vn -0.7852767705917358 -0.6166302561759949 -0.05574528127908707
vn -0.7860468626022339 -0.617235004901886 -0.03393107280135155
vn -0.7860468626022339 -0.617235004901886 -0.03393107280135155
vn -0.7863441705703735 -0.6174684762954712 -0.01988837495446205
vn -0.7863441705703735 -0.6174684762954712 -0.01988837495446205
vn -0.7864881157875061 -0.6175814270973206 -0.0054427036084234715
vn -0.7864881157875061 -0.6175814270973206 -0.0054427036084234715
vn -0.7864748239517212 -0.6175710558891296 0.007961706258356571
vn -0.7864748239517212 -0.6175710558891296 0.007961706258356571
vn -0.7863371968269348 -0.6174629926681519 0.020328275859355927
vn -0.7863371968269348 -0.6174629926681519 0.020328275859355927
vn -0.7858066558837891 -0.6170463562011719 0.041971758008003235
vn -0.7858066558837891 -0.6170463562011719 0.041971758008003235
vn -0.7851040363311768 -0.6164946556091309 0.0595477856695652
vn -0.7851040363311768 -0.6164946556091309 0.0595477856695652
vn -0.7843940854072571 -0.6159371733665466 0.07312534004449844
vn -0.7843940854072571 -0.6159371733665466 0.07312534004449844
vn -0.7838010191917419 -0.6154714822769165 0.08276977390050888
vn -0.7838010191917419 -0.6154714822769165 0.08276977390050888
vn -0.7832757830619812 -0.6150590181350708 0.0904512032866478
vn -0.7832757830619812 -0.6150590181350708 0.0904512032866478
vn -0.7864899635314941 -0.6175829172134399 0.0049873096868395805
vn 0.9428648948669434 0.33313795924186707 0.0049873096868395805
vn 0.9428648948669434 0.33313795924186707 0.0049873096868395805
vn 0.9428181648254395 0.3331214487552643 -0.011134538799524307
vn 0.9428181648254395 0.3331214487552643 -0.011134538799524307
vn 0.9425628781318665 0.3330312669277191 -0.025794334709644318
vn 0.9425628781318665 0.3330312669277191 -0.025794334709644318
vn 0.9421737194061279 0.3328937590122223 -0.038605477660894394
vn 0.9421737194061279 0.3328937590122223 -0.038605477660894394
vn 0.9412645101547241 0.3325725197792053 -0.05845191702246666
vn 0.9412645101547241 0.3325725197792053 -0.05845191702246666
vn 0.9405437111854553 0.3323178291320801 -0.07030192017555237
vn 0.9405437111854553 0.3323178291320801 -0.07030192017555237
vn 0.9406245946884155 0.3323464095592499 -0.06907422840595245
vn 0.9406245946884155 0.3323464095592499 -0.06907422840595245
vn 0.941410481929779 0.33262407779693604 -0.05574528127908707
vn 0.941410481929779 0.33262407779693604 -0.05574528127908707
vn 0.9423336982727051 0.33295026421546936 -0.03393107280135155
vn 0.9423336982727051 0.33295026421546936 -0.03393107280135155
vn 0.9426901340484619 0.33307620882987976 -0.01988837495446205
vn 0.9426901340484619 0.33307620882987976 -0.01988837495446205
vn 0.9428626894950867 0.333137184381485 -0.0054427036084234715
vn 0.9428467154502869 0.3331315517425537 0.007961706258356571
vn 0.9428626894950867 0.333137184381485 -0.0054427036084234715
vn 0.9426817893981934 0.3330732583999634 0.020328275859355927
vn 0.9428467154502869 0.3331315517425537 0.007961706258356571
vn 0.9420457482337952 0.33284854888916016 0.041971758008003235
vn 0.9426817893981934 0.3330732583999634 0.020328275859355927
vn 0.9412034749984741 0.33255094289779663 0.0595477856695652
vn 0.9420457482337952 0.33284854888916016 0.041971758008003235
vn 0.9403523206710815 0.3322502076625824 0.07312534004449844
vn 0.9412034749984741 0.33255094289779663 0.0595477856695652
vn 0.9396413564682007 0.3319990038871765 0.08276977390050888
vn 0.9403523206710815 0.3322502076625824 0.07312534004449844
vn 0.9390116930007935 0.33177652955055237 0.0904512032866478
vn 0.9396413564682007 0.3319990038871765 0.08276977390050888
vn 0.9390116930007935 0.33177652955055237 0.0904512032866478
vn -0.7461596727371216 -0.6657483577728271 0.0049873096868395805
vn -0.7461226582527161 -0.6657153964042664 -0.011134538799524307
vn -0.7461226582527161 -0.6657153964042664 -0.011134538799524307
vn -0.7459206581115723 -0.6655351519584656 -0.025794334709644318
vn -0.7459206581115723 -0.6655351519584656 -0.025794334709644318
vn -0.7456126809120178 -0.665260374546051 -0.038605477660894394
vn -0.7456126809120178 -0.665260374546051 -0.038605477660894394
vn -0.7448931336402893 -0.6646183729171753 -0.05845191702246666
vn -0.7448931336402893 -0.6646183729171753 -0.05845191702246666
vn -0.7443227171897888 -0.6641094088554382 -0.07030192017555237
vn -0.7443227171897888 -0.6641094088554382 -0.07030192017555237
vn -0.7443867325782776 -0.6641665101051331 -0.06907422840595245
vn -0.7443867325782776 -0.6641665101051331 -0.06907422840595245
vn -0.745008647441864 -0.6647214293479919 -0.05574528127908707
vn -0.745008647441864 -0.6647214293479919 -0.05574528127908707
vn -0.7457392811775208 -0.6653733253479004 -0.03393107280135155
vn -0.7457392811775208 -0.6653733253479004 -0.03393107280135155
vn -0.7460213303565979 -0.6656249761581421 -0.01988837495446205
vn -0.7460213303565979 -0.6656249761581421 -0.01988837495446205
vn -0.7461578845977783 -0.665746808052063 -0.0054427036084234715
vn -0.7461578845977783 -0.665746808052063 -0.0054427036084234715
vn -0.7461453080177307 -0.6657355427742004 0.007961706258356571
vn -0.7461453080177307 -0.6657355427742004 0.007961706258356571
vn -0.7460147142410278 -0.6656190752983093 0.020328275859355927
vn -0.7460147142410278 -0.6656190752983093 0.020328275859355927
vn -0.7455114126205444 -0.6651700139045715 0.041971758008003235
vn -0.7455114126205444 -0.6651700139045715 0.041971758008003235
vn -0.7448447942733765 -0.6645752191543579 0.0595477856695652
vn -0.7448447942733765 -0.6645752191543579 0.0595477856695652
vn -0.7441712617874146 -0.6639742851257324 0.07312534004449844
vn -0.7441712617874146 -0.6639742851257324 0.07312534004449844
vn -0.7436085939407349 -0.6634722352027893 0.08276977390050888
vn -0.7436085939407349 -0.6634722352027893 0.08276977390050888
vn -0.7431102991104126 -0.6630276441574097 0.0904512032866478
vn -0.7431102991104126 -0.6630276441574097 0.0904512032866478
vn -0.7461596727371216 -0.6657483577728271 0.0049873096868395805
vn 0.9200864434242249 0.39168357849121094 0.0049873096868395805
vn 0.9200864434242249 0.39168357849121094 0.0049873096868395805
vn 0.9200408458709717 0.39166414737701416 -0.011134538799524307
vn 0.9200408458709717 0.39166414737701416 -0.011134538799524307
vn 0.9197917580604553 0.39155811071395874 -0.025794334709644318
vn 0.9197917580604553 0.39155811071395874 -0.025794334709644318
vn 0.9194120168685913 0.3913964331150055 -0.038605477660894394
vn 0.9194120168685913 0.3913964331150055 -0.038605477660894394
vn 0.9185247421264648 0.39101874828338623 -0.05845191702246666
vn 0.9185247421264648 0.39101874828338623 -0.05845191702246666
vn 0.9178213477134705 0.39071929454803467 -0.07030192017555237
vn 0.9178213477134705 0.39071929454803467 -0.07030192017555237
vn 0.9179002642631531 0.390752911567688 -0.06907422840595245
vn 0.9179002642631531 0.390752911567688 -0.06907422840595245
vn 0.918667197227478 0.3910793662071228 -0.05574528127908707
vn 0.918667197227478 0.3910793662071228 -0.05574528127908707
vn 0.9195681214332581 0.39146289229393005 -0.03393107280135155
vn 0.9195681214332581 0.39146289229393005 -0.03393107280135155
vn 0.9199159145355225 0.3916109502315521 -0.01988837495446205
vn 0.9199159145355225 0.3916109502315521 -0.01988837495446205
vn 0.9200842976570129 0.39168262481689453 -0.0054427036084234715
vn 0.9200687408447266 0.39167600870132446 0.007961706258356571
vn 0.9200842976570129 0.39168262481689453 -0.0054427036084234715
vn 0.919907808303833 0.39160749316215515 0.020328275859355927
vn 0.9200687408447266 0.39167600870132446 0.007961706258356571
vn 0.9192871451377869 0.39134329557418823 0.041971758008003235
vn 0.919907808303833 0.39160749316215515 0.020328275859355927
vn 0.9184651374816895 0.3909933567047119 0.0595477856695652
vn 0.9192871451377869 0.39134329557418823 0.041971758008003235
vn 0.9176346063613892 0.3906397819519043 0.07312534004449844
vn 0.9184651374816895 0.3909933567047119 0.0595477856695652
vn 0.9169407486915588 0.39034444093704224 0.08276977390050888
vn 0.9176346063613892 0.3906397819519043 0.07312534004449844
vn 0.9163263440132141 0.39008286595344543 0.0904512032866478
vn 0.9169407486915588 0.39034444093704224 0.08276977390050888
vn 0.9163263440132141 0.39008286595344543 0.0904512032866478
vn -0.7028846144676208 -0.7112864255905151 0.0049873096868395805
vn -0.7028497457504272 -0.7112511992454529 -0.011134538799524307
vn -0.7028497457504272 -0.7112511992454529 -0.011134538799524307
vn -0.7026594877243042 -0.7110586166381836 -0.025794334709644318
vn -0.7026594877243042 -0.7110586166381836 -0.025794334709644318
vn -0.7023693323135376 -0.71076500415802 -0.038605477660894394
vn -0.7023693323135376 -0.71076500415802 -0.038605477660894394
vn -0.7016915678977966 -0.7100791335105896 -0.05845191702246666
vn -0.7016915678977966 -0.7100791335105896 -0.05845191702246666
vn -0.7011542320251465 -0.7095353603363037 -0.07030192017555237
vn -0.7011542320251465 -0.7095353603363037 -0.07030192017555237
vn -0.7012144923210144 -0.7095963358879089 -0.06907422840595245
vn -0.7012144923210144 -0.7095963358879089 -0.06907422840595245
vn -0.7018003463745117 -0.7101892232894897 -0.05574528127908707
vn -0.7018003463745117 -0.7101892232894897 -0.05574528127908707
vn -0.7024886012077332 -0.7108857035636902 -0.03393107280135155
vn -0.7024886012077332 -0.7108857035636902 -0.03393107280135155
vn -0.7027543187141418 -0.711154580116272 -0.01988837495446205
vn -0.7027543187141418 -0.711154580116272 -0.01988837495446205
vn -0.7028829455375671 -0.7112847566604614 -0.0054427036084234715
vn -0.7028829455375671 -0.7112847566604614 -0.0054427036084234715
vn -0.7028710246086121 -0.7112727165222168 0.007961706258356571
vn -0.7028710246086121 -0.7112727165222168 0.007961706258356571
vn -0.7027480602264404 -0.7111482620239258 0.020328275859355927
vn -0.7027480602264404 -0.7111482620239258 0.020328275859355927
vn -0.702273964881897 -0.7106685042381287 0.041971758008003235
vn -0.702273964881897 -0.7106685042381287 0.041971758008003235
vn -0.7016460299491882 -0.7100330591201782 0.0595477856695652
vn -0.7016460299491882 -0.7100330591201782 0.0595477856695652
vn -0.7010115385055542 -0.7093909382820129 0.07312534004449844
vn -0.7010115385055542 -0.7093909382820129 0.07312534004449844
vn -0.7004814743995667 -0.708854615688324 0.08276977390050888
vn -0.7004814743995667 -0.708854615688324 0.08276977390050888
vn -0.7000120878219604 -0.7083795666694641 0.0904512032866478
vn -0.7000120878219604 -0.7083795666694641 0.0904512032866478
vn -0.7028846144676208 -0.7112864255905151 0.0049873096868395805
vn 0.8936768770217896 0.44868338108062744 0.0049873096868395805
vn 0.8936768770217896 0.44868338108062744 0.0049873096868395805
vn 0.8936325907707214 0.4486611485481262 -0.011134538799524307
vn 0.8936325907707214 0.4486611485481262 -0.011134538799524307
vn 0.8933906555175781 0.448539674282074 -0.025794334709644318
vn 0.8933906555175781 0.448539674282074 -0.025794334709644318
vn 0.8930217623710632 0.44835448265075684 -0.038605477660894394
vn 0.8930217623710632 0.44835448265075684 -0.038605477660894394
vn 0.8921599984169006 0.4479218125343323 -0.05845191702246666
vn 0.8921599984169006 0.4479218125343323 -0.05845191702246666
vn 0.8914768099784851 0.4475787878036499 -0.07030192017555237
vn 0.8914768099784851 0.4475787878036499 -0.07030192017555237
vn 0.8915534615516663 0.4476172626018524 -0.06907422840595245
vn 0.8915534615516663 0.4476172626018524 -0.06907422840595245
vn 0.8922983407974243 0.4479912519454956 -0.05574528127908707
vn 0.8922983407974243 0.4479912519454956 -0.05574528127908707
vn 0.8931733965873718 0.448430597782135 -0.03393107280135155
vn 0.8931733965873718 0.448430597782135 -0.03393107280135155
vn 0.8935112357139587 0.4486002027988434 -0.01988837495446205
vn 0.8935112357139587 0.4486002027988434 -0.01988837495446205
vn 0.8936747312545776 0.4486823081970215 -0.0054427036084234715
vn 0.8936596512794495 0.448674738407135 0.007961706258356571
vn 0.8936747312545776 0.4486823081970215 -0.0054427036084234715
vn 0.8935033082962036 0.4485962390899658 0.020328275859355927
vn 0.8936596512794495 0.448674738407135 0.007961706258356571
vn 0.8929004669189453 0.4482935667037964 0.041971758008003235
vn 0.8935033082962036 0.4485962390899658 0.020328275859355927
vn 0.8921021223068237 0.4478927254676819 0.0595477856695652
vn 0.8929004669189453 0.4482935667037964 0.041971758008003235
vn 0.8912953734397888 0.4474877119064331 0.07312534004449844
vn 0.8921021223068237 0.4478927254676819 0.0595477856695652
vn 0.8906214833259583 0.4471493661403656 0.08276977390050888
vn 0.8912953734397888 0.4474877119064331 0.07312534004449844
vn 0.8900246620178223 0.4468497335910797 0.0904512032866478
vn 0.8906214833259583 0.4471493661403656 0.08276977390050888
vn 0.8900246620178223 0.4468497335910797 0.0904512032866478
vn -0.6568355560302734 -0.7540173530578613 0.0049873096868395805
vn -0.6568030118942261 -0.7539799809455872 -0.011134538799524307
vn -0.6568030118942261 -0.7539799809455872 -0.011134538799524307
vn -0.6566251516342163 -0.7537758350372314 -0.025794334709644318
vn -0.6566251516342163 -0.7537758350372314 -0.025794334709644318
vn -0.6563540697097778 -0.7534646391868591 -0.038605477660894394
vn -0.6563540697097778 -0.7534646391868591 -0.038605477660894394
vn -0.6557206511497498 -0.7527375221252441 -0.05845191702246666
vn -0.6557206511497498 -0.7527375221252441 -0.05845191702246666
vn -0.6552185416221619 -0.7521610856056213 -0.07030192017555237
vn -0.6552185416221619 -0.7521610856056213 -0.07030192017555237
vn -0.6552748680114746 -0.7522257566452026 -0.06907422840595245
vn -0.6552748680114746 -0.7522257566452026 -0.06907422840595245
vn -0.6558223366737366 -0.7528542280197144 -0.05574528127908707
vn -0.6558223366737366 -0.7528542280197144 -0.05574528127908707
vn -0.6564655303955078 -0.7535925507545471 -0.03393107280135155
vn -0.6564655303955078 -0.7535925507545471 -0.03393107280135155
vn -0.6567137837409973 -0.753877580165863 -0.01988837495446205
vn -0.6567137837409973 -0.753877580165863 -0.01988837495446205
vn -0.6568340063095093 -0.7540155649185181 -0.0054427036084234715
vn -0.6568340063095093 -0.7540155649185181 -0.0054427036084234715
vn -0.656822919845581 -0.7540028095245361 0.007961706258356571
vn -0.656822919845581 -0.7540028095245361 0.007961706258356571
vn -0.6567080020904541 -0.7538709044456482 0.020328275859355927
vn -0.6567080020904541 -0.7538709044456482 0.020328275859355927
vn -0.6562649011611938 -0.7533622980117798 0.041971758008003235
vn -0.6562649011611938 -0.7533622980117798 0.041971758008003235
vn -0.6556781530380249 -0.7526887059211731 0.0595477856695652
vn -0.6556781530380249 -0.7526887059211731 0.0595477856695652
vn -0.6550852060317993 -0.7520080208778381 0.07312534004449844
vn -0.6550852060317993 -0.7520080208778381 0.07312534004449844
vn -0.6545898914337158 -0.7514394521713257 0.08276977390050888
vn -0.6545898914337158 -0.7514394521713257 0.08276977390050888
vn -0.6541512608528137 -0.7509359121322632 0.0904512032866478
vn -0.6541512608528137 -0.7509359121322632 0.0904512032866478
vn -0.6568355560302734 -0.7540173530578613 0.0049873096868395805
vn 0.8637403249740601 0.5039124488830566 0.0049873096868395805
vn 0.8637403249740601 0.5039124488830566 0.0049873096868395805
vn 0.8636975288391113 0.5038874745368958 -0.011134538799524307
vn 0.8636975288391113 0.5038874745368958 -0.011134538799524307
vn 0.8634636998176575 0.5037510395050049 -0.025794334709644318
vn 0.8634636998176575 0.5037510395050049 -0.025794334709644318
vn 0.8631072044372559 0.5035430192947388 -0.038605477660894394
vn 0.8631072044372559 0.5035430192947388 -0.038605477660894394
vn 0.8622742891311646 0.5030571222305298 -0.05845191702246666
vn 0.8622742891311646 0.5030571222305298 -0.05845191702246666
vn 0.861613929271698 0.5026718974113464 -0.07030192017555237
vn 0.861613929271698 0.5026718974113464 -0.07030192017555237
vn 0.8616880178451538 0.5027151107788086 -0.06907422840595245
vn 0.8616880178451538 0.5027151107788086 -0.06907422840595245
vn 0.8624079823493958 0.5031351447105408 -0.05574528127908707
vn 0.8624079823493958 0.5031351447105408 -0.05574528127908707
vn 0.8632537126541138 0.5036285519599915 -0.03393107280135155
vn 0.8632537126541138 0.5036285519599915 -0.03393107280135155
vn 0.8635802268981934 0.5038190484046936 -0.01988837495446205
vn 0.8635802268981934 0.5038190484046936 -0.01988837495446205
vn 0.8637382984161377 0.5039112567901611 -0.0054427036084234715
vn 0.8637236952781677 0.5039027333259583 0.007961706258356571
vn 0.8637382984161377 0.5039112567901611 -0.0054427036084234715
vn 0.8635725975036621 0.5038145780563354 0.020328275859355927
vn 0.8637236952781677 0.5039027333259583 0.007961706258356571
vn 0.8629899621009827 0.5034746527671814 0.041971758008003235
vn 0.8635725975036621 0.5038145780563354 0.020328275859355927
vn 0.8622183203697205 0.5030244588851929 0.0595477856695652
vn 0.8629899621009827 0.5034746527671814 0.041971758008003235
vn 0.8614386320114136 0.5025696158409119 0.07312534004449844
vn 0.8622183203697205 0.5030244588851929 0.0595477856695652
vn 0.8607872724533081 0.502189576625824 0.08276977390050888
vn 0.8614386320114136 0.5025696158409119 0.07312534004449844
vn 0.8602104783058167 0.5018531084060669 0.0904512032866478
vn 0.8607872724533081 0.502189576625824 0.08276977390050888
vn 0.8602104783058167 0.5018531084060669 0.0904512032866478
vn -0.6081942915916443 -0.7937725186347961 0.0049873096868395805
vn -0.6081641912460327 -0.7937331795692444 -0.011134538799524307
vn -0.6081641912460327 -0.7937331795692444 -0.011134538799524307
vn -0.6079995036125183 -0.7935183048248291 -0.025794334709644318
vn -0.6079995036125183 -0.7935183048248291 -0.025794334709644318
vn -0.6077484488487244 -0.7931906580924988 -0.038605477660894394
vn -0.6077484488487244 -0.7931906580924988 -0.038605477660894394
vn -0.6071619987487793 -0.7924252152442932 -0.05845191702246666
vn -0.6071619987487793 -0.7924252152442932 -0.05845191702246666
vn -0.6066970229148865 -0.791818380355835 -0.07030192017555237
vn -0.6066970229148865 -0.791818380355835 -0.07030192017555237
vn -0.6067491769790649 -0.7918864488601685 -0.06907422840595245
vn -0.6067491769790649 -0.7918864488601685 -0.06907422840595245
vn -0.6072561144828796 -0.7925480604171753 -0.05574528127908707
vn -0.6072561144828796 -0.7925480604171753 -0.05574528127908707
vn -0.6078516244888306 -0.7933253049850464 -0.03393107280135155
vn -0.6078516244888306 -0.7933253049850464 -0.03393107280135155
vn -0.608081579208374 -0.7936254143714905 -0.01988837495446205
vn -0.608081579208374 -0.7936254143714905 -0.01988837495446205
vn -0.6081928610801697 -0.7937706112861633 -0.0054427036084234715
vn -0.6081928610801697 -0.7937706112861633 -0.0054427036084234715
vn -0.6081826090812683 -0.7937572598457336 0.007961706258356571
vn -0.6081826090812683 -0.7937572598457336 0.007961706258356571
vn -0.6080762147903442 -0.793618381023407 0.020328275859355927
vn -0.6080762147903442 -0.793618381023407 0.020328275859355927
vn -0.6076658964157104 -0.7930828928947449 0.041971758008003235
vn -0.6076658964157104 -0.7930828928947449 0.041971758008003235
vn -0.6071226000785828 -0.792373776435852 0.0595477856695652
vn -0.6071226000785828 -0.792373776435852 0.0595477856695652
vn -0.6065735816955566 -0.7916572690010071 0.07312534004449844
vn -0.6065735816955566 -0.7916572690010071 0.07312534004449844
vn -0.60611492395401 -0.7910586595535278 0.08276977390050888
vn -0.60611492395401 -0.7910586595535278 0.08276977390050888
vn -0.6057087779045105 -0.7905285954475403 0.0904512032866478
vn -0.6057087779045105 -0.7905285954475403 0.0904512032866478
vn -0.6081942915916443 -0.7937725186347961 0.0049873096868395805
vn 0.8303950428962708 0.5571528077125549 0.0049873096868395805
vn 0.8303950428962708 0.5571528077125549 0.0049873096868395805
vn 0.830353856086731 0.5571251511573792 -0.011134538799524307
vn 0.830353856086731 0.5571251511573792 -0.011134538799524307
vn 0.8301290273666382 0.5569743514060974 -0.025794334709644318
vn 0.8301290273666382 0.5569743514060974 -0.025794334709644318
vn 0.8297863006591797 0.556744396686554 -0.038605477660894394
vn 0.8297863006591797 0.556744396686554 -0.038605477660894394
vn 0.8289855718612671 0.5562071204185486 -0.05845191702246666
vn 0.8289855718612671 0.5562071204185486 -0.05845191702246666
vn 0.8283507227897644 0.5557811856269836 -0.07030192017555237
vn 0.8283507227897644 0.5557811856269836 -0.07030192017555237
vn 0.828421950340271 0.5558289289474487 -0.06907422840595245
vn 0.828421950340271 0.5558289289474487 -0.06907422840595245
vn 0.8291140794754028 0.5562933683395386 -0.05574528127908707
vn 0.8291140794754028 0.5562933683395386 -0.05574528127908707
vn 0.8299272060394287 0.556838870048523 -0.03393107280135155
vn 0.8299272060394287 0.556838870048523 -0.03393107280135155
vn 0.8302410840988159 0.5570495128631592 -0.01988837495446205
vn 0.8302410840988159 0.5570495128631592 -0.01988837495446205
vn 0.8303930759429932 0.5571514368057251 -0.0054427036084234715
vn 0.8303790092468262 0.5571420788764954 0.007961706258356571
vn 0.8303930759429932 0.5571514368057251 -0.0054427036084234715
vn 0.8302337527275085 0.5570445656776428 0.020328275859355927
vn 0.8303790092468262 0.5571420788764954 0.007961706258356571
vn 0.8296735882759094 0.556668758392334 0.041971758008003235
vn 0.8302337527275085 0.5570445656776428 0.020328275859355927
vn 0.8289317488670349 0.5561710000038147 0.0595477856695652
vn 0.8296735882759094 0.556668758392334 0.041971758008003235
vn 0.8281821608543396 0.5556680560112 0.07312534004449844
vn 0.8289317488670349 0.5561710000038147 0.0595477856695652
vn 0.8275559544563293 0.5552479028701782 0.08276977390050888
vn 0.8281821608543396 0.5556680560112 0.07312534004449844
vn 0.8270014524459839 0.5548758506774902 0.0904512032866478
vn 0.8275559544563293 0.5552479028701782 0.08276977390050888
vn 0.8270014524459839 0.5548758506774902 0.0904512032866478
vn -0.5571528077125549 -0.8303950428962708 0.0049873096868395805
vn -0.5571251511573792 -0.830353856086731 -0.011134538799524307
vn -0.5571251511573792 -0.830353856086731 -0.011134538799524307
vn -0.5569743514060974 -0.8301290273666382 -0.025794334709644318
vn -0.5569743514060974 -0.8301290273666382 -0.025794334709644318
vn -0.556744396686554 -0.8297863006591797 -0.038605477660894394
vn -0.556744396686554 -0.8297863006591797 -0.038605477660894394
vn -0.5562071204185486 -0.8289855718612671 -0.05845191702246666
vn -0.5562071204185486 -0.8289855718612671 -0.05845191702246666
vn -0.5557811856269836 -0.8283507227897644 -0.07030192017555237
vn -0.5557811856269836 -0.8283507227897644 -0.07030192017555237
vn -0.5558289289474487 -0.828421950340271 -0.06907422840595245
vn -0.5558289289474487 -0.828421950340271 -0.06907422840595245
vn -0.5562933683395386 -0.8291140794754028 -0.05574528127908707
vn -0.5562933683395386 -0.8291140794754028 -0.05574528127908707
vn -0.556838870048523 -0.8299272060394287 -0.03393107280135155
vn -0.556838870048523 -0.8299272060394287 -0.03393107280135155
vn -0.5570495128631592 -0.8302410840988159 -0.01988837495446205
vn -0.5570495128631592 -0.8302410840988159 -0.01988837495446205
vn -0.5571514368057251 -0.8303930759429932 -0.0054427036084234715
vn -0.5571514368057251 -0.8303930759429932 -0.0054427036084234715
vn -0.5571420788764954 -0.8303790092468262 0.007961706258356571
vn -0.5571420788764954 -0.8303790092468262 0.007961706258356571
vn -0.5570445656776428 -0.8302337527275085 0.020328275859355927
vn -0.5570445656776428 -0.8302337527275085 0.020328275859355927
vn -0.556668758392334 -0.8296735882759094 0.041971758008003235
vn -0.556668758392334 -0.8296735882759094 0.041971758008003235
vn -0.5561710000038147 -0.8289317488670349 0.0595477856695652
vn -0.5561710000038147 -0.8289317488670349 0.0595477856695652
vn -0.5556680560112 -0.8281821608543396 0.07312534004449844
vn -0.5556680560112 -0.8281821608543396 0.07312534004449844
vn -0.5552479028701782 -0.8275559544563293 0.08276977390050888
vn -0.5552479028701782 -0.8275559544563293 0.08276977390050888
vn -0.5548758506774902 -0.8270014524459839 0.0904512032866478
vn -0.5548758506774902 -0.8270014524459839 0.0904512032866478
vn -0.5571528077125549 -0.8303950428962708 0.0049873096868395805
vn 0.7937725186347961 0.6081942915916443 0.0049873096868395805
vn 0.7937725186347961 0.6081942915916443 0.0049873096868395805
vn 0.7937331795692444 0.6081641912460327 -0.011134538799524307
vn 0.7937331795692444 0.6081641912460327 -0.011134538799524307
vn 0.7935183048248291 0.6079995036125183 -0.025794334709644318
vn 0.7935183048248291 0.6079995036125183 -0.025794334709644318
vn 0.7931906580924988 0.6077484488487244 -0.038605477660894394
vn 0.7931906580924988 0.6077484488487244 -0.038605477660894394
vn 0.7924252152442932 0.6071619987487793 -0.05845191702246666
vn 0.7924252152442932 0.6071619987487793 -0.05845191702246666
vn 0.791818380355835 0.6066970229148865 -0.07030192017555237
vn 0.791818380355835 0.6066970229148865 -0.07030192017555237
vn 0.7918864488601685 0.6067491769790649 -0.06907422840595245
vn 0.7918864488601685 0.6067491769790649 -0.06907422840595245
vn 0.7925480604171753 0.6072561144828796 -0.05574528127908707
vn 0.7925480604171753 0.6072561144828796 -0.05574528127908707
vn 0.7933253049850464 0.6078516244888306 -0.03393107280135155
vn 0.7933253049850464 0.6078516244888306 -0.03393107280135155
vn 0.7936254143714905 0.608081579208374 -0.01988837495446205
vn 0.7936254143714905 0.608081579208374 -0.01988837495446205
vn 0.7937706112861633 0.6081928610801697 -0.0054427036084234715
vn 0.7937572598457336 0.6081826090812683 0.007961706258356571
vn 0.7937706112861633 0.6081928610801697 -0.0054427036084234715
vn 0.793618381023407 0.6080762147903442 0.020328275859355927
vn 0.7937572598457336 0.6081826090812683 0.007961706258356571
vn 0.7930828928947449 0.6076658964157104 0.041971758008003235
vn 0.793618381023407 0.6080762147903442 0.020328275859355927
vn 0.792373776435852 0.6071226000785828 0.0595477856695652
vn 0.7930828928947449 0.6076658964157104 0.041971758008003235
vn 0.7916572690010071 0.6065735816955566 0.07312534004449844
vn 0.792373776435852 0.6071226000785828 0.0595477856695652
vn 0.7910586595535278 0.60611492395401 0.08276977390050888
vn 0.7916572690010071 0.6065735816955566 0.07312534004449844
vn 0.7905285954475403 0.6057087779045105 0.0904512032866478
vn 0.7910586595535278 0.60611492395401 0.08276977390050888
vn 0.7905285954475403 0.6057087779045105 0.0904512032866478
vn -0.5039124488830566 -0.8637403249740601 0.0049873096868395805
vn -0.5038874745368958 -0.8636975288391113 -0.011134538799524307
vn -0.5038874745368958 -0.8636975288391113 -0.011134538799524307
vn -0.5037510395050049 -0.8634636998176575 -0.025794334709644318
vn -0.5037510395050049 -0.8634636998176575 -0.025794334709644318
vn -0.5035430192947388 -0.8631072044372559 -0.038605477660894394
vn -0.5035430192947388 -0.8631072044372559 -0.038605477660894394
vn -0.5030571222305298 -0.8622742891311646 -0.05845191702246666
vn -0.5030571222305298 -0.8622742891311646 -0.05845191702246666
vn -0.5026718974113464 -0.861613929271698 -0.07030192017555237
vn -0.5026718974113464 -0.861613929271698 -0.07030192017555237
vn -0.5027151107788086 -0.8616880178451538 -0.06907422840595245
vn -0.5027151107788086 -0.8616880178451538 -0.06907422840595245
vn -0.5031351447105408 -0.8624079823493958 -0.05574528127908707
vn -0.5031351447105408 -0.8624079823493958 -0.05574528127908707
vn -0.5036285519599915 -0.8632537126541138 -0.03393107280135155
vn -0.5036285519599915 -0.8632537126541138 -0.03393107280135155
vn -0.5038190484046936 -0.8635802268981934 -0.01988837495446205
vn -0.5038190484046936 -0.8635802268981934 -0.01988837495446205
vn -0.5039112567901611 -0.8637382984161377 -0.0054427036084234715
vn -0.5039112567901611 -0.8637382984161377 -0.0054427036084234715
vn -0.5039027333259583 -0.8637236952781677 0.007961706258356571
vn -0.5039027333259583 -0.8637236952781677 0.007961706258356571
vn -0.5038145780563354 -0.8635725975036621 0.020328275859355927
vn -0.5038145780563354 -0.8635725975036621 0.020328275859355927
vn -0.5034746527671814 -0.8629899621009827 0.041971758008003235
vn -0.5034746527671814 -0.8629899621009827 0.041971758008003235
vn -0.5030244588851929 -0.8622183203697205 0.0595477856695652
vn -0.5030244588851929 -0.8622183203697205 0.0595477856695652
vn -0.5025696158409119 -0.8614386320114136 0.07312534004449844
vn -0.5025696158409119 -0.8614386320114136 0.07312534004449844
vn -0.502189576625824 -0.8607872724533081 0.08276977390050888
vn -0.502189576625824 -0.8607872724533081 0.08276977390050888
vn -0.5018531084060669 -0.8602104783058167 0.0904512032866478
vn -0.5018531084060669 -0.8602104783058167 0.0904512032866478
vn -0.5039124488830566 -0.8637403249740601 0.0049873096868395805
vn 0.7540173530578613 0.6568355560302734 0.0049873096868395805
vn 0.7540173530578613 0.6568355560302734 0.0049873096868395805
vn 0.7539799809455872 0.6568030118942261 -0.011134538799524307
vn 0.7539799809455872 0.6568030118942261 -0.011134538799524307
vn 0.7537758350372314 0.6566251516342163 -0.025794334709644318
vn 0.7537758350372314 0.6566251516342163 -0.025794334709644318
vn 0.7534646391868591 0.6563540697097778 -0.038605477660894394
vn 0.7534646391868591 0.6563540697097778 -0.038605477660894394
vn 0.7527375221252441 0.6557206511497498 -0.05845191702246666
vn 0.7527375221252441 0.6557206511497498 -0.05845191702246666
vn 0.7521610856056213 0.6552185416221619 -0.07030192017555237
vn 0.7521610856056213 0.6552185416221619 -0.07030192017555237
vn 0.7522257566452026 0.6552748680114746 -0.06907422840595245
vn 0.7522257566452026 0.6552748680114746 -0.06907422840595245
vn 0.7528542280197144 0.6558223366737366 -0.05574528127908707
vn 0.7528542280197144 0.6558223366737366 -0.05574528127908707
vn 0.7535925507545471 0.6564655303955078 -0.03393107280135155
vn 0.7535925507545471 0.6564655303955078 -0.03393107280135155
vn 0.753877580165863 0.6567137837409973 -0.01988837495446205
vn 0.753877580165863 0.6567137837409973 -0.01988837495446205
vn 0.7540155649185181 0.6568340063095093 -0.0054427036084234715
vn 0.7540028095245361 0.656822919845581 0.007961706258356571
vn 0.7540155649185181 0.6568340063095093 -0.0054427036084234715
vn 0.7538709044456482 0.6567080020904541 0.020328275859355927
vn 0.7540028095245361 0.656822919845581 0.007961706258356571
vn 0.7533622980117798 0.6562649011611938 0.041971758008003235
vn 0.7538709044456482 0.6567080020904541 0.020328275859355927
vn 0.7526887059211731 0.6556781530380249 0.0595477856695652
vn 0.7533622980117798 0.6562649011611938 0.041971758008003235
vn 0.7520080208778381 0.6550852060317993 0.07312534004449844
vn 0.7526887059211731 0.6556781530380249 0.0595477856695652
vn 0.7514394521713257 0.6545898914337158 0.08276977390050888
vn 0.7520080208778381 0.6550852060317993 0.07312534004449844
vn 0.7509359121322632 0.6541512608528137 0.0904512032866478
vn 0.7514394521713257 0.6545898914337158 0.08276977390050888
vn 0.7509359121322632 0.6541512608528137 0.0904512032866478
vn -0.44868338108062744 -0.8936768770217896 0.0049873096868395805
vn -0.4486611485481262 -0.8936325907707214 -0.011134538799524307
vn -0.4486611485481262 -0.8936325907707214 -0.011134538799524307
vn -0.448539674282074 -0.8933906555175781 -0.025794334709644318
vn -0.448539674282074 -0.8933906555175781 -0.025794334709644318
vn -0.44835448265075684 -0.8930217623710632 -0.038605477660894394
vn -0.44835448265075684 -0.8930217623710632 -0.038605477660894394
vn -0.4479218125343323 -0.8921599984169006 -0.05845191702246666
vn -0.4479218125343323 -0.8921599984169006 -0.05845191702246666
vn -0.4475787878036499 -0.8914768099784851 -0.07030192017555237
vn -0.4475787878036499 -0.8914768099784851 -0.07030192017555237
vn -0.4476172626018524 -0.8915534615516663 -0.06907422840595245
vn -0.4476172626018524 -0.8915534615516663 -0.06907422840595245
vn -0.4479912519454956 -0.8922983407974243 -0.05574528127908707
vn -0.4479912519454956 -0.8922983407974243 -0.05574528127908707
vn -0.448430597782135 -0.8931733965873718 -0.03393107280135155
vn -0.448430597782135 -0.8931733965873718 -0.03393107280135155
vn -0.4486002027988434 -0.8935112357139587 -0.01988837495446205
vn -0.4486002027988434 -0.8935112357139587 -0.01988837495446205
vn -0.4486823081970215 -0.8936747312545776 -0.0054427036084234715
vn -0.4486823081970215 -0.8936747312545776 -0.0054427036084234715
vn -0.448674738407135 -0.8936596512794495 0.007961706258356571
vn -0.448674738407135 -0.8936596512794495 0.007961706258356571
vn -0.4485962390899658 -0.8935033082962036 0.020328275859355927
vn -0.4485962390899658 -0.8935033082962036 0.020328275859355927
vn -0.4482935667037964 -0.8929004669189453 0.041971758008003235
vn -0.4482935667037964 -0.8929004669189453 0.041971758008003235
vn -0.4478927254676819 -0.8921021223068237 0.0595477856695652
vn -0.4478927254676819 -0.8921021223068237 0.0595477856695652
vn -0.4474877119064331 -0.8912953734397888 0.07312534004449844
vn -0.4474877119064331 -0.8912953734397888 0.07312534004449844
vn -0.4471493661403656 -0.8906214833259583 0.08276977390050888
vn -0.4471493661403656 -0.8906214833259583 0.08276977390050888
vn -0.4468497335910797 -0.8900246620178223 0.0904512032866478
vn -0.4468497335910797 -0.8900246620178223 0.0904512032866478
vn -0.44868338108062744 -0.8936768770217896 0.0049873096868395805
vn 0.7112864255905151 0.7028846144676208 0.0049873096868395805
vn 0.7112864255905151 0.7028846144676208 0.0049873096868395805
vn 0.7112511992454529 0.7028497457504272 -0.011134538799524307
vn 0.7112511992454529 0.7028497457504272 -0.011134538799524307
vn 0.7110586166381836 0.7026594877243042 -0.025794334709644318
vn 0.7110586166381836 0.7026594877243042 -0.025794334709644318
vn 0.71076500415802 0.7023693323135376 -0.038605477660894394
vn 0.71076500415802 0.7023693323135376 -0.038605477660894394
vn 0.7100791335105896 0.7016915678977966 -0.05845191702246666
vn 0.7100791335105896 0.7016915678977966 -0.05845191702246666
vn 0.7095353603363037 0.7011542320251465 -0.07030192017555237
vn 0.7095353603363037 0.7011542320251465 -0.07030192017555237
vn 0.7095963358879089 0.7012144923210144 -0.06907422840595245
vn 0.7095963358879089 0.7012144923210144 -0.06907422840595245
vn 0.7101892232894897 0.7018003463745117 -0.05574528127908707
vn 0.7101892232894897 0.7018003463745117 -0.05574528127908707
vn 0.7108857035636902 0.7024886012077332 -0.03393107280135155
vn 0.7108857035636902 0.7024886012077332 -0.03393107280135155
vn 0.711154580116272 0.7027543187141418 -0.01988837495446205
vn 0.711154580116272 0.7027543187141418 -0.01988837495446205
vn 0.7112847566604614 0.7028829455375671 -0.0054427036084234715
vn 0.7112727165222168 0.7028710246086121 0.007961706258356571
vn 0.7112847566604614 0.7028829455375671 -0.0054427036084234715
vn 0.7111482620239258 0.7027480602264404 0.020328275859355927
vn 0.7112727165222168 0.7028710246086121 0.007961706258356571
vn 0.7106685042381287 0.702273964881897 0.041971758008003235
vn 0.7111482620239258 0.7027480602264404 0.020328275859355927
vn 0.7100330591201782 0.7016460299491882 0.0595477856695652
vn 0.7106685042381287 0.702273964881897 0.041971758008003235
vn 0.7093909382820129 0.7010115385055542 0.07312534004449844
vn 0.7100330591201782 0.7016460299491882 0.0595477856695652
vn 0.708854615688324 0.7004814743995667 0.08276977390050888
vn 0.7093909382820129 0.7010115385055542 0.07312534004449844
vn 0.7083795666694641 0.7000120878219604 0.0904512032866478
vn 0.708854615688324 0.7004814743995667 0.08276977390050888
vn 0.7083795666694641 0.7000120878219604 0.0904512032866478
vn -0.39168357849121094 -0.9200864434242249 0.0049873096868395805
vn -0.39166414737701416 -0.9200408458709717 -0.011134538799524307
vn -0.39166414737701416 -0.9200408458709717 -0.011134538799524307
vn -0.39155811071395874 -0.9197917580604553 -0.025794334709644318
vn -0.39155811071395874 -0.9197917580604553 -0.025794334709644318
vn -0.3913964331150055 -0.9194120168685913 -0.038605477660894394
vn -0.3913964331150055 -0.9194120168685913 -0.038605477660894394
vn -0.39101874828338623 -0.9185247421264648 -0.05845191702246666
vn -0.39101874828338623 -0.9185247421264648 -0.05845191702246666
vn -0.39071929454803467 -0.9178213477134705 -0.07030192017555237
vn -0.39071929454803467 -0.9178213477134705 -0.07030192017555237
vn -0.390752911567688 -0.9179002642631531 -0.06907422840595245
vn -0.390752911567688 -0.9179002642631531 -0.06907422840595245
vn -0.3910793662071228 -0.918667197227478 -0.05574528127908707
vn -0.3910793662071228 -0.918667197227478 -0.05574528127908707
vn -0.39146289229393005 -0.9195681214332581 -0.03393107280135155
vn -0.39146289229393005 -0.9195681214332581 -0.03393107280135155
vn -0.3916109502315521 -0.9199159145355225 -0.01988837495446205
vn -0.3916109502315521 -0.9199159145355225 -0.01988837495446205
vn -0.39168262481689453 -0.9200842976570129 -0.0054427036084234715
vn -0.39168262481689453 -0.9200842976570129 -0.0054427036084234715
vn -0.39167600870132446 -0.9200687408447266 0.007961706258356571
vn -0.39167600870132446 -0.9200687408447266 0.007961706258356571
vn -0.39160749316215515 -0.919907808303833 0.020328275859355927
vn -0.39160749316215515 -0.919907808303833 0.020328275859355927
vn -0.39134329557418823 -0.9192871451377869 0.041971758008003235
vn -0.39134329557418823 -0.9192871451377869 0.041971758008003235
vn -0.3909933567047119 -0.9184651374816895 0.0595477856695652
vn -0.3909933567047119 -0.9184651374816895 0.0595477856695652
vn -0.3906397819519043 -0.9176346063613892 0.07312534004449844
vn -0.3906397819519043 -0.9176346063613892 0.07312534004449844
vn -0.39034444093704224 -0.9169407486915588 0.08276977390050888
vn -0.39034444093704224 -0.9169407486915588 0.08276977390050888
vn -0.39008286595344543 -0.9163263440132141 0.0904512032866478
vn -0.39008286595344543 -0.9163263440132141 0.0904512032866478
vn -0.39168357849121094 -0.9200864434242249 0.0049873096868395805
vn 0.6657483577728271 0.7461596727371216 0.0049873096868395805
vn 0.6657483577728271 0.7461596727371216 0.0049873096868395805
vn 0.6657153964042664 0.7461226582527161 -0.011134538799524307
vn 0.6657153964042664 0.7461226582527161 -0.011134538799524307
vn 0.6655351519584656 0.7459206581115723 -0.025794334709644318
vn 0.6655351519584656 0.7459206581115723 -0.025794334709644318
vn 0.665260374546051 0.7456126809120178 -0.038605477660894394
vn 0.665260374546051 0.7456126809120178 -0.038605477660894394
vn 0.6646183729171753 0.7448931336402893 -0.05845191702246666
vn 0.6646183729171753 0.7448931336402893 -0.05845191702246666
vn 0.6641094088554382 0.7443227171897888 -0.07030192017555237
vn 0.6641094088554382 0.7443227171897888 -0.07030192017555237
vn 0.6641665101051331 0.7443867325782776 -0.06907422840595245
vn 0.6641665101051331 0.7443867325782776 -0.06907422840595245
vn 0.6647214293479919 0.745008647441864 -0.05574528127908707
vn 0.6647214293479919 0.745008647441864 -0.05574528127908707
vn 0.6653733253479004 0.7457392811775208 -0.03393107280135155
vn 0.6653733253479004 0.7457392811775208 -0.03393107280135155
vn 0.6656249761581421 0.7460213303565979 -0.01988837495446205
vn 0.6656249761581421 0.7460213303565979 -0.01988837495446205
vn 0.665746808052063 0.7461578845977783 -0.0054427036084234715
vn 0.6657355427742004 0.7461453080177307 0.007961706258356571
vn 0.665746808052063 0.7461578845977783 -0.0054427036084234715
vn 0.6656190752983093 0.7460147142410278 0.020328275859355927
vn 0.6657355427742004 0.7461453080177307 0.007961706258356571
vn 0.6651700139045715 0.7455114126205444 0.041971758008003235
vn 0.6656190752983093 0.7460147142410278 0.020328275859355927
vn 0.6645752191543579 0.7448447942733765 0.0595477856695652
vn 0.6651700139045715 0.7455114126205444 0.041971758008003235
vn 0.6639742851257324 0.7441712617874146 0.07312534004449844
vn 0.6645752191543579 0.7448447942733765 0.0595477856695652
vn 0.6634722352027893 0.7436085939407349 0.08276977390050888
vn 0.6639742851257324 0.7441712617874146 0.07312534004449844
vn 0.6630276441574097 0.7431102991104126 0.0904512032866478
vn 0.6634722352027893 0.7436085939407349 0.08276977390050888
vn 0.6630276441574097 0.7431102991104126 0.0904512032866478
vn -0.33313795924186707 -0.9428648948669434 0.0049873096868395805
vn -0.3331214487552643 -0.9428181648254395 -0.011134538799524307
vn -0.3331214487552643 -0.9428181648254395 -0.011134538799524307
vn -0.3330312669277191 -0.9425628781318665 -0.025794334709644318
vn -0.3330312669277191 -0.9425628781318665 -0.025794334709644318
vn -0.3328937590122223 -0.9421737194061279 -0.038605477660894394
vn -0.3328937590122223 -0.9421737194061279 -0.038605477660894394
vn -0.3325725197792053 -0.9412645101547241 -0.05845191702246666
vn -0.3325725197792053 -0.9412645101547241 -0.05845191702246666
vn -0.3323178291320801 -0.9405437111854553 -0.07030192017555237
vn -0.3323178291320801 -0.9405437111854553 -0.07030192017555237
vn -0.3323464095592499 -0.9406245946884155 -0.06907422840595245
vn -0.3323464095592499 -0.9406245946884155 -0.06907422840595245
vn -0.33262407779693604 -0.941410481929779 -0.05574528127908707
vn -0.33262407779693604 -0.941410481929779 -0.05574528127908707
vn -0.33295026421546936 -0.9423336982727051 -0.03393107280135155
vn -0.33295026421546936 -0.9423336982727051 -0.03393107280135155
vn -0.33307620882987976 -0.9426901340484619 -0.01988837495446205
vn -0.33307620882987976 -0.9426901340484619 -0.01988837495446205
vn -0.333137184381485 -0.9428626894950867 -0.0054427036084234715
vn -0.333137184381485 -0.9428626894950867 -0.0054427036084234715
vn -0.3331315517425537 -0.9428467154502869 0.007961706258356571
vn -0.3331315517425537 -0.9428467154502869 0.007961706258356571
vn -0.3330732583999634 -0.9426817893981934 0.020328275859355927
vn -0.3330732583999634 -0.9426817893981934 0.020328275859355927
vn -0.33284854888916016 -0.9420457482337952 0.041971758008003235
vn -0.33284854888916016 -0.9420457482337952 0.041971758008003235
vn -0.33255094289779663 -0.9412034749984741 0.0595477856695652
vn -0.33255094289779663 -0.9412034749984741 0.0595477856695652
vn -0.3322502076625824 -0.9403523206710815 0.07312534004449844
vn -0.3322502076625824 -0.9403523206710815 0.07312534004449844
vn -0.3319990038871765 -0.9396413564682007 0.08276977390050888
vn -0.3319990038871765 -0.9396413564682007 0.08276977390050888
vn -0.33177652955055237 -0.9390116930007935 0.0904512032866478
vn -0.33177652955055237 -0.9390116930007935 0.0904512032866478
vn -0.33313795924186707 -0.9428648948669434 0.0049873096868395805
vn 0.6175829172134399 0.7864899635314941 0.0049873096868395805
vn 0.6175829172134399 0.7864899635314941 0.0049873096868395805
vn 0.6175523400306702 0.786450982093811 -0.011134538799524307
vn 0.6175523400306702 0.786450982093811 -0.011134538799524307
vn 0.6173850893974304 0.7862380743026733 -0.025794334709644318
vn 0.6173850893974304 0.7862380743026733 -0.025794334709644318
vn 0.6171302199363708 0.7859134078025818 -0.038605477660894394
vn 0.6171302199363708 0.7859134078025818 -0.038605477660894394
vn 0.6165346503257751 0.7851549983024597 -0.05845191702246666
vn 0.6165346503257751 0.7851549983024597 -0.05845191702246666
vn 0.6160625219345093 0.7845537662506104 -0.07030192017555237
vn 0.6160625219345093 0.7845537662506104 -0.07030192017555237
vn 0.6161155104637146 0.7846211791038513 -0.06907422840595245
vn 0.6161155104637146 0.7846211791038513 -0.06907422840595245
vn 0.6166302561759949 0.7852767705917358 -0.05574528127908707
vn 0.6166302561759949 0.7852767705917358 -0.05574528127908707
vn 0.617235004901886 0.7860468626022339 -0.03393107280135155
vn 0.617235004901886 0.7860468626022339 -0.03393107280135155
vn 0.6174684762954712 0.7863441705703735 -0.01988837495446205
vn 0.6174684762954712 0.7863441705703735 -0.01988837495446205
vn 0.6175814270973206 0.7864881157875061 -0.0054427036084234715
vn 0.6175710558891296 0.7864748239517212 0.007961706258356571
vn 0.6175814270973206 0.7864881157875061 -0.0054427036084234715
vn 0.6174629926681519 0.7863371968269348 0.020328275859355927
vn 0.6175710558891296 0.7864748239517212 0.007961706258356571
vn 0.6170463562011719 0.7858066558837891 0.041971758008003235
vn 0.6174629926681519 0.7863371968269348 0.020328275859355927
vn 0.6164946556091309 0.7851040363311768 0.0595477856695652
vn 0.6170463562011719 0.7858066558837891 0.041971758008003235
vn 0.6159371733665466 0.7843940854072571 0.07312534004449844
vn 0.6164946556091309 0.7851040363311768 0.0595477856695652
vn 0.6154714822769165 0.7838010191917419 0.08276977390050888
vn 0.6159371733665466 0.7843940854072571 0.07312534004449844
vn 0.6150590181350708 0.7832757830619812 0.0904512032866478
vn 0.6154714822769165 0.7838010191917419 0.08276977390050888
vn 0.6150590181350708 0.7832757830619812 0.0904512032866478
vn -0.27327761054039 -0.961922287940979 0.0049873096868395805
vn -0.273264080286026 -0.9618746042251587 -0.011134538799524307
vn -0.273264080286026 -0.9618746042251587 -0.011134538799524307
vn -0.27319008111953735 -0.961614191532135 -0.025794334709644318
vn -0.27319008111953735 -0.961614191532135 -0.025794334709644318
vn -0.2730772793292999 -0.9612171649932861 -0.038605477660894394
vn -0.2730772793292999 -0.9612171649932861 -0.038605477660894394
vn -0.2728137671947479 -0.9602895379066467 -0.05845191702246666
vn -0.2728137671947479 -0.9602895379066467 -0.05845191702246666
vn -0.2726048529148102 -0.9595541954040527 -0.07030192017555237
vn -0.2726048529148102 -0.9595541954040527 -0.07030192017555237
vn -0.2726282775402069 -0.9596366882324219 -0.06907422840595245
vn -0.2726282775402069 -0.9596366882324219 -0.06907422840595245
vn -0.27285605669021606 -0.9604384303092957 -0.05574528127908707
vn -0.27285605669021606 -0.9604384303092957 -0.05574528127908707
vn -0.2731236517429352 -0.9613803625106812 -0.03393107280135155
vn -0.2731236517429352 -0.9613803625106812 -0.03393107280135155
vn -0.27322694659233093 -0.961743950843811 -0.01988837495446205
vn -0.27322694659233093 -0.961743950843811 -0.01988837495446205
vn -0.2732769548892975 -0.9619200229644775 -0.0054427036084234715
vn -0.2732769548892975 -0.9619200229644775 -0.0054427036084234715
vn -0.2732723355293274 -0.9619037508964539 0.007961706258356571
vn -0.2732723355293274 -0.9619037508964539 0.007961706258356571
vn -0.27322453260421753 -0.9617354869842529 0.020328275859355927
vn -0.27322453260421753 -0.9617354869842529 0.020328275859355927
vn -0.27304020524024963 -0.9610865712165833 0.041971758008003235
vn -0.27304020524024963 -0.9610865712165833 0.041971758008003235
vn -0.27279606461524963 -0.9602272510528564 0.0595477856695652
vn -0.27279606461524963 -0.9602272510528564 0.0595477856695652
vn -0.2725493609905243 -0.9593589305877686 0.07312534004449844
vn -0.2725493609905243 -0.9593589305877686 0.07312534004449844
vn -0.27234330773353577 -0.958633542060852 0.08276977390050888
vn -0.27234330773353577 -0.958633542060852 0.08276977390050888
vn -0.2721607983112335 -0.9579911828041077 0.0904512032866478
vn -0.2721607983112335 -0.9579911828041077 0.0904512032866478
vn -0.27327761054039 -0.961922287940979 0.0049873096868395805
vn 0.5669801235198975 0.8237163424491882 0.0049873096868395805
vn 0.5669801235198975 0.8237163424491882 0.0049873096868395805
vn 0.5669520497322083 0.8236755132675171 -0.011134538799524307
vn 0.5669520497322083 0.8236755132675171 -0.011134538799524307
vn 0.5667985677719116 0.8234525322914124 -0.025794334709644318
vn 0.5667985677719116 0.8234525322914124 -0.025794334709644318
vn 0.5665645003318787 0.8231125473976135 -0.038605477660894394
vn 0.5665645003318787 0.8231125473976135 -0.038605477660894394
vn 0.5660178065299988 0.8223181962966919 -0.05845191702246666
vn 0.5660178065299988 0.8223181962966919 -0.05845191702246666
vn 0.5655843615531921 0.8216884732246399 -0.07030192017555237
vn 0.5655843615531921 0.8216884732246399 -0.07030192017555237
vn 0.5656329393386841 0.8217591643333435 -0.06907422840595245
vn 0.5656329393386841 0.8217591643333435 -0.06907422840595245
vn 0.5661055445671082 0.8224457502365112 -0.05574528127908707
vn 0.5661055445671082 0.8224457502365112 -0.05574528127908707
vn 0.5666607022285461 0.823252260684967 -0.03393107280135155
vn 0.5666607022285461 0.823252260684967 -0.03393107280135155
vn 0.5668750405311584 0.8235636949539185 -0.01988837495446205
vn 0.5668750405311584 0.8235636949539185 -0.01988837495446205
vn 0.5669788122177124 0.8237143754959106 -0.0054427036084234715
vn 0.5669692158699036 0.823700487613678 0.007961706258356571
vn 0.5669788122177124 0.8237143754959106 -0.0054427036084234715
vn 0.5668700337409973 0.8235563635826111 0.020328275859355927
vn 0.5669692158699036 0.823700487613678 0.007961706258356571
vn 0.5664875507354736 0.8230007290840149 0.041971758008003235
vn 0.5668700337409973 0.8235563635826111 0.020328275859355927
vn 0.5659810304641724 0.8222648501396179 0.0595477856695652
vn 0.5664875507354736 0.8230007290840149 0.041971758008003235
vn 0.5654692649841309 0.8215212821960449 0.07312534004449844
vn 0.5659810304641724 0.8222648501396179 0.0595477856695652
vn 0.565041720867157 0.8209001421928406 0.08276977390050888
vn 0.5654692649841309 0.8215212821960449 0.07312534004449844
vn 0.5646630525588989 0.8203500509262085 0.0904512032866478
vn 0.565041720867157 0.8209001421928406 0.08276977390050888
vn 0.5646630525588989 0.8203500509262085 0.0904512032866478
vn -0.21233876049518585 -0.9771834015846252 0.0049873096868395805
vn -0.212328240275383 -0.9771349430084229 -0.011134538799524307
vn -0.212328240275383 -0.9771349430084229 -0.011134538799524307
vn -0.21227075159549713 -0.9768704175949097 -0.025794334709644318
vn -0.21227075159549713 -0.9768704175949097 -0.025794334709644318
vn -0.21218310296535492 -0.9764670729637146 -0.038605477660894394
vn -0.21218310296535492 -0.9764670729637146 -0.038605477660894394
vn -0.21197834610939026 -0.9755247831344604 -0.05845191702246666
vn -0.21197834610939026 -0.9755247831344604 -0.05845191702246666
vn -0.21181601285934448 -0.9747776985168457 -0.07030192017555237
vn -0.21181601285934448 -0.9747776985168457 -0.07030192017555237
vn -0.21183423697948456 -0.9748615622520447 -0.06907422840595245
vn -0.21183423697948456 -0.9748615622520447 -0.06907422840595245
vn -0.2120112180709839 -0.9756760001182556 -0.05574528127908707
vn -0.2120112180709839 -0.9756760001182556 -0.05574528127908707
vn -0.21221913397312164 -0.976632833480835 -0.03393107280135155
vn -0.21221913397312164 -0.976632833480835 -0.03393107280135155
vn -0.2122994065284729 -0.9770022630691528 -0.01988837495446205
vn -0.2122994065284729 -0.9770022630691528 -0.01988837495446205
vn -0.21233825385570526 -0.977181077003479 -0.0054427036084234715
vn -0.21233825385570526 -0.977181077003479 -0.0054427036084234715
vn -0.21233467757701874 -0.9771645665168762 0.007961706258356571
vn -0.21233467757701874 -0.9771645665168762 0.007961706258356571
vn -0.21229752898216248 -0.9769936203956604 0.020328275859355927
vn -0.21229752898216248 -0.9769936203956604 0.020328275859355927
vn -0.21215428411960602 -0.9763344526290894 0.041971758008003235
vn -0.21215428411960602 -0.9763344526290894 0.041971758008003235
vn -0.21196459233760834 -0.975461483001709 0.0595477856695652
vn -0.21196459233760834 -0.975461483001709 0.0595477856695652
vn -0.21177291870117188 -0.9745793342590332 0.07312534004449844
vn -0.21177291870117188 -0.9745793342590332 0.07312534004449844
vn -0.2116127908229828 -0.9738425016403198 0.08276977390050888
vn -0.2116127908229828 -0.9738425016403198 0.08276977390050888
vn -0.21147099137306213 -0.9731898903846741 0.0904512032866478
vn -0.21147099137306213 -0.9731898903846741 0.0904512032866478
vn -0.21233876049518585 -0.9771834015846252 0.0049873096868395805
vn 0.5141397714614868 0.8576919436454773 0.0049873096868395805
vn 0.5141397714614868 0.8576919436454773 0.0049873096868395805
vn 0.514114260673523 0.8576494455337524 -0.011134538799524307
vn 0.514114260673523 0.8576494455337524 -0.011134538799524307
vn 0.5139750838279724 0.8574172258377075 -0.025794334709644318
vn 0.5139750838279724 0.8574172258377075 -0.025794334709644318
vn 0.513762891292572 0.8570631742477417 -0.038605477660894394
vn 0.513762891292572 0.8570631742477417 -0.038605477660894394
vn 0.5132670998573303 0.8562361001968384 -0.05845191702246666
vn 0.5132670998573303 0.8562361001968384 -0.05845191702246666
vn 0.5128740668296814 0.8555804491043091 -0.07030192017555237
vn 0.5128740668296814 0.8555804491043091 -0.07030192017555237
vn 0.5129181146621704 0.8556540012359619 -0.06907422840595245
vn 0.5129181146621704 0.8556540012359619 -0.06907422840595245
vn 0.5133466720581055 0.856368899345398 -0.05574528127908707
vn 0.5133466720581055 0.856368899345398 -0.05574528127908707
vn 0.5138500928878784 0.8572087287902832 -0.03393107280135155
vn 0.5138500928878784 0.8572087287902832 -0.03393107280135155
vn 0.514044463634491 0.8575329184532166 -0.01988837495446205
vn 0.514044463634491 0.8575329184532166 -0.01988837495446205
vn 0.5141385197639465 0.8576898574829102 -0.0054427036084234715
vn 0.5141298770904541 0.8576753735542297 0.007961706258356571
vn 0.5141385197639465 0.8576898574829102 -0.0054427036084234715
vn 0.514039933681488 0.8575253486633301 0.020328275859355927
vn 0.5141298770904541 0.8576753735542297 0.007961706258356571
vn 0.51369309425354 0.8569467663764954 0.041971758008003235
vn 0.514039933681488 0.8575253486633301 0.020328275859355927
vn 0.5132337808609009 0.8561805486679077 0.0595477856695652
vn 0.51369309425354 0.8569467663764954 0.041971758008003235
vn 0.5127696394920349 0.8554062843322754 0.07312534004449844
vn 0.5132337808609009 0.8561805486679077 0.0595477856695652
vn 0.5123819708824158 0.8547595739364624 0.08276977390050888
vn 0.5127696394920349 0.8554062843322754 0.07312534004449844
vn 0.5120385885238647 0.8541867733001709 0.0904512032866478
vn 0.5123819708824158 0.8547595739364624 0.08276977390050888
vn 0.5120385885238647 0.8541867733001709 0.0904512032866478
vn -0.15056191384792328 -0.9885879755020142 0.0049873096868395805
vn -0.15055444836616516 -0.9885390400886536 -0.011134538799524307
vn -0.15055444836616516 -0.9885390400886536 -0.011134538799524307
vn -0.1505136787891388 -0.9882713556289673 -0.025794334709644318
vn -0.1505136787891388 -0.9882713556289673 -0.025794334709644318
vn -0.15045154094696045 -0.987863302230835 -0.038605477660894394
vn -0.15045154094696045 -0.987863302230835 -0.038605477660894394
vn -0.1503063440322876 -0.9869099855422974 -0.05845191702246666
vn -0.1503063440322876 -0.9869099855422974 -0.05845191702246666
vn -0.15019124746322632 -0.9861542582511902 -0.07030192017555237
vn -0.15019124746322632 -0.9861542582511902 -0.07030192017555237
vn -0.15020416676998138 -0.9862390756607056 -0.06907422840595245
vn -0.15020416676998138 -0.9862390756607056 -0.06907422840595245
vn -0.15032964944839478 -0.9870630502700806 -0.05574528127908707
vn -0.15032964944839478 -0.9870630502700806 -0.05574528127908707
vn -0.1504770815372467 -0.9880310297012329 -0.03393107280135155
vn -0.1504770815372467 -0.9880310297012329 -0.03393107280135155
vn -0.1505340039730072 -0.9884047508239746 -0.01988837495446205
vn -0.1505340039730072 -0.9884047508239746 -0.01988837495446205
vn -0.15056155622005463 -0.9885856509208679 -0.0054427036084234715
vn -0.15056155622005463 -0.9885856509208679 -0.0054427036084234715
vn -0.15055900812149048 -0.9885689616203308 0.007961706258356571
vn -0.15055900812149048 -0.9885689616203308 0.007961706258356571
vn -0.15053266286849976 -0.9883959889411926 0.020328275859355927
vn -0.15053266286849976 -0.9883959889411926 0.020328275859355927
vn -0.1504310965538025 -0.9877291321754456 0.041971758008003235
vn -0.1504310965538025 -0.9877291321754456 0.041971758008003235
vn -0.15029659867286682 -0.9868459701538086 0.0595477856695652
vn -0.15029659867286682 -0.9868459701538086 0.0595477856695652
vn -0.15016068518161774 -0.9859535694122314 0.07312534004449844
vn -0.15016068518161774 -0.9859535694122314 0.07312534004449844
vn -0.1500471532344818 -0.9852080941200256 0.08276977390050888
vn -0.1500471532344818 -0.9852080941200256 0.08276977390050888
vn -0.14994660019874573 -0.9845479130744934 0.0904512032866478
vn -0.14994660019874573 -0.9845479130744934 0.0904512032866478
vn -0.15056191384792328 -0.9885879755020142 0.0049873096868395805
vn 0.45927029848098755 0.8882825374603271 0.0049873096868395805
vn 0.45927029848098755 0.8882825374603271 0.0049873096868395805
vn 0.45924755930900574 0.8882385492324829 -0.011134538799524307
vn 0.45924755930900574 0.8882385492324829 -0.011134538799524307
vn 0.4591231942176819 0.8879980444908142 -0.025794334709644318
vn 0.4591231942176819 0.8879980444908142 -0.025794334709644318
vn 0.45893365144729614 0.8876314163208008 -0.038605477660894394
vn 0.45893365144729614 0.8876314163208008 -0.038605477660894394
vn 0.4584907591342926 0.8867748379707336 -0.05845191702246666
vn 0.4584907591342926 0.8867748379707336 -0.05845191702246666
vn 0.45813965797424316 0.8860957622528076 -0.07030192017555237
vn 0.45813965797424316 0.8860957622528076 -0.07030192017555237
vn 0.4581790566444397 0.8861719369888306 -0.06907422840595245
vn 0.4581790566444397 0.8861719369888306 -0.06907422840595245
vn 0.45856186747550964 0.8869123458862305 -0.05574528127908707
vn 0.45856186747550964 0.8869123458862305 -0.05574528127908707
vn 0.4590115547180176 0.887782096862793 -0.03393107280135155
vn 0.4590115547180176 0.887782096862793 -0.03393107280135155
vn 0.4591851830482483 0.8881179094314575 -0.01988837495446205
vn 0.4591851830482483 0.8881179094314575 -0.01988837495446205
vn 0.4592692255973816 0.88828045129776 -0.0054427036084234715
vn 0.4592614769935608 0.8882654309272766 0.007961706258356571
vn 0.4592692255973816 0.88828045129776 -0.0054427036084234715
vn 0.4591811001300812 0.8881100416183472 0.020328275859355927
vn 0.4592614769935608 0.8882654309272766 0.007961706258356571
vn 0.4588713049888611 0.8875108361244202 0.041971758008003235
vn 0.4591811001300812 0.8881100416183472 0.020328275859355927
vn 0.4584610164165497 0.8867173194885254 0.0595477856695652
vn 0.4588713049888611 0.8875108361244202 0.041971758008003235
vn 0.45804643630981445 0.8859154582023621 0.07312534004449844
vn 0.4584610164165497 0.8867173194885254 0.0595477856695652
vn 0.45770010352134705 0.8852456212043762 0.08276977390050888
vn 0.45804643630981445 0.8859154582023621 0.07312534004449844
vn 0.4573934078216553 0.8846523761749268 0.0904512032866478
vn 0.45770010352134705 0.8852456212043762 0.08276977390050888
vn 0.4573934078216553 0.8846523761749268 0.0904512032866478
vn -0.08819085359573364 -0.9960911273956299 0.0049873096868395805
vn -0.08818648010492325 -0.9960417747497559 -0.011134538799524307
vn -0.08818648010492325 -0.9960417747497559 -0.011134538799524307
vn -0.0881626084446907 -0.9957720637321472 -0.025794334709644318
vn -0.0881626084446907 -0.9957720637321472 -0.025794334709644318
vn -0.08812620490789413 -0.9953609108924866 -0.038605477660894394
vn -0.08812620490789413 -0.9953609108924866 -0.038605477660894394
vn -0.08804116398096085 -0.9944003820419312 -0.05845191702246666
vn -0.08804116398096085 -0.9944003820419312 -0.05845191702246666
vn -0.08797374367713928 -0.9936388731002808 -0.07030192017555237
vn -0.08797374367713928 -0.9936388731002808 -0.07030192017555237
vn -0.08798130601644516 -0.9937243461608887 -0.06907422840595245
vn -0.08798130601644516 -0.9937243461608887 -0.06907422840595245
vn -0.08805481344461441 -0.9945545792579651 -0.05574528127908707
vn -0.08805481344461441 -0.9945545792579651 -0.05574528127908707
vn -0.08814116567373276 -0.9955298900604248 -0.03393107280135155
vn -0.08814116567373276 -0.9955298900604248 -0.03393107280135155
vn -0.08817450702190399 -0.9959064722061157 -0.01988837495446205
vn -0.08817450702190399 -0.9959064722061157 -0.01988837495446205
vn -0.08819064497947693 -0.9960887432098389 -0.0054427036084234715
vn -0.08819064497947693 -0.9960887432098389 -0.0054427036084234715
vn -0.08818915486335754 -0.9960719347000122 0.007961706258356571
vn -0.08818915486335754 -0.9960719347000122 0.007961706258356571
vn -0.08817372471094131 -0.995897650718689 0.020328275859355927
vn -0.08817372471094131 -0.995897650718689 0.020328275859355927
vn -0.08811423182487488 -0.995225727558136 0.041971758008003235
vn -0.08811423182487488 -0.995225727558136 0.041971758008003235
vn -0.088035449385643 -0.9943358898162842 0.0595477856695652
vn -0.088035449385643 -0.9943358898162842 0.0595477856695652
vn -0.08795583993196487 -0.9934366941452026 0.07312534004449844
vn -0.08795583993196487 -0.9934366941452026 0.07312534004449844
vn -0.08788933604955673 -0.9926855564117432 0.08276977390050888
vn -0.08788933604955673 -0.9926855564117432 0.08276977390050888
vn -0.08783043920993805 -0.9920203685760498 0.0904512032866478
vn -0.08783043920993805 -0.9920203685760498 0.0904512032866478
vn -0.08819085359573364 -0.9960911273956299 0.0049873096868395805
vn 0.4025883078575134 0.9153675436973572 0.0049873096868395805
vn 0.4025883078575134 0.9153675436973572 0.0049873096868395805
vn 0.40256837010383606 0.9153221845626831 -0.011134538799524307
vn 0.40256837010383606 0.9153221845626831 -0.011134538799524307
vn 0.40245938301086426 0.915074348449707 -0.025794334709644318
vn 0.40245938301086426 0.915074348449707 -0.025794334709644318
vn 0.40229320526123047 0.9146965742111206 -0.038605477660894394
vn 0.40229320526123047 0.9146965742111206 -0.038605477660894394
vn 0.40190497040748596 0.9138138294219971 -0.05845191702246666
vn 0.40190497040748596 0.9138138294219971 -0.05845191702246666
vn 0.40159720182418823 0.913114070892334 -0.07030192017555237
vn 0.40159720182418823 0.913114070892334 -0.07030192017555237
vn 0.40163174271583557 0.9131925702095032 -0.06907422840595245
vn 0.40163174271583557 0.9131925702095032 -0.06907422840595245
vn 0.401967316865921 0.913955569267273 -0.05574528127908707
vn 0.401967316865921 0.913955569267273 -0.05574528127908707
vn 0.40236151218414307 0.9148518443107605 -0.03393107280135155
vn 0.40236151218414307 0.9148518443107605 -0.03393107280135155
vn 0.40251368284225464 0.9151979088783264 -0.01988837495446205
vn 0.40251368284225464 0.9151979088783264 -0.01988837495446205
vn 0.402587354183197 0.9153653979301453 -0.0054427036084234715
vn 0.4025805592536926 0.9153499603271484 0.007961706258356571
vn 0.402587354183197 0.9153653979301453 -0.0054427036084234715
vn 0.4025101363658905 0.915189802646637 0.020328275859355927
vn 0.4025805592536926 0.9153499603271484 0.007961706258356571
vn 0.40223854780197144 0.9145722985267639 0.041971758008003235
vn 0.4025101363658905 0.915189802646637 0.020328275859355927
vn 0.40187889337539673 0.9137545824050903 0.0595477856695652
vn 0.40223854780197144 0.9145722985267639 0.041971758008003235
vn 0.40151548385620117 0.9129282832145691 0.07312534004449844
vn 0.40187889337539673 0.9137545824050903 0.0595477856695652
vn 0.4012119174003601 0.9122380018234253 0.08276977390050888
vn 0.40151548385620117 0.9129282832145691 0.07312534004449844
vn 0.4009430408477783 0.9116266965866089 0.0904512032866478
vn 0.4012119174003601 0.9122380018234253 0.08276977390050888
vn 0.4009430408477783 0.9116266965866089 0.0904512032866478
vn -0.025471750646829605 -0.9996631145477295 0.0049873096868395805
vn -0.025470487773418427 -0.9996135830879211 -0.011134538799524307
vn -0.025470487773418427 -0.9996135830879211 -0.011134538799524307
vn -0.025463592261075974 -0.9993429183959961 -0.025794334709644318
vn -0.025463592261075974 -0.9993429183959961 -0.025794334709644318
vn -0.025453077629208565 -0.9989303350448608 -0.038605477660894394
vn -0.025453077629208565 -0.9989303350448608 -0.038605477660894394
vn -0.025428514927625656 -0.9979662895202637 -0.05845191702246666
vn -0.025428514927625656 -0.9979662895202637 -0.05845191702246666
vn -0.025409042835235596 -0.9972020983695984 -0.07030192017555237
vn -0.025409042835235596 -0.9972020983695984 -0.07030192017555237
vn -0.025411227717995644 -0.9972878098487854 -0.06907422840595245
vn -0.025411227717995644 -0.9972878098487854 -0.06907422840595245
vn -0.025432458147406578 -0.9981210827827454 -0.05574528127908707
vn -0.025432458147406578 -0.9981210827827454 -0.05574528127908707
vn -0.02545739896595478 -0.9990999102592468 -0.03393107280135155
vn -0.02545739896595478 -0.9990999102592468 -0.03393107280135155
vn -0.025467028841376305 -0.9994778037071228 -0.01988837495446205
vn -0.025467028841376305 -0.9994778037071228 -0.01988837495446205
vn -0.02547168917953968 -0.9996607303619385 -0.0054427036084234715
vn -0.02547168917953968 -0.9996607303619385 -0.0054427036084234715
vn -0.025471258908510208 -0.999643862247467 0.007961706258356571
vn -0.025471258908510208 -0.999643862247467 0.007961706258356571
vn -0.025466803461313248 -0.999468982219696 0.020328275859355927
vn -0.025466803461313248 -0.999468982219696 0.020328275859355927
vn -0.025449620559811592 -0.9987946152687073 0.041971758008003235
vn -0.025449620559811592 -0.9987946152687073 0.041971758008003235
vn -0.025426864624023438 -0.9979015588760376 0.0595477856695652
vn -0.025426864624023438 -0.9979015588760376 0.0595477856695652
vn -0.02540387213230133 -0.9969991445541382 0.07312534004449844
vn -0.02540387213230133 -0.9969991445541382 0.07312534004449844
vn -0.02538466453552246 -0.9962453246116638 0.08276977390050888
vn -0.02538466453552246 -0.9962453246116638 0.08276977390050888
vn -0.025367652997374535 -0.9955777525901794 0.0904512032866478
vn -0.025367652997374535 -0.9955777525901794 0.0904512032866478
vn -0.025471750646829605 -0.9996631145477295 0.0049873096868395805
vn 0.3443174958229065 0.9388400316238403 0.0049873096868395805
vn 0.3443174958229065 0.9388400316238403 0.0049873096868395805
vn 0.34430044889450073 0.9387934803962708 -0.011134538799524307
vn 0.34430044889450073 0.9387934803962708 -0.011134538799524307
vn 0.344207227230072 0.9385393261909485 -0.025794334709644318
vn 0.344207227230072 0.9385393261909485 -0.025794334709644318
vn 0.3440650999546051 0.9381518363952637 -0.038605477660894394
vn 0.3440650999546051 0.9381518363952637 -0.038605477660894394
vn 0.3437330722808838 0.9372465014457703 -0.05845191702246666
vn 0.3437330722808838 0.9372465014457703 -0.05845191702246666
vn 0.34346985816955566 0.936528742313385 -0.07030192017555237
vn 0.34346985816955566 0.936528742313385 -0.07030192017555237
vn 0.3434993624687195 0.9366092681884766 -0.06907422840595245
vn 0.3434993624687195 0.9366092681884766 -0.06907422840595245
vn 0.343786358833313 0.9373918175697327 -0.05574528127908707
vn 0.343786358833313 0.9373918175697327 -0.05574528127908707
vn 0.344123512506485 0.9383111000061035 -0.03393107280135155
vn 0.344123512506485 0.9383111000061035 -0.03393107280135155
vn 0.34425368905067444 0.9386659860610962 -0.01988837495446205
vn 0.34425368905067444 0.9386659860610962 -0.01988837495446205
vn 0.344316691160202 0.9388377666473389 -0.0054427036084234715
vn 0.3443108797073364 0.9388219714164734 0.007961706258356571
vn 0.344316691160202 0.9388377666473389 -0.0054427036084234715
vn 0.3442506194114685 0.9386577010154724 0.020328275859355927
vn 0.3443108797073364 0.9388219714164734 0.007961706258356571
vn 0.3440183699131012 0.9380244016647339 0.041971758008003235
vn 0.3442506194114685 0.9386577010154724 0.020328275859355927
vn 0.3437107801437378 0.9371856451034546 0.0595477856695652
vn 0.3440183699131012 0.9380244016647339 0.041971758008003235
vn 0.34339994192123413 0.9363381862640381 0.07312534004449844
vn 0.3437107801437378 0.9371856451034546 0.0595477856695652
vn 0.34314030408859253 0.935630202293396 0.08276977390050888
vn 0.34339994192123413 0.9363381862640381 0.07312534004449844
vn 0.34291037917137146 0.9350032210350037 0.0904512032866478
vn 0.34314030408859253 0.935630202293396 0.08276977390050888
vn 0.34291037917137146 0.9350032210350037 0.0904512032866478
vn 0.03734787926077843 -0.999289870262146 0.0049873096868395805
vn 0.03734602779150009 -0.9992403388023376 -0.011134538799524307
vn 0.03734602779150009 -0.9992403388023376 -0.011134538799524307
vn 0.037335917353630066 -0.9989697933197021 -0.025794334709644318
vn 0.037335917353630066 -0.9989697933197021 -0.025794334709644318
vn 0.03732050210237503 -0.9985573291778564 -0.038605477660894394
vn 0.03732050210237503 -0.9985573291778564 -0.038605477660894394
vn 0.0372844859957695 -0.9975937008857727 -0.05845191702246666
vn 0.0372844859957695 -0.9975937008857727 -0.05845191702246666
vn 0.03725593537092209 -0.9968298077583313 -0.07030192017555237
vn 0.03725593537092209 -0.9968298077583313 -0.07030192017555237
vn 0.03725913539528847 -0.9969155192375183 -0.06907422840595245
vn 0.03725913539528847 -0.9969155192375183 -0.06907422840595245
vn 0.037290267646312714 -0.9977484345436096 -0.05574528127908707
vn 0.037290267646312714 -0.9977484345436096 -0.05574528127908707
vn 0.037326835095882416 -0.9987269043922424 -0.03393107280135155
vn 0.037326835095882416 -0.9987269043922424 -0.03393107280135155
vn 0.037340953946113586 -0.9991046786308289 -0.01988837495446205
vn 0.037340953946113586 -0.9991046786308289 -0.01988837495446205
vn 0.037347789853811264 -0.999287486076355 -0.0054427036084234715
vn 0.037347789853811264 -0.999287486076355 -0.0054427036084234715
vn 0.037347160279750824 -0.9992706179618835 0.007961706258356571
vn 0.037347160279750824 -0.9992706179618835 0.007961706258356571
vn 0.03734062612056732 -0.9990957975387573 0.020328275859355927
vn 0.03734062612056732 -0.9990957975387573 0.020328275859355927
vn 0.037315431982278824 -0.9984217286109924 0.041971758008003235
vn 0.037315431982278824 -0.9984217286109924 0.041971758008003235
vn 0.0372820682823658 -0.9975290298461914 0.0595477856695652
vn 0.0372820682823658 -0.9975290298461914 0.0595477856695652
vn 0.03724835067987442 -0.9966269135475159 0.07312534004449844
vn 0.03724835067987442 -0.9966269135475159 0.07312534004449844
vn 0.03722018748521805 -0.9958733916282654 0.08276977390050888
vn 0.03722018748521805 -0.9958733916282654 0.08276977390050888
vn 0.037195246666669846 -0.9952060580253601 0.0904512032866478
vn 0.037195246666669846 -0.9952060580253601 0.0904512032866478
vn 0.03734787926077843 -0.999289870262146 0.0049873096868395805
vn 0.2846878170967102 0.9586073160171509 0.0049873096868395805
vn 0.2846878170967102 0.9586073160171509 0.0049873096868395805
vn 0.2846737205982208 0.9585598111152649 -0.011134538799524307
vn 0.2846737205982208 0.9585598111152649 -0.011134538799524307
vn 0.28459662199020386 0.9583002924919128 -0.025794334709644318
vn 0.28459662199020386 0.9583002924919128 -0.025794334709644318
vn 0.2844791114330292 0.9579046368598938 -0.038605477660894394
vn 0.2844791114330292 0.9579046368598938 -0.038605477660894394
vn 0.2842046022415161 0.9569802284240723 -0.05845191702246666
vn 0.2842046022415161 0.9569802284240723 -0.05845191702246666
vn 0.2839869558811188 0.9562473893165588 -0.07030192017555237
vn 0.2839869558811188 0.9562473893165588 -0.07030192017555237
vn 0.2840113639831543 0.9563295841217041 -0.06907422840595245
vn 0.2840113639831543 0.9563295841217041 -0.06907422840595245
vn 0.2842486798763275 0.9571285843849182 -0.05574528127908707
vn 0.2842486798763275 0.9571285843849182 -0.05574528127908707
vn 0.28452742099761963 0.9580672383308411 -0.03393107280135155
vn 0.28452742099761963 0.9580672383308411 -0.03393107280135155
vn 0.2846350371837616 0.9584296345710754 -0.01988837495446205
vn 0.2846350371837616 0.9584296345710754 -0.01988837495446205
vn 0.2846871316432953 0.9586050510406494 -0.0054427036084234715
vn 0.28468233346939087 0.9585888385772705 0.007961706258356571
vn 0.2846871316432953 0.9586050510406494 -0.0054427036084234715
vn 0.28463253378868103 0.9584211707115173 0.020328275859355927
vn 0.28468233346939087 0.9585888385772705 0.007961706258356571
vn 0.2844404876232147 0.9577745199203491 0.041971758008003235
vn 0.28463253378868103 0.9584211707115173 0.020328275859355927
vn 0.28418615460395813 0.9569181203842163 0.0595477856695652
vn 0.2844404876232147 0.9577745199203491 0.041971758008003235
vn 0.28392916917800903 0.9560527801513672 0.07312534004449844
vn 0.28418615460395813 0.9569181203842163 0.0595477856695652
vn 0.28371450304985046 0.9553298950195312 0.08276977390050888
vn 0.28392916917800903 0.9560527801513672 0.07312534004449844
vn 0.28352436423301697 0.9546897411346436 0.0904512032866478
vn 0.28371450304985046 0.9553298950195312 0.08276977390050888
vn 0.28352436423301697 0.9546897411346436 0.0904512032866478
vn 0.10002011060714722 -0.9949729442596436 0.0049873096868395805
vn 0.10001515597105026 -0.9949235916137695 -0.011134538799524307
vn 0.10001515597105026 -0.9949235916137695 -0.011134538799524307
vn 0.09998807311058044 -0.9946542382240295 -0.025794334709644318
vn 0.09998807311058044 -0.9946542382240295 -0.025794334709644318
vn 0.09994678944349289 -0.9942435622215271 -0.038605477660894394
vn 0.09994678944349289 -0.9942435622215271 -0.038605477660894394
vn 0.09985034167766571 -0.9932841062545776 -0.05845191702246666
vn 0.09985034167766571 -0.9932841062545776 -0.05845191702246666
vn 0.09977387636899948 -0.9925234317779541 -0.07030192017555237
vn 0.09977387636899948 -0.9925234317779541 -0.07030192017555237
vn 0.09978245943784714 -0.9926087856292725 -0.06907422840595245
vn 0.09978245943784714 -0.9926087856292725 -0.06907422840595245
vn 0.09986582398414612 -0.9934381246566772 -0.05574528127908707
vn 0.09986582398414612 -0.9934381246566772 -0.05574528127908707
vn 0.09996376186609268 -0.994412362575531 -0.03393107280135155
vn 0.09996376186609268 -0.994412362575531 -0.03393107280135155
vn 0.10000157356262207 -0.9947884678840637 -0.01988837495446205
vn 0.10000157356262207 -0.9947884678840637 -0.01988837495446205
vn 0.10001987218856812 -0.9949705600738525 -0.0054427036084234715
vn 0.10001987218856812 -0.9949705600738525 -0.0054427036084234715
vn 0.10001818835735321 -0.9949537515640259 0.007961706258356571
vn 0.10001818835735321 -0.9949537515640259 0.007961706258356571
vn 0.10000068694353104 -0.9947797060012817 0.020328275859355927
vn 0.10000068694353104 -0.9947797060012817 0.020328275859355927
vn 0.0999332144856453 -0.9941084980964661 0.041971758008003235
vn 0.0999332144856453 -0.9941084980964661 0.041971758008003235
vn 0.09984385967254639 -0.9932196736335754 0.0595477856695652
vn 0.09984385967254639 -0.9932196736335754 0.0595477856695652
vn 0.09975357353687286 -0.9923214912414551 0.07312534004449844
vn 0.09975357353687286 -0.9923214912414551 0.07312534004449844
vn 0.0996781513094902 -0.9915711879730225 0.08276977390050888
vn 0.0996781513094902 -0.9915711879730225 0.08276977390050888
vn 0.09961135685443878 -0.9909067153930664 0.0904512032866478
vn 0.09961135685443878 -0.9909067153930664 0.0904512032866478
vn 0.10002011060714722 -0.9949729442596436 0.0049873096868395805
vn 0.2239345908164978 0.9745914340019226 0.0049873096868395805
vn 0.2239345908164978 0.9745914340019226 0.0049873096868395805
vn 0.22392350435256958 0.9745430946350098 -0.011134538799524307
vn 0.22392350435256958 0.9745430946350098 -0.011134538799524307
vn 0.22386287152767181 0.9742792844772339 -0.025794334709644318
vn 0.22386287152767181 0.9742792844772339 -0.025794334709644318
vn 0.22377043962478638 0.9738770127296448 -0.038605477660894394
vn 0.22377043962478638 0.9738770127296448 -0.038605477660894394
vn 0.22355449199676514 0.9729371666908264 -0.05845191702246666
vn 0.22355449199676514 0.9729371666908264 -0.05845191702246666
vn 0.22338330745697021 0.972192108631134 -0.07030192017555237
vn 0.22338330745697021 0.972192108631134 -0.07030192017555237
vn 0.22340251505374908 0.9722757339477539 -0.06907422840595245
vn 0.22340251505374908 0.9722757339477539 -0.06907422840595245
vn 0.22358916699886322 0.9730880260467529 -0.05574528127908707
vn 0.22358916699886322 0.9730880260467529 -0.05574528127908707
vn 0.2238084375858307 0.9740423560142517 -0.03393107280135155
vn 0.2238084375858307 0.9740423560142517 -0.03393107280135155
vn 0.22389309108257294 0.9744107723236084 -0.01988837495446205
vn 0.22389309108257294 0.9744107723236084 -0.01988837495446205
vn 0.22393406927585602 0.9745891094207764 -0.0054427036084234715
vn 0.22393028438091278 0.9745726585388184 0.007961706258356571
vn 0.22393406927585602 0.9745891094207764 -0.0054427036084234715
vn 0.22389110922813416 0.974402129650116 0.020328275859355927
vn 0.22393028438091278 0.9745726585388184 0.007961706258356571
vn 0.22374004125595093 0.9737446904182434 0.041971758008003235
vn 0.22389110922813416 0.974402129650116 0.020328275859355927
vn 0.22353999316692352 0.9728740453720093 0.0595477856695652
vn 0.22374004125595093 0.9737446904182434 0.041971758008003235
vn 0.22333784401416779 0.9719942808151245 0.07312534004449844
vn 0.22353999316692352 0.9728740453720093 0.0595477856695652
vn 0.2231689840555191 0.971259355545044 0.08276977390050888
vn 0.22333784401416779 0.9719942808151245 0.07312534004449844
vn 0.22301943600177765 0.9706085324287415 0.0904512032866478
vn 0.2231689840555191 0.971259355545044 0.08276977390050888
vn 0.22301943600177765 0.9706085324287415 0.0904512032866478
vn 0.16229760646820068 -0.9867292642593384 0.0049873096868395805
vn 0.1622895747423172 -0.9866803288459778 -0.011134538799524307
vn 0.1622895747423172 -0.9866803288459778 -0.011134538799524307
vn 0.16224563121795654 -0.9864131808280945 -0.025794334709644318
vn 0.16224563121795654 -0.9864131808280945 -0.025794334709644318
vn 0.162178635597229 -0.986005961894989 -0.038605477660894394
vn 0.162178635597229 -0.986005961894989 -0.038605477660894394
vn 0.16202212870121002 -0.9850544333457947 -0.05845191702246666
vn 0.16202212870121002 -0.9850544333457947 -0.05845191702246666
vn 0.16189806163311005 -0.9843000769615173 -0.07030192017555237
vn 0.16189806163311005 -0.9843000769615173 -0.07030192017555237
vn 0.1619119793176651 -0.9843847155570984 -0.06907422840595245
vn 0.1619119793176651 -0.9843847155570984 -0.06907422840595245
vn 0.16204725205898285 -0.9852071404457092 -0.05574528127908707
vn 0.16204725205898285 -0.9852071404457092 -0.05574528127908707
vn 0.16220617294311523 -0.9861733317375183 -0.03393107280135155
vn 0.16220617294311523 -0.9861733317375183 -0.03393107280135155
vn 0.1622675210237503 -0.9865463376045227 -0.01988837495446205
vn 0.1622675210237503 -0.9865463376045227 -0.01988837495446205
vn 0.16229721903800964 -0.9867268800735474 -0.0054427036084234715
vn 0.16229721903800964 -0.9867268800735474 -0.0054427036084234715
vn 0.16229449212551117 -0.986710250377655 0.007961706258356571
vn 0.16229449212551117 -0.986710250377655 0.007961706258356571
vn 0.1622660905122757 -0.9865376353263855 0.020328275859355927
vn 0.1622660905122757 -0.9865376353263855 0.020328275859355927
vn 0.1621566116809845 -0.9858720302581787 0.041971758008003235
vn 0.1621566116809845 -0.9858720302581787 0.041971758008003235
vn 0.16201162338256836 -0.9849904775619507 0.0595477856695652
vn 0.16201162338256836 -0.9849904775619507 0.0595477856695652
vn 0.16186511516571045 -0.984099805355072 0.07312534004449844
vn 0.16186511516571045 -0.984099805355072 0.07312534004449844
vn 0.16174273192882538 -0.983355700969696 0.08276977390050888
vn 0.16174273192882538 -0.983355700969696 0.08276977390050888
vn 0.16163434088230133 -0.9826967716217041 0.0904512032866478
vn 0.16163434088230133 -0.9826967716217041 0.0904512032866478
vn 0.16229760646820068 -0.9867292642593384 0.0049873096868395805
vn 0.16229760646820068 0.9867292642593384 0.0049873096868395805
vn 0.16229760646820068 0.9867292642593384 0.0049873096868395805
vn 0.1622895747423172 0.9866803288459778 -0.011134538799524307
vn 0.1622895747423172 0.9866803288459778 -0.011134538799524307
vn 0.16224563121795654 0.9864131808280945 -0.025794334709644318
vn 0.16224563121795654 0.9864131808280945 -0.025794334709644318
vn 0.162178635597229 0.986005961894989 -0.038605477660894394
vn 0.162178635597229 0.986005961894989 -0.038605477660894394
vn 0.16202212870121002 0.9850544333457947 -0.05845191702246666
vn 0.16202212870121002 0.9850544333457947 -0.05845191702246666
vn 0.16189806163311005 0.9843000769615173 -0.07030192017555237
vn 0.16189806163311005 0.9843000769615173 -0.07030192017555237
vn 0.1619119793176651 0.9843847155570984 -0.06907422840595245
vn 0.1619119793176651 0.9843847155570984 -0.06907422840595245
vn 0.16204725205898285 0.9852071404457092 -0.05574528127908707
vn 0.16204725205898285 0.9852071404457092 -0.05574528127908707
vn 0.16220617294311523 0.9861733317375183 -0.03393107280135155
vn 0.16220617294311523 0.9861733317375183 -0.03393107280135155
vn 0.1622675210237503 0.9865463376045227 -0.01988837495446205
vn 0.1622675210237503 0.9865463376045227 -0.01988837495446205
vn 0.16229721903800964 0.9867268800735474 -0.0054427036084234715
vn 0.16229449212551117 0.986710250377655 0.007961706258356571
vn 0.16229721903800964 0.9867268800735474 -0.0054427036084234715
vn 0.1622660905122757 0.9865376353263855 0.020328275859355927
vn 0.16229449212551117 0.986710250377655 0.007961706258356571
vn 0.1621566116809845 0.9858720302581787 0.041971758008003235
vn 0.1622660905122757 0.9865376353263855 0.020328275859355927
vn 0.16201162338256836 0.9849904775619507 0.0595477856695652
vn 0.1621566116809845 0.9858720302581787 0.041971758008003235
vn 0.16186511516571045 0.984099805355072 0.07312534004449844
vn 0.16201162338256836 0.9849904775619507 0.0595477856695652
vn 0.16174273192882538 0.983355700969696 0.08276977390050888
vn 0.16186511516571045 0.984099805355072 0.07312534004449844
vn 0.16163434088230133 0.9826967716217041 0.0904512032866478
vn 0.16174273192882538 0.983355700969696 0.08276977390050888
vn 0.16163434088230133 0.9826967716217041 0.0904512032866478
vn 0.2239345908164978 -0.9745914340019226 0.0049873096868395805
vn 0.22392350435256958 -0.9745430946350098 -0.011134538799524307
vn 0.22392350435256958 -0.9745430946350098 -0.011134538799524307
vn 0.22386287152767181 -0.9742792844772339 -0.025794334709644318
vn 0.22386287152767181 -0.9742792844772339 -0.025794334709644318
vn 0.22377043962478638 -0.9738770127296448 -0.038605477660894394
vn 0.22377043962478638 -0.9738770127296448 -0.038605477660894394
vn 0.22355449199676514 -0.9729371666908264 -0.05845191702246666
vn 0.22355449199676514 -0.9729371666908264 -0.05845191702246666
vn 0.22338330745697021 -0.972192108631134 -0.07030192017555237
vn 0.22338330745697021 -0.972192108631134 -0.07030192017555237
vn 0.22340251505374908 -0.9722757339477539 -0.06907422840595245
vn 0.22340251505374908 -0.9722757339477539 -0.06907422840595245
vn 0.22358916699886322 -0.9730880260467529 -0.05574528127908707
vn 0.22358916699886322 -0.9730880260467529 -0.05574528127908707
vn 0.2238084375858307 -0.9740423560142517 -0.03393107280135155
vn 0.2238084375858307 -0.9740423560142517 -0.03393107280135155
vn 0.22389309108257294 -0.9744107723236084 -0.01988837495446205
vn 0.22389309108257294 -0.9744107723236084 -0.01988837495446205
vn 0.22393406927585602 -0.9745891094207764 -0.0054427036084234715
vn 0.22393406927585602 -0.9745891094207764 -0.0054427036084234715
vn 0.22393028438091278 -0.9745726585388184 0.007961706258356571
vn 0.22393028438091278 -0.9745726585388184 0.007961706258356571
vn 0.22389110922813416 -0.974402129650116 0.020328275859355927
vn 0.22389110922813416 -0.974402129650116 0.020328275859355927
vn 0.22374004125595093 -0.9737446904182434 0.041971758008003235
vn 0.22374004125595093 -0.9737446904182434 0.041971758008003235
vn 0.22353999316692352 -0.9728740453720093 0.0595477856695652
vn 0.22353999316692352 -0.9728740453720093 0.0595477856695652
vn 0.22333784401416779 -0.9719942808151245 0.07312534004449844
vn 0.22333784401416779 -0.9719942808151245 0.07312534004449844
vn 0.2231689840555191 -0.971259355545044 0.08276977390050888
vn 0.2231689840555191 -0.971259355545044 0.08276977390050888
vn 0.22301943600177765 -0.9706085324287415 0.0904512032866478
vn 0.22301943600177765 -0.9706085324287415 0.0904512032866478
vn 0.2239345908164978 -0.9745914340019226 0.0049873096868395805
vn 0.10002011060714722 0.9949729442596436 0.0049873096868395805
vn 0.10002011060714722 0.9949729442596436 0.0049873096868395805
vn 0.10001515597105026 0.9949235916137695 -0.011134538799524307
vn 0.10001515597105026 0.9949235916137695 -0.011134538799524307
vn 0.09998807311058044 0.9946542382240295 -0.025794334709644318
vn 0.09998807311058044 0.9946542382240295 -0.025794334709644318
vn 0.09994678944349289 0.9942435622215271 -0.038605477660894394
vn 0.09994678944349289 0.9942435622215271 -0.038605477660894394
vn 0.09985034167766571 0.9932841062545776 -0.05845191702246666
vn 0.09985034167766571 0.9932841062545776 -0.05845191702246666
vn 0.09977387636899948 0.9925234317779541 -0.07030192017555237
vn 0.09977387636899948 0.9925234317779541 -0.07030192017555237
vn 0.09978245943784714 0.9926087856292725 -0.06907422840595245
vn 0.09978245943784714 0.9926087856292725 -0.06907422840595245
vn 0.09986582398414612 0.9934381246566772 -0.05574528127908707
vn 0.09986582398414612 0.9934381246566772 -0.05574528127908707
vn 0.09996376186609268 0.994412362575531 -0.03393107280135155
vn 0.09996376186609268 0.994412362575531 -0.03393107280135155
vn 0.10000157356262207 0.9947884678840637 -0.01988837495446205
vn 0.10000157356262207 0.9947884678840637 -0.01988837495446205
vn 0.10001987218856812 0.9949705600738525 -0.0054427036084234715
vn 0.10001818835735321 0.9949537515640259 0.007961706258356571
vn 0.10001987218856812 0.9949705600738525 -0.0054427036084234715
vn 0.10000068694353104 0.9947797060012817 0.020328275859355927
vn 0.10001818835735321 0.9949537515640259 0.007961706258356571
vn 0.0999332144856453 0.9941084980964661 0.041971758008003235
vn 0.10000068694353104 0.9947797060012817 0.020328275859355927
vn 0.09984385967254639 0.9932196736335754 0.0595477856695652
vn 0.0999332144856453 0.9941084980964661 0.041971758008003235
vn 0.09975357353687286 0.9923214912414551 0.07312534004449844
vn 0.09984385967254639 0.9932196736335754 0.0595477856695652
vn 0.0996781513094902 0.9915711879730225 0.08276977390050888
vn 0.09975357353687286 0.9923214912414551 0.07312534004449844
vn 0.09961135685443878 0.9909067153930664 0.0904512032866478
vn 0.0996781513094902 0.9915711879730225 0.08276977390050888
vn 0.09961135685443878 0.9909067153930664 0.0904512032866478
vn 0.2846878170967102 -0.9586073160171509 0.0049873096868395805
vn 0.2846737205982208 -0.9585598111152649 -0.011134538799524307
vn 0.2846737205982208 -0.9585598111152649 -0.011134538799524307
vn 0.28459662199020386 -0.9583002924919128 -0.025794334709644318
vn 0.28459662199020386 -0.9583002924919128 -0.025794334709644318
vn 0.2844791114330292 -0.9579046368598938 -0.038605477660894394
vn 0.2844791114330292 -0.9579046368598938 -0.038605477660894394
vn 0.2842046022415161 -0.9569802284240723 -0.05845191702246666
vn 0.2842046022415161 -0.9569802284240723 -0.05845191702246666
vn 0.2839869558811188 -0.9562473893165588 -0.07030192017555237
vn 0.2839869558811188 -0.9562473893165588 -0.07030192017555237
vn 0.2840113639831543 -0.9563295841217041 -0.06907422840595245
vn 0.2840113639831543 -0.9563295841217041 -0.06907422840595245
vn 0.2842486798763275 -0.9571285843849182 -0.05574528127908707
vn 0.2842486798763275 -0.9571285843849182 -0.05574528127908707
vn 0.28452742099761963 -0.9580672383308411 -0.03393107280135155
vn 0.28452742099761963 -0.9580672383308411 -0.03393107280135155
vn 0.2846350371837616 -0.9584296345710754 -0.01988837495446205
vn 0.2846350371837616 -0.9584296345710754 -0.01988837495446205
vn 0.2846871316432953 -0.9586050510406494 -0.0054427036084234715
vn 0.2846871316432953 -0.9586050510406494 -0.0054427036084234715
vn 0.28468233346939087 -0.9585888385772705 0.007961706258356571
vn 0.28468233346939087 -0.9585888385772705 0.007961706258356571
vn 0.28463253378868103 -0.9584211707115173 0.020328275859355927
vn 0.28463253378868103 -0.9584211707115173 0.020328275859355927
vn 0.2844404876232147 -0.9577745199203491 0.041971758008003235
vn 0.2844404876232147 -0.9577745199203491 0.041971758008003235
vn 0.28418615460395813 -0.9569181203842163 0.0595477856695652
vn 0.28418615460395813 -0.9569181203842163 0.0595477856695652
vn 0.28392916917800903 -0.9560527801513672 0.07312534004449844
vn 0.28392916917800903 -0.9560527801513672 0.07312534004449844
vn 0.28371450304985046 -0.9553298950195312 0.08276977390050888
vn 0.28371450304985046 -0.9553298950195312 0.08276977390050888
vn 0.28352436423301697 -0.9546897411346436 0.0904512032866478
vn 0.28352436423301697 -0.9546897411346436 0.0904512032866478
vn 0.2846878170967102 -0.9586073160171509 0.0049873096868395805
vn 0.03734787926077843 0.999289870262146 0.0049873096868395805
vn 0.03734787926077843 0.999289870262146 0.0049873096868395805
vn 0.03734602779150009 0.9992403388023376 -0.011134538799524307
vn 0.03734602779150009 0.9992403388023376 -0.011134538799524307
vn 0.037335917353630066 0.9989697933197021 -0.025794334709644318
vn 0.037335917353630066 0.9989697933197021 -0.025794334709644318
vn 0.03732050210237503 0.9985573291778564 -0.038605477660894394
vn 0.03732050210237503 0.9985573291778564 -0.038605477660894394
vn 0.0372844859957695 0.9975937008857727 -0.05845191702246666
vn 0.0372844859957695 0.9975937008857727 -0.05845191702246666
vn 0.03725593537092209 0.9968298077583313 -0.07030192017555237
vn 0.03725593537092209 0.9968298077583313 -0.07030192017555237
vn 0.03725913539528847 0.9969155192375183 -0.06907422840595245
vn 0.03725913539528847 0.9969155192375183 -0.06907422840595245
vn 0.037290267646312714 0.9977484345436096 -0.05574528127908707
vn 0.037290267646312714 0.9977484345436096 -0.05574528127908707
vn 0.037326835095882416 0.9987269043922424 -0.03393107280135155
vn 0.037326835095882416 0.9987269043922424 -0.03393107280135155
vn 0.037340953946113586 0.9991046786308289 -0.01988837495446205
vn 0.037340953946113586 0.9991046786308289 -0.01988837495446205
vn 0.037347789853811264 0.999287486076355 -0.0054427036084234715
vn 0.037347160279750824 0.9992706179618835 0.007961706258356571
vn 0.037347789853811264 0.999287486076355 -0.0054427036084234715
vn 0.03734062612056732 0.9990957975387573 0.020328275859355927
vn 0.037347160279750824 0.9992706179618835 0.007961706258356571
vn 0.037315431982278824 0.9984217286109924 0.041971758008003235
vn 0.03734062612056732 0.9990957975387573 0.020328275859355927
vn 0.0372820682823658 0.9975290298461914 0.0595477856695652
vn 0.037315431982278824 0.9984217286109924 0.041971758008003235
vn 0.03724835067987442 0.9966269135475159 0.07312534004449844
vn 0.0372820682823658 0.9975290298461914 0.0595477856695652
vn 0.03722018748521805 0.9958733916282654 0.08276977390050888
vn 0.03724835067987442 0.9966269135475159 0.07312534004449844
vn 0.037195246666669846 0.9952060580253601 0.0904512032866478
vn 0.03722018748521805 0.9958733916282654 0.08276977390050888
vn 0.037195246666669846 0.9952060580253601 0.0904512032866478
vn 0.3443174958229065 -0.9388400316238403 0.0049873096868395805
vn 0.34430044889450073 -0.9387934803962708 -0.011134538799524307
vn 0.34430044889450073 -0.9387934803962708 -0.011134538799524307
vn 0.344207227230072 -0.9385393261909485 -0.025794334709644318
vn 0.344207227230072 -0.9385393261909485 -0.025794334709644318
vn 0.3440650999546051 -0.9381518363952637 -0.038605477660894394
vn 0.3440650999546051 -0.9381518363952637 -0.038605477660894394
vn 0.3437330722808838 -0.9372465014457703 -0.05845191702246666
vn 0.3437330722808838 -0.9372465014457703 -0.05845191702246666
vn 0.34346985816955566 -0.936528742313385 -0.07030192017555237
vn 0.34346985816955566 -0.936528742313385 -0.07030192017555237
vn 0.3434993624687195 -0.9366092681884766 -0.06907422840595245
vn 0.3434993624687195 -0.9366092681884766 -0.06907422840595245
vn 0.343786358833313 -0.9373918175697327 -0.05574528127908707
vn 0.343786358833313 -0.9373918175697327 -0.05574528127908707
vn 0.344123512506485 -0.9383111000061035 -0.03393107280135155
vn 0.344123512506485 -0.9383111000061035 -0.03393107280135155
vn 0.34425368905067444 -0.9386659860610962 -0.01988837495446205
vn 0.34425368905067444 -0.9386659860610962 -0.01988837495446205
vn 0.344316691160202 -0.9388377666473389 -0.0054427036084234715
vn 0.344316691160202 -0.9388377666473389 -0.0054427036084234715
vn 0.3443108797073364 -0.9388219714164734 0.007961706258356571
vn 0.3443108797073364 -0.9388219714164734 0.007961706258356571
vn 0.3442506194114685 -0.9386577010154724 0.020328275859355927
vn 0.3442506194114685 -0.9386577010154724 0.020328275859355927
vn 0.3440183699131012 -0.9380244016647339 0.041971758008003235
vn 0.3440183699131012 -0.9380244016647339 0.041971758008003235
vn 0.3437107801437378 -0.9371856451034546 0.0595477856695652
vn 0.3437107801437378 -0.9371856451034546 0.0595477856695652
vn 0.34339994192123413 -0.9363381862640381 0.07312534004449844
vn 0.34339994192123413 -0.9363381862640381 0.07312534004449844
vn 0.34314030408859253 -0.935630202293396 0.08276977390050888
vn 0.34314030408859253 -0.935630202293396 0.08276977390050888
vn 0.34291037917137146 -0.9350032210350037 0.0904512032866478
vn 0.34291037917137146 -0.9350032210350037 0.0904512032866478
vn 0.3443174958229065 -0.9388400316238403 0.0049873096868395805
vn -0.025471750646829605 0.9996631145477295 0.0049873096868395805
vn -0.025471750646829605 0.9996631145477295 0.0049873096868395805
vn -0.025470487773418427 0.9996135830879211 -0.011134538799524307
vn -0.025470487773418427 0.9996135830879211 -0.011134538799524307
vn -0.025463592261075974 0.9993429183959961 -0.025794334709644318
vn -0.025463592261075974 0.9993429183959961 -0.025794334709644318
vn -0.025453077629208565 0.9989303350448608 -0.038605477660894394
vn -0.025453077629208565 0.9989303350448608 -0.038605477660894394
vn -0.025428514927625656 0.9979662895202637 -0.05845191702246666
vn -0.025428514927625656 0.9979662895202637 -0.05845191702246666
vn -0.025409042835235596 0.9972020983695984 -0.07030192017555237
vn -0.025409042835235596 0.9972020983695984 -0.07030192017555237
vn -0.025411227717995644 0.9972878098487854 -0.06907422840595245
vn -0.025411227717995644 0.9972878098487854 -0.06907422840595245
vn -0.025432458147406578 0.9981210827827454 -0.05574528127908707
vn -0.025432458147406578 0.9981210827827454 -0.05574528127908707
vn -0.02545739896595478 0.9990999102592468 -0.03393107280135155
vn -0.02545739896595478 0.9990999102592468 -0.03393107280135155
vn -0.025467028841376305 0.9994778037071228 -0.01988837495446205
vn -0.025467028841376305 0.9994778037071228 -0.01988837495446205
vn -0.02547168917953968 0.9996607303619385 -0.0054427036084234715
vn -0.025471258908510208 0.999643862247467 0.007961706258356571
vn -0.02547168917953968 0.9996607303619385 -0.0054427036084234715
vn -0.025466803461313248 0.999468982219696 0.020328275859355927
vn -0.025471258908510208 0.999643862247467 0.007961706258356571
vn -0.025449620559811592 0.9987946152687073 0.041971758008003235
vn -0.025466803461313248 0.999468982219696 0.020328275859355927
vn -0.025426864624023438 0.9979015588760376 0.0595477856695652
vn -0.025449620559811592 0.9987946152687073 0.041971758008003235
vn -0.02540387213230133 0.9969991445541382 0.07312534004449844
vn -0.025426864624023438 0.9979015588760376 0.0595477856695652
vn -0.02538466453552246 0.9962453246116638 0.08276977390050888
vn -0.02540387213230133 0.9969991445541382 0.07312534004449844
vn -0.025367652997374535 0.9955777525901794 0.0904512032866478
vn -0.02538466453552246 0.9962453246116638 0.08276977390050888
vn -0.025367652997374535 0.9955777525901794 0.0904512032866478
vn 0.4025883078575134 -0.9153675436973572 0.0049873096868395805
vn 0.40256837010383606 -0.9153221845626831 -0.011134538799524307
vn 0.40256837010383606 -0.9153221845626831 -0.011134538799524307
vn 0.40245938301086426 -0.915074348449707 -0.025794334709644318
vn 0.40245938301086426 -0.915074348449707 -0.025794334709644318
vn 0.40229320526123047 -0.9146965742111206 -0.038605477660894394
vn 0.40229320526123047 -0.9146965742111206 -0.038605477660894394
vn 0.40190497040748596 -0.9138138294219971 -0.05845191702246666
vn 0.40190497040748596 -0.9138138294219971 -0.05845191702246666
vn 0.40159720182418823 -0.913114070892334 -0.07030192017555237
vn 0.40159720182418823 -0.913114070892334 -0.07030192017555237
vn 0.40163174271583557 -0.9131925702095032 -0.06907422840595245
vn 0.40163174271583557 -0.9131925702095032 -0.06907422840595245
vn 0.401967316865921 -0.913955569267273 -0.05574528127908707
vn 0.401967316865921 -0.913955569267273 -0.05574528127908707
vn 0.40236151218414307 -0.9148518443107605 -0.03393107280135155
vn 0.40236151218414307 -0.9148518443107605 -0.03393107280135155
vn 0.40251368284225464 -0.9151979088783264 -0.01988837495446205
vn 0.40251368284225464 -0.9151979088783264 -0.01988837495446205
vn 0.402587354183197 -0.9153653979301453 -0.0054427036084234715
vn 0.402587354183197 -0.9153653979301453 -0.0054427036084234715
vn 0.4025805592536926 -0.9153499603271484 0.007961706258356571
vn 0.4025805592536926 -0.9153499603271484 0.007961706258356571
vn 0.4025101363658905 -0.915189802646637 0.020328275859355927
vn 0.4025101363658905 -0.915189802646637 0.020328275859355927
vn 0.40223854780197144 -0.9145722985267639 0.041971758008003235
vn 0.40223854780197144 -0.9145722985267639 0.041971758008003235
vn 0.40187889337539673 -0.9137545824050903 0.0595477856695652
vn 0.40187889337539673 -0.9137545824050903 0.0595477856695652
vn 0.40151548385620117 -0.9129282832145691 0.07312534004449844
vn 0.40151548385620117 -0.9129282832145691 0.07312534004449844
vn 0.4012119174003601 -0.9122380018234253 0.08276977390050888
vn 0.4012119174003601 -0.9122380018234253 0.08276977390050888
vn 0.4009430408477783 -0.9116266965866089 0.0904512032866478
vn 0.4009430408477783 -0.9116266965866089 0.0904512032866478
vn 0.4025883078575134 -0.9153675436973572 0.0049873096868395805
vn -0.08819085359573364 0.9960911273956299 0.0049873096868395805
vn -0.08819085359573364 0.9960911273956299 0.0049873096868395805
vn -0.08818648010492325 0.9960417747497559 -0.011134538799524307
vn -0.08818648010492325 0.9960417747497559 -0.011134538799524307
vn -0.0881626084446907 0.9957720637321472 -0.025794334709644318
vn -0.0881626084446907 0.9957720637321472 -0.025794334709644318
vn -0.08812620490789413 0.9953609108924866 -0.038605477660894394
vn -0.08812620490789413 0.9953609108924866 -0.038605477660894394
vn -0.08804116398096085 0.9944003820419312 -0.05845191702246666
vn -0.08804116398096085 0.9944003820419312 -0.05845191702246666
vn -0.08797374367713928 0.9936388731002808 -0.07030192017555237
vn -0.08797374367713928 0.9936388731002808 -0.07030192017555237
vn -0.08798130601644516 0.9937243461608887 -0.06907422840595245
vn -0.08798130601644516 0.9937243461608887 -0.06907422840595245
vn -0.08805481344461441 0.9945545792579651 -0.05574528127908707
vn -0.08805481344461441 0.9945545792579651 -0.05574528127908707
vn -0.08814116567373276 0.9955298900604248 -0.03393107280135155
vn -0.08814116567373276 0.9955298900604248 -0.03393107280135155
vn -0.08817450702190399 0.9959064722061157 -0.01988837495446205
vn -0.08817450702190399 0.9959064722061157 -0.01988837495446205
vn -0.08819064497947693 0.9960887432098389 -0.0054427036084234715
vn -0.08818915486335754 0.9960719347000122 0.007961706258356571
vn -0.08819064497947693 0.9960887432098389 -0.0054427036084234715
vn -0.08817372471094131 0.995897650718689 0.020328275859355927
vn -0.08818915486335754 0.9960719347000122 0.007961706258356571
vn -0.08811423182487488 0.995225727558136 0.041971758008003235
vn -0.08817372471094131 0.995897650718689 0.020328275859355927
vn -0.088035449385643 0.9943358898162842 0.0595477856695652
vn -0.08811423182487488 0.995225727558136 0.041971758008003235
vn -0.08795583993196487 0.9934366941452026 0.07312534004449844
vn -0.088035449385643 0.9943358898162842 0.0595477856695652
vn -0.08788933604955673 0.9926855564117432 0.08276977390050888
vn -0.08795583993196487 0.9934366941452026 0.07312534004449844
vn -0.08783043920993805 0.9920203685760498 0.0904512032866478
vn -0.08788933604955673 0.9926855564117432 0.08276977390050888
vn -0.08783043920993805 0.9920203685760498 0.0904512032866478
vn 0.45927029848098755 -0.8882825374603271 0.0049873096868395805
vn 0.45924755930900574 -0.8882385492324829 -0.011134538799524307
vn 0.45924755930900574 -0.8882385492324829 -0.011134538799524307
vn 0.4591231942176819 -0.8879980444908142 -0.025794334709644318
vn 0.4591231942176819 -0.8879980444908142 -0.025794334709644318
vn 0.45893365144729614 -0.8876314163208008 -0.038605477660894394
vn 0.45893365144729614 -0.8876314163208008 -0.038605477660894394
vn 0.4584907591342926 -0.8867748379707336 -0.05845191702246666
vn 0.4584907591342926 -0.8867748379707336 -0.05845191702246666
vn 0.45813965797424316 -0.8860957622528076 -0.07030192017555237
vn 0.45813965797424316 -0.8860957622528076 -0.07030192017555237
vn 0.4581790566444397 -0.8861719369888306 -0.06907422840595245
vn 0.4581790566444397 -0.8861719369888306 -0.06907422840595245
vn 0.45856186747550964 -0.8869123458862305 -0.05574528127908707
vn 0.45856186747550964 -0.8869123458862305 -0.05574528127908707
vn 0.4590115547180176 -0.887782096862793 -0.03393107280135155
vn 0.4590115547180176 -0.887782096862793 -0.03393107280135155
vn 0.4591851830482483 -0.8881179094314575 -0.01988837495446205
vn 0.4591851830482483 -0.8881179094314575 -0.01988837495446205
vn 0.4592692255973816 -0.88828045129776 -0.0054427036084234715
vn 0.4592692255973816 -0.88828045129776 -0.0054427036084234715
vn 0.4592614769935608 -0.8882654309272766 0.007961706258356571
vn 0.4592614769935608 -0.8882654309272766 0.007961706258356571
vn 0.4591811001300812 -0.8881100416183472 0.020328275859355927
vn 0.4591811001300812 -0.8881100416183472 0.020328275859355927
vn 0.4588713049888611 -0.8875108361244202 0.041971758008003235
vn 0.4588713049888611 -0.8875108361244202 0.041971758008003235
vn 0.4584610164165497 -0.8867173194885254 0.0595477856695652
vn 0.4584610164165497 -0.8867173194885254 0.0595477856695652
vn 0.45804643630981445 -0.8859154582023621 0.07312534004449844
vn 0.45804643630981445 -0.8859154582023621 0.07312534004449844
vn 0.45770010352134705 -0.8852456212043762 0.08276977390050888
vn 0.45770010352134705 -0.8852456212043762 0.08276977390050888
vn 0.4573934078216553 -0.8846523761749268 0.0904512032866478
vn 0.4573934078216553 -0.8846523761749268 0.0904512032866478
vn 0.45927029848098755 -0.8882825374603271 0.0049873096868395805
vn -0.15056191384792328 0.9885879755020142 0.0049873096868395805
vn -0.15056191384792328 0.9885879755020142 0.0049873096868395805
vn -0.15055444836616516 0.9885390400886536 -0.011134538799524307
vn -0.15055444836616516 0.9885390400886536 -0.011134538799524307
vn -0.1505136787891388 0.9882713556289673 -0.025794334709644318
vn -0.1505136787891388 0.9882713556289673 -0.025794334709644318
vn -0.15045154094696045 0.987863302230835 -0.038605477660894394
vn -0.15045154094696045 0.987863302230835 -0.038605477660894394
vn -0.1503063440322876 0.9869099855422974 -0.05845191702246666
vn -0.1503063440322876 0.9869099855422974 -0.05845191702246666
vn -0.15019124746322632 0.9861542582511902 -0.07030192017555237
vn -0.15019124746322632 0.9861542582511902 -0.07030192017555237
vn -0.15020416676998138 0.9862390756607056 -0.06907422840595245
vn -0.15020416676998138 0.9862390756607056 -0.06907422840595245
vn -0.15032964944839478 0.9870630502700806 -0.05574528127908707
vn -0.15032964944839478 0.9870630502700806 -0.05574528127908707
vn -0.1504770815372467 0.9880310297012329 -0.03393107280135155
vn -0.1504770815372467 0.9880310297012329 -0.03393107280135155
vn -0.1505340039730072 0.9884047508239746 -0.01988837495446205
vn -0.1505340039730072 0.9884047508239746 -0.01988837495446205
vn -0.15056155622005463 0.9885856509208679 -0.0054427036084234715
vn -0.15055900812149048 0.9885689616203308 0.007961706258356571
vn -0.15056155622005463 0.9885856509208679 -0.0054427036084234715
vn -0.15053266286849976 0.9883959889411926 0.020328275859355927
vn -0.15055900812149048 0.9885689616203308 0.007961706258356571
vn -0.1504310965538025 0.9877291321754456 0.041971758008003235
vn -0.15053266286849976 0.9883959889411926 0.020328275859355927
vn -0.15029659867286682 0.9868459701538086 0.0595477856695652
vn -0.1504310965538025 0.9877291321754456 0.041971758008003235
vn -0.15016068518161774 0.9859535694122314 0.07312534004449844
vn -0.15029659867286682 0.9868459701538086 0.0595477856695652
vn -0.1500471532344818 0.9852080941200256 0.08276977390050888
vn -0.15016068518161774 0.9859535694122314 0.07312534004449844
vn -0.14994660019874573 0.9845479130744934 0.0904512032866478
vn -0.1500471532344818 0.9852080941200256 0.08276977390050888
vn -0.14994660019874573 0.9845479130744934 0.0904512032866478
vn 0.5141397714614868 -0.8576919436454773 0.0049873096868395805
vn 0.514114260673523 -0.8576494455337524 -0.011134538799524307
vn 0.514114260673523 -0.8576494455337524 -0.011134538799524307
vn 0.5139750838279724 -0.8574172258377075 -0.025794334709644318
vn 0.5139750838279724 -0.8574172258377075 -0.025794334709644318
vn 0.513762891292572 -0.8570631742477417 -0.038605477660894394
vn 0.513762891292572 -0.8570631742477417 -0.038605477660894394
vn 0.5132670998573303 -0.8562361001968384 -0.05845191702246666
vn 0.5132670998573303 -0.8562361001968384 -0.05845191702246666
vn 0.5128740668296814 -0.8555804491043091 -0.07030192017555237
vn 0.5128740668296814 -0.8555804491043091 -0.07030192017555237
vn 0.5129181146621704 -0.8556540012359619 -0.06907422840595245
vn 0.5129181146621704 -0.8556540012359619 -0.06907422840595245
vn 0.5133466720581055 -0.856368899345398 -0.05574528127908707
vn 0.5133466720581055 -0.856368899345398 -0.05574528127908707
vn 0.5138500928878784 -0.8572087287902832 -0.03393107280135155
vn 0.5138500928878784 -0.8572087287902832 -0.03393107280135155
vn 0.514044463634491 -0.8575329184532166 -0.01988837495446205
vn 0.514044463634491 -0.8575329184532166 -0.01988837495446205
vn 0.5141385197639465 -0.8576898574829102 -0.0054427036084234715
vn 0.5141385197639465 -0.8576898574829102 -0.0054427036084234715
vn 0.5141298770904541 -0.8576753735542297 0.007961706258356571
vn 0.5141298770904541 -0.8576753735542297 0.007961706258356571
vn 0.514039933681488 -0.8575253486633301 0.020328275859355927
vn 0.514039933681488 -0.8575253486633301 0.020328275859355927
vn 0.51369309425354 -0.8569467663764954 0.041971758008003235
vn 0.51369309425354 -0.8569467663764954 0.041971758008003235
vn 0.5132337808609009 -0.8561805486679077 0.0595477856695652
vn 0.5132337808609009 -0.8561805486679077 0.0595477856695652
vn 0.5127696394920349 -0.8554062843322754 0.07312534004449844
vn 0.5127696394920349 -0.8554062843322754 0.07312534004449844
vn 0.5123819708824158 -0.8547595739364624 0.08276977390050888
vn 0.5123819708824158 -0.8547595739364624 0.08276977390050888
vn 0.5120385885238647 -0.8541867733001709 0.0904512032866478
vn 0.5120385885238647 -0.8541867733001709 0.0904512032866478
vn 0.5141397714614868 -0.8576919436454773 0.0049873096868395805
vn -0.21233876049518585 0.9771834015846252 0.0049873096868395805
vn -0.21233876049518585 0.9771834015846252 0.0049873096868395805
vn -0.212328240275383 0.9771349430084229 -0.011134538799524307
vn -0.212328240275383 0.9771349430084229 -0.011134538799524307
vn -0.21227075159549713 0.9768704175949097 -0.025794334709644318
vn -0.21227075159549713 0.9768704175949097 -0.025794334709644318
vn -0.21218310296535492 0.9764670729637146 -0.038605477660894394
vn -0.21218310296535492 0.9764670729637146 -0.038605477660894394
vn -0.21197834610939026 0.9755247831344604 -0.05845191702246666
vn -0.21197834610939026 0.9755247831344604 -0.05845191702246666
vn -0.21181601285934448 0.9747776985168457 -0.07030192017555237
vn -0.21181601285934448 0.9747776985168457 -0.07030192017555237
vn -0.21183423697948456 0.9748615622520447 -0.06907422840595245
vn -0.21183423697948456 0.9748615622520447 -0.06907422840595245
vn -0.2120112180709839 0.9756760001182556 -0.05574528127908707
vn -0.2120112180709839 0.9756760001182556 -0.05574528127908707
vn -0.21221913397312164 0.976632833480835 -0.03393107280135155
vn -0.21221913397312164 0.976632833480835 -0.03393107280135155
vn -0.2122994065284729 0.9770022630691528 -0.01988837495446205
vn -0.2122994065284729 0.9770022630691528 -0.01988837495446205
vn -0.21233825385570526 0.977181077003479 -0.0054427036084234715
vn -0.21233467757701874 0.9771645665168762 0.007961706258356571
vn -0.21233825385570526 0.977181077003479 -0.0054427036084234715
vn -0.21229752898216248 0.9769936203956604 0.020328275859355927
vn -0.21233467757701874 0.9771645665168762 0.007961706258356571
vn -0.21215428411960602 0.9763344526290894 0.041971758008003235
vn -0.21229752898216248 0.9769936203956604 0.020328275859355927
vn -0.21196459233760834 0.975461483001709 0.0595477856695652
vn -0.21215428411960602 0.9763344526290894 0.041971758008003235
vn -0.21177291870117188 0.9745793342590332 0.07312534004449844
vn -0.21196459233760834 0.975461483001709 0.0595477856695652
vn -0.2116127908229828 0.9738425016403198 0.08276977390050888
vn -0.21177291870117188 0.9745793342590332 0.07312534004449844
vn -0.21147099137306213 0.9731898903846741 0.0904512032866478
vn -0.2116127908229828 0.9738425016403198 0.08276977390050888
vn -0.21147099137306213 0.9731898903846741 0.0904512032866478
vn 0.5669801235198975 -0.8237163424491882 0.0049873096868395805
vn 0.5669520497322083 -0.8236755132675171 -0.011134538799524307
vn 0.5669520497322083 -0.8236755132675171 -0.011134538799524307
vn 0.5667985677719116 -0.8234525322914124 -0.025794334709644318
vn 0.5667985677719116 -0.8234525322914124 -0.025794334709644318
vn 0.5665645003318787 -0.8231125473976135 -0.038605477660894394
vn 0.5665645003318787 -0.8231125473976135 -0.038605477660894394
vn 0.5660178065299988 -0.8223181962966919 -0.05845191702246666
vn 0.5660178065299988 -0.8223181962966919 -0.05845191702246666
vn 0.5655843615531921 -0.8216884732246399 -0.07030192017555237
vn 0.5655843615531921 -0.8216884732246399 -0.07030192017555237
vn 0.5656329393386841 -0.8217591643333435 -0.06907422840595245
vn 0.5656329393386841 -0.8217591643333435 -0.06907422840595245
vn 0.5661055445671082 -0.8224457502365112 -0.05574528127908707
vn 0.5661055445671082 -0.8224457502365112 -0.05574528127908707
vn 0.5666607022285461 -0.823252260684967 -0.03393107280135155
vn 0.5666607022285461 -0.823252260684967 -0.03393107280135155
vn 0.5668750405311584 -0.8235636949539185 -0.01988837495446205
vn 0.5668750405311584 -0.8235636949539185 -0.01988837495446205
vn 0.5669788122177124 -0.8237143754959106 -0.0054427036084234715
vn 0.5669788122177124 -0.8237143754959106 -0.0054427036084234715
vn 0.5669692158699036 -0.823700487613678 0.007961706258356571
vn 0.5669692158699036 -0.823700487613678 0.007961706258356571
vn 0.5668700337409973 -0.8235563635826111 0.020328275859355927
vn 0.5668700337409973 -0.8235563635826111 0.020328275859355927
vn 0.5664875507354736 -0.8230007290840149 0.041971758008003235
vn 0.5664875507354736 -0.8230007290840149 0.041971758008003235
vn 0.5659810304641724 -0.8222648501396179 0.0595477856695652
vn 0.5659810304641724 -0.8222648501396179 0.0595477856695652
vn 0.5654692649841309 -0.8215212821960449 0.07312534004449844
vn 0.5654692649841309 -0.8215212821960449 0.07312534004449844
vn 0.565041720867157 -0.8209001421928406 0.08276977390050888
vn 0.565041720867157 -0.8209001421928406 0.08276977390050888
vn 0.5646630525588989 -0.8203500509262085 0.0904512032866478
vn 0.5646630525588989 -0.8203500509262085 0.0904512032866478
vn 0.5669801235198975 -0.8237163424491882 0.0049873096868395805
vn -0.27327761054039 0.961922287940979 0.0049873096868395805
vn -0.27327761054039 0.961922287940979 0.0049873096868395805
vn -0.273264080286026 0.9618746042251587 -0.011134538799524307
vn -0.273264080286026 0.9618746042251587 -0.011134538799524307
vn -0.27319008111953735 0.961614191532135 -0.025794334709644318
vn -0.27319008111953735 0.961614191532135 -0.025794334709644318
vn -0.2730772793292999 0.9612171649932861 -0.038605477660894394
vn -0.2730772793292999 0.9612171649932861 -0.038605477660894394
vn -0.2728137671947479 0.9602895379066467 -0.05845191702246666
vn -0.2728137671947479 0.9602895379066467 -0.05845191702246666
vn -0.2726048529148102 0.9595541954040527 -0.07030192017555237
vn -0.2726048529148102 0.9595541954040527 -0.07030192017555237
vn -0.2726282775402069 0.9596366882324219 -0.06907422840595245
vn -0.2726282775402069 0.9596366882324219 -0.06907422840595245
vn -0.27285605669021606 0.9604384303092957 -0.05574528127908707
vn -0.27285605669021606 0.9604384303092957 -0.05574528127908707
vn -0.2731236517429352 0.9613803625106812 -0.03393107280135155
vn -0.2731236517429352 0.9613803625106812 -0.03393107280135155
vn -0.27322694659233093 0.961743950843811 -0.01988837495446205
vn -0.27322694659233093 0.961743950843811 -0.01988837495446205
vn -0.2732769548892975 0.9619200229644775 -0.0054427036084234715
vn -0.2732723355293274 0.9619037508964539 0.007961706258356571
vn -0.2732769548892975 0.9619200229644775 -0.0054427036084234715
vn -0.27322453260421753 0.9617354869842529 0.020328275859355927
vn -0.2732723355293274 0.9619037508964539 0.007961706258356571
vn -0.27304020524024963 0.9610865712165833 0.041971758008003235
vn -0.27322453260421753 0.9617354869842529 0.020328275859355927
vn -0.27279606461524963 0.9602272510528564 0.0595477856695652
vn -0.27304020524024963 0.9610865712165833 0.041971758008003235
vn -0.2725493609905243 0.9593589305877686 0.07312534004449844
vn -0.27279606461524963 0.9602272510528564 0.0595477856695652
vn -0.27234330773353577 0.958633542060852 0.08276977390050888
vn -0.2725493609905243 0.9593589305877686 0.07312534004449844
vn -0.2721607983112335 0.9579911828041077 0.0904512032866478
vn -0.27234330773353577 0.958633542060852 0.08276977390050888
vn -0.2721607983112335 0.9579911828041077 0.0904512032866478
vn 0.6175829172134399 -0.7864899635314941 0.0049873096868395805
vn 0.6175523400306702 -0.786450982093811 -0.011134538799524307
vn 0.6175523400306702 -0.786450982093811 -0.011134538799524307
vn 0.6173850893974304 -0.7862380743026733 -0.025794334709644318
vn 0.6173850893974304 -0.7862380743026733 -0.025794334709644318
vn 0.6171302199363708 -0.7859134078025818 -0.038605477660894394
vn 0.6171302199363708 -0.7859134078025818 -0.038605477660894394
vn 0.6165346503257751 -0.7851549983024597 -0.05845191702246666
vn 0.6165346503257751 -0.7851549983024597 -0.05845191702246666
vn 0.6160625219345093 -0.7845537662506104 -0.07030192017555237
vn 0.6160625219345093 -0.7845537662506104 -0.07030192017555237
vn 0.6161155104637146 -0.7846211791038513 -0.06907422840595245
vn 0.6161155104637146 -0.7846211791038513 -0.06907422840595245
vn 0.6166302561759949 -0.7852767705917358 -0.05574528127908707
vn 0.6166302561759949 -0.7852767705917358 -0.05574528127908707
vn 0.617235004901886 -0.7860468626022339 -0.03393107280135155
vn 0.617235004901886 -0.7860468626022339 -0.03393107280135155
vn 0.6174684762954712 -0.7863441705703735 -0.01988837495446205
vn 0.6174684762954712 -0.7863441705703735 -0.01988837495446205
vn 0.6175814270973206 -0.7864881157875061 -0.0054427036084234715
vn 0.6175814270973206 -0.7864881157875061 -0.0054427036084234715
vn 0.6175710558891296 -0.7864748239517212 0.007961706258356571
vn 0.6175710558891296 -0.7864748239517212 0.007961706258356571
vn 0.6174629926681519 -0.7863371968269348 0.020328275859355927
vn 0.6174629926681519 -0.7863371968269348 0.020328275859355927
vn 0.6170463562011719 -0.7858066558837891 0.041971758008003235
vn 0.6170463562011719 -0.7858066558837891 0.041971758008003235
vn 0.6164946556091309 -0.7851040363311768 0.0595477856695652
vn 0.6164946556091309 -0.7851040363311768 0.0595477856695652
vn 0.6159371733665466 -0.7843940854072571 0.07312534004449844
vn 0.6159371733665466 -0.7843940854072571 0.07312534004449844
vn 0.6154714822769165 -0.7838010191917419 0.08276977390050888
vn 0.6154714822769165 -0.7838010191917419 0.08276977390050888
vn 0.6150590181350708 -0.7832757830619812 0.0904512032866478
vn 0.6150590181350708 -0.7832757830619812 0.0904512032866478
vn 0.6175829172134399 -0.7864899635314941 0.0049873096868395805
vn -0.33313795924186707 0.9428648948669434 0.0049873096868395805
vn -0.33313795924186707 0.9428648948669434 0.0049873096868395805
vn -0.3331214487552643 0.9428181648254395 -0.011134538799524307
vn -0.3331214487552643 0.9428181648254395 -0.011134538799524307
vn -0.3330312669277191 0.9425628781318665 -0.025794334709644318
vn -0.3330312669277191 0.9425628781318665 -0.025794334709644318
vn -0.3328937590122223 0.9421737194061279 -0.038605477660894394
vn -0.3328937590122223 0.9421737194061279 -0.038605477660894394
vn -0.3325725197792053 0.9412645101547241 -0.05845191702246666
vn -0.3325725197792053 0.9412645101547241 -0.05845191702246666
vn -0.3323178291320801 0.9405437111854553 -0.07030192017555237
vn -0.3323178291320801 0.9405437111854553 -0.07030192017555237
vn -0.3323464095592499 0.9406245946884155 -0.06907422840595245
vn -0.3323464095592499 0.9406245946884155 -0.06907422840595245
vn -0.33262407779693604 0.941410481929779 -0.05574528127908707
vn -0.33262407779693604 0.941410481929779 -0.05574528127908707
vn -0.33295026421546936 0.9423336982727051 -0.03393107280135155
vn -0.33295026421546936 0.9423336982727051 -0.03393107280135155
vn -0.33307620882987976 0.9426901340484619 -0.01988837495446205
vn -0.33307620882987976 0.9426901340484619 -0.01988837495446205
vn -0.333137184381485 0.9428626894950867 -0.0054427036084234715
vn -0.3331315517425537 0.9428467154502869 0.007961706258356571
vn -0.333137184381485 0.9428626894950867 -0.0054427036084234715
vn -0.3330732583999634 0.9426817893981934 0.020328275859355927
vn -0.3331315517425537 0.9428467154502869 0.007961706258356571
vn -0.33284854888916016 0.9420457482337952 0.041971758008003235
vn -0.3330732583999634 0.9426817893981934 0.020328275859355927
vn -0.33255094289779663 0.9412034749984741 0.0595477856695652
vn -0.33284854888916016 0.9420457482337952 0.041971758008003235
vn -0.3322502076625824 0.9403523206710815 0.07312534004449844
vn -0.33255094289779663 0.9412034749984741 0.0595477856695652
vn -0.3319990038871765 0.9396413564682007 0.08276977390050888
vn -0.3322502076625824 0.9403523206710815 0.07312534004449844
vn -0.33177652955055237 0.9390116930007935 0.0904512032866478
vn -0.3319990038871765 0.9396413564682007 0.08276977390050888
vn -0.33177652955055237 0.9390116930007935 0.0904512032866478
vn 0.6657483577728271 -0.7461596727371216 0.0049873096868395805
vn 0.6657153964042664 -0.7461226582527161 -0.011134538799524307
vn 0.6657153964042664 -0.7461226582527161 -0.011134538799524307
vn 0.6655351519584656 -0.7459206581115723 -0.025794334709644318
vn 0.6655351519584656 -0.7459206581115723 -0.025794334709644318
vn 0.665260374546051 -0.7456126809120178 -0.038605477660894394
vn 0.665260374546051 -0.7456126809120178 -0.038605477660894394
vn 0.6646183729171753 -0.7448931336402893 -0.05845191702246666
vn 0.6646183729171753 -0.7448931336402893 -0.05845191702246666
vn 0.6641094088554382 -0.7443227171897888 -0.07030192017555237
vn 0.6641094088554382 -0.7443227171897888 -0.07030192017555237
vn 0.6641665101051331 -0.7443867325782776 -0.06907422840595245
vn 0.6641665101051331 -0.7443867325782776 -0.06907422840595245
vn 0.6647214293479919 -0.745008647441864 -0.05574528127908707
vn 0.6647214293479919 -0.745008647441864 -0.05574528127908707
vn 0.6653733253479004 -0.7457392811775208 -0.03393107280135155
vn 0.6653733253479004 -0.7457392811775208 -0.03393107280135155
vn 0.6656249761581421 -0.7460213303565979 -0.01988837495446205
vn 0.6656249761581421 -0.7460213303565979 -0.01988837495446205
vn 0.665746808052063 -0.7461578845977783 -0.0054427036084234715
vn 0.665746808052063 -0.7461578845977783 -0.0054427036084234715
vn 0.6657355427742004 -0.7461453080177307 0.007961706258356571
vn 0.6657355427742004 -0.7461453080177307 0.007961706258356571
vn 0.6656190752983093 -0.7460147142410278 0.020328275859355927
vn 0.6656190752983093 -0.7460147142410278 0.020328275859355927
vn 0.6651700139045715 -0.7455114126205444 0.041971758008003235
vn 0.6651700139045715 -0.7455114126205444 0.041971758008003235
vn 0.6645752191543579 -0.7448447942733765 0.0595477856695652
vn 0.6645752191543579 -0.7448447942733765 0.0595477856695652
vn 0.6639742851257324 -0.7441712617874146 0.07312534004449844
vn 0.6639742851257324 -0.7441712617874146 0.07312534004449844
vn 0.6634722352027893 -0.7436085939407349 0.08276977390050888
vn 0.6634722352027893 -0.7436085939407349 0.08276977390050888
vn 0.6630276441574097 -0.7431102991104126 0.0904512032866478
vn 0.6630276441574097 -0.7431102991104126 0.0904512032866478
vn 0.6657483577728271 -0.7461596727371216 0.0049873096868395805
vn -0.39168357849121094 0.9200864434242249 0.0049873096868395805
vn -0.39168357849121094 0.9200864434242249 0.0049873096868395805
vn -0.39166414737701416 0.9200408458709717 -0.011134538799524307
vn -0.39166414737701416 0.9200408458709717 -0.011134538799524307
vn -0.39155811071395874 0.9197917580604553 -0.025794334709644318
vn -0.39155811071395874 0.9197917580604553 -0.025794334709644318
vn -0.3913964331150055 0.9194120168685913 -0.038605477660894394
vn -0.3913964331150055 0.9194120168685913 -0.038605477660894394
vn -0.39101874828338623 0.9185247421264648 -0.05845191702246666
vn -0.39101874828338623 0.9185247421264648 -0.05845191702246666
vn -0.39071929454803467 0.9178213477134705 -0.07030192017555237
vn -0.39071929454803467 0.9178213477134705 -0.07030192017555237
vn -0.390752911567688 0.9179002642631531 -0.06907422840595245
vn -0.390752911567688 0.9179002642631531 -0.06907422840595245
vn -0.3910793662071228 0.918667197227478 -0.05574528127908707
vn -0.3910793662071228 0.918667197227478 -0.05574528127908707
vn -0.39146289229393005 0.9195681214332581 -0.03393107280135155
vn -0.39146289229393005 0.9195681214332581 -0.03393107280135155
vn -0.3916109502315521 0.9199159145355225 -0.01988837495446205
vn -0.3916109502315521 0.9199159145355225 -0.01988837495446205
vn -0.39168262481689453 0.9200842976570129 -0.0054427036084234715
vn -0.39167600870132446 0.9200687408447266 0.007961706258356571
vn -0.39168262481689453 0.9200842976570129 -0.0054427036084234715
vn -0.39160749316215515 0.919907808303833 0.020328275859355927
vn -0.39167600870132446 0.9200687408447266 0.007961706258356571
vn -0.39134329557418823 0.9192871451377869 0.041971758008003235
vn -0.39160749316215515 0.919907808303833 0.020328275859355927
vn -0.3909933567047119 0.9184651374816895 0.0595477856695652
vn -0.39134329557418823 0.9192871451377869 0.041971758008003235
vn -0.3906397819519043 0.9176346063613892 0.07312534004449844
vn -0.3909933567047119 0.9184651374816895 0.0595477856695652
vn -0.39034444093704224 0.9169407486915588 0.08276977390050888
vn -0.3906397819519043 0.9176346063613892 0.07312534004449844
vn -0.39008286595344543 0.9163263440132141 0.0904512032866478
vn -0.39034444093704224 0.9169407486915588 0.08276977390050888
vn -0.39008286595344543 0.9163263440132141 0.0904512032866478
vn 0.7112864255905151 -0.7028846144676208 0.0049873096868395805
vn 0.7112511992454529 -0.7028497457504272 -0.011134538799524307
vn 0.7112511992454529 -0.7028497457504272 -0.011134538799524307
vn 0.7110586166381836 -0.7026594877243042 -0.025794334709644318
vn 0.7110586166381836 -0.7026594877243042 -0.025794334709644318
vn 0.71076500415802 -0.7023693323135376 -0.038605477660894394
vn 0.71076500415802 -0.7023693323135376 -0.038605477660894394
vn 0.7100791335105896 -0.7016915678977966 -0.05845191702246666
vn 0.7100791335105896 -0.7016915678977966 -0.05845191702246666
vn 0.7095353603363037 -0.7011542320251465 -0.07030192017555237
vn 0.7095353603363037 -0.7011542320251465 -0.07030192017555237
vn 0.7095963358879089 -0.7012144923210144 -0.06907422840595245
vn 0.7095963358879089 -0.7012144923210144 -0.06907422840595245
vn 0.7101892232894897 -0.7018003463745117 -0.05574528127908707
vn 0.7101892232894897 -0.7018003463745117 -0.05574528127908707
vn 0.7108857035636902 -0.7024886012077332 -0.03393107280135155
vn 0.7108857035636902 -0.7024886012077332 -0.03393107280135155
vn 0.711154580116272 -0.7027543187141418 -0.01988837495446205
vn 0.711154580116272 -0.7027543187141418 -0.01988837495446205
vn 0.7112847566604614 -0.7028829455375671 -0.0054427036084234715
vn 0.7112847566604614 -0.7028829455375671 -0.0054427036084234715
vn 0.7112727165222168 -0.7028710246086121 0.007961706258356571
vn 0.7112727165222168 -0.7028710246086121 0.007961706258356571
vn 0.7111482620239258 -0.7027480602264404 0.020328275859355927
vn 0.7111482620239258 -0.7027480602264404 0.020328275859355927
vn 0.7106685042381287 -0.702273964881897 0.041971758008003235
vn 0.7106685042381287 -0.702273964881897 0.041971758008003235
vn 0.7100330591201782 -0.7016460299491882 0.0595477856695652
vn 0.7100330591201782 -0.7016460299491882 0.0595477856695652
vn 0.7093909382820129 -0.7010115385055542 0.07312534004449844
vn 0.7093909382820129 -0.7010115385055542 0.07312534004449844
vn 0.708854615688324 -0.7004814743995667 0.08276977390050888
vn 0.708854615688324 -0.7004814743995667 0.08276977390050888
vn 0.7083795666694641 -0.7000120878219604 0.0904512032866478
vn 0.7083795666694641 -0.7000120878219604 0.0904512032866478
vn 0.7112864255905151 -0.7028846144676208 0.0049873096868395805
vn -0.44868338108062744 0.8936768770217896 0.0049873096868395805
vn -0.44868338108062744 0.8936768770217896 0.0049873096868395805
vn -0.4486611485481262 0.8936325907707214 -0.011134538799524307
vn -0.4486611485481262 0.8936325907707214 -0.011134538799524307
vn -0.448539674282074 0.8933906555175781 -0.025794334709644318
vn -0.448539674282074 0.8933906555175781 -0.025794334709644318
vn -0.44835448265075684 0.8930217623710632 -0.038605477660894394
vn -0.44835448265075684 0.8930217623710632 -0.038605477660894394
vn -0.4479218125343323 0.8921599984169006 -0.05845191702246666
vn -0.4479218125343323 0.8921599984169006 -0.05845191702246666
vn -0.4475787878036499 0.8914768099784851 -0.07030192017555237
vn -0.4475787878036499 0.8914768099784851 -0.07030192017555237
vn -0.4476172626018524 0.8915534615516663 -0.06907422840595245
vn -0.4476172626018524 0.8915534615516663 -0.06907422840595245
vn -0.4479912519454956 0.8922983407974243 -0.05574528127908707
vn -0.4479912519454956 0.8922983407974243 -0.05574528127908707
vn -0.448430597782135 0.8931733965873718 -0.03393107280135155
vn -0.448430597782135 0.8931733965873718 -0.03393107280135155
vn -0.4486002027988434 0.8935112357139587 -0.01988837495446205
vn -0.4486002027988434 0.8935112357139587 -0.01988837495446205
vn -0.4486823081970215 0.8936747312545776 -0.0054427036084234715
vn -0.448674738407135 0.8936596512794495 0.007961706258356571
vn -0.4486823081970215 0.8936747312545776 -0.0054427036084234715
vn -0.4485962390899658 0.8935033082962036 0.020328275859355927
vn -0.448674738407135 0.8936596512794495 0.007961706258356571
vn -0.4482935667037964 0.8929004669189453 0.041971758008003235
vn -0.4485962390899658 0.8935033082962036 0.020328275859355927
vn -0.4478927254676819 0.8921021223068237 0.0595477856695652
vn -0.4482935667037964 0.8929004669189453 0.041971758008003235
vn -0.4474877119064331 0.8912953734397888 0.07312534004449844
vn -0.4478927254676819 0.8921021223068237 0.0595477856695652
vn -0.4471493661403656 0.8906214833259583 0.08276977390050888
vn -0.4474877119064331 0.8912953734397888 0.07312534004449844
vn -0.4468497335910797 0.8900246620178223 0.0904512032866478
vn -0.4471493661403656 0.8906214833259583 0.08276977390050888
vn -0.4468497335910797 0.8900246620178223 0.0904512032866478
vn 0.7540173530578613 -0.6568355560302734 0.0049873096868395805
vn 0.7539799809455872 -0.6568030118942261 -0.011134538799524307
vn 0.7539799809455872 -0.6568030118942261 -0.011134538799524307
vn 0.7537758350372314 -0.6566251516342163 -0.025794334709644318
vn 0.7537758350372314 -0.6566251516342163 -0.025794334709644318
vn 0.7534646391868591 -0.6563540697097778 -0.038605477660894394
vn 0.7534646391868591 -0.6563540697097778 -0.038605477660894394
vn 0.7527375221252441 -0.6557206511497498 -0.05845191702246666
vn 0.7527375221252441 -0.6557206511497498 -0.05845191702246666
vn 0.7521610856056213 -0.6552185416221619 -0.07030192017555237
vn 0.7521610856056213 -0.6552185416221619 -0.07030192017555237
vn 0.7522257566452026 -0.6552748680114746 -0.06907422840595245
vn 0.7522257566452026 -0.6552748680114746 -0.06907422840595245
vn 0.7528542280197144 -0.6558223366737366 -0.05574528127908707
vn 0.7528542280197144 -0.6558223366737366 -0.05574528127908707
vn 0.7535925507545471 -0.6564655303955078 -0.03393107280135155
vn 0.7535925507545471 -0.6564655303955078 -0.03393107280135155
vn 0.753877580165863 -0.6567137837409973 -0.01988837495446205
vn 0.753877580165863 -0.6567137837409973 -0.01988837495446205
vn 0.7540155649185181 -0.6568340063095093 -0.0054427036084234715
vn 0.7540155649185181 -0.6568340063095093 -0.0054427036084234715
vn 0.7540028095245361 -0.656822919845581 0.007961706258356571
vn 0.7540028095245361 -0.656822919845581 0.007961706258356571
vn 0.7538709044456482 -0.6567080020904541 0.020328275859355927
vn 0.7538709044456482 -0.6567080020904541 0.020328275859355927
vn 0.7533622980117798 -0.6562649011611938 0.041971758008003235
vn 0.7533622980117798 -0.6562649011611938 0.041971758008003235
vn 0.7526887059211731 -0.6556781530380249 0.0595477856695652
vn 0.7526887059211731 -0.6556781530380249 0.0595477856695652
vn 0.7520080208778381 -0.6550852060317993 0.07312534004449844
vn 0.7520080208778381 -0.6550852060317993 0.07312534004449844
vn 0.7514394521713257 -0.6545898914337158 0.08276977390050888
vn 0.7514394521713257 -0.6545898914337158 0.08276977390050888
vn 0.7509359121322632 -0.6541512608528137 0.0904512032866478
vn 0.7509359121322632 -0.6541512608528137 0.0904512032866478
vn 0.7540173530578613 -0.6568355560302734 0.0049873096868395805
vn -0.5039124488830566 0.8637403249740601 0.0049873096868395805
vn -0.5039124488830566 0.8637403249740601 0.0049873096868395805
vn -0.5038874745368958 0.8636975288391113 -0.011134538799524307
vn -0.5038874745368958 0.8636975288391113 -0.011134538799524307
vn -0.5037510395050049 0.8634636998176575 -0.025794334709644318
vn -0.5037510395050049 0.8634636998176575 -0.025794334709644318
vn -0.5035430192947388 0.8631072044372559 -0.038605477660894394
vn -0.5035430192947388 0.8631072044372559 -0.038605477660894394
vn -0.5030571222305298 0.8622742891311646 -0.05845191702246666
vn -0.5030571222305298 0.8622742891311646 -0.05845191702246666
vn -0.5026718974113464 0.861613929271698 -0.07030192017555237
vn -0.5026718974113464 0.861613929271698 -0.07030192017555237
vn -0.5027151107788086 0.8616880178451538 -0.06907422840595245
vn -0.5027151107788086 0.8616880178451538 -0.06907422840595245
vn -0.5031351447105408 0.8624079823493958 -0.05574528127908707
vn -0.5031351447105408 0.8624079823493958 -0.05574528127908707
vn -0.5036285519599915 0.8632537126541138 -0.03393107280135155
vn -0.5036285519599915 0.8632537126541138 -0.03393107280135155
vn -0.5038190484046936 0.8635802268981934 -0.01988837495446205
vn -0.5038190484046936 0.8635802268981934 -0.01988837495446205
vn -0.5039112567901611 0.8637382984161377 -0.0054427036084234715
vn -0.5039027333259583 0.8637236952781677 0.007961706258356571
vn -0.5039112567901611 0.8637382984161377 -0.0054427036084234715
vn -0.5038145780563354 0.8635725975036621 0.020328275859355927
vn -0.5039027333259583 0.8637236952781677 0.007961706258356571
vn -0.5034746527671814 0.8629899621009827 0.041971758008003235
vn -0.5038145780563354 0.8635725975036621 0.020328275859355927
vn -0.5030244588851929 0.8622183203697205 0.0595477856695652
vn -0.5034746527671814 0.8629899621009827 0.041971758008003235
vn -0.5025696158409119 0.8614386320114136 0.07312534004449844
vn -0.5030244588851929 0.8622183203697205 0.0595477856695652
vn -0.502189576625824 0.8607872724533081 0.08276977390050888
vn -0.5025696158409119 0.8614386320114136 0.07312534004449844
vn -0.5018531084060669 0.8602104783058167 0.0904512032866478
vn -0.502189576625824 0.8607872724533081 0.08276977390050888
vn -0.5018531084060669 0.8602104783058167 0.0904512032866478
vn 0.7937725186347961 -0.6081942915916443 0.0049873096868395805
vn 0.7937331795692444 -0.6081641912460327 -0.011134538799524307
vn 0.7937331795692444 -0.6081641912460327 -0.011134538799524307
vn 0.7935183048248291 -0.6079995036125183 -0.025794334709644318
vn 0.7935183048248291 -0.6079995036125183 -0.025794334709644318
vn 0.7931906580924988 -0.6077484488487244 -0.038605477660894394
vn 0.7931906580924988 -0.6077484488487244 -0.038605477660894394
vn 0.7924252152442932 -0.6071619987487793 -0.05845191702246666
vn 0.7924252152442932 -0.6071619987487793 -0.05845191702246666
vn 0.791818380355835 -0.6066970229148865 -0.07030192017555237
vn 0.791818380355835 -0.6066970229148865 -0.07030192017555237
vn 0.7918864488601685 -0.6067491769790649 -0.06907422840595245
vn 0.7918864488601685 -0.6067491769790649 -0.06907422840595245
vn 0.7925480604171753 -0.6072561144828796 -0.05574528127908707
vn 0.7925480604171753 -0.6072561144828796 -0.05574528127908707
vn 0.7933253049850464 -0.6078516244888306 -0.03393107280135155
vn 0.7933253049850464 -0.6078516244888306 -0.03393107280135155
vn 0.7936254143714905 -0.608081579208374 -0.01988837495446205
vn 0.7936254143714905 -0.608081579208374 -0.01988837495446205
vn 0.7937706112861633 -0.6081928610801697 -0.0054427036084234715
vn 0.7937706112861633 -0.6081928610801697 -0.0054427036084234715
vn 0.7937572598457336 -0.6081826090812683 0.007961706258356571
vn 0.7937572598457336 -0.6081826090812683 0.007961706258356571
vn 0.793618381023407 -0.6080762147903442 0.020328275859355927
vn 0.793618381023407 -0.6080762147903442 0.020328275859355927
vn 0.7930828928947449 -0.6076658964157104 0.041971758008003235
vn 0.7930828928947449 -0.6076658964157104 0.041971758008003235
vn 0.792373776435852 -0.6071226000785828 0.0595477856695652
vn 0.792373776435852 -0.6071226000785828 0.0595477856695652
vn 0.7916572690010071 -0.6065735816955566 0.07312534004449844
vn 0.7916572690010071 -0.6065735816955566 0.07312534004449844
vn 0.7910586595535278 -0.60611492395401 0.08276977390050888
vn 0.7910586595535278 -0.60611492395401 0.08276977390050888
vn 0.7905285954475403 -0.6057087779045105 0.0904512032866478
vn 0.7905285954475403 -0.6057087779045105 0.0904512032866478
vn 0.7937725186347961 -0.6081942915916443 0.0049873096868395805
vn -0.5571528077125549 0.8303950428962708 0.0049873096868395805
vn -0.5571528077125549 0.8303950428962708 0.0049873096868395805
vn -0.5571251511573792 0.830353856086731 -0.011134538799524307
vn -0.5571251511573792 0.830353856086731 -0.011134538799524307
vn -0.5569743514060974 0.8301290273666382 -0.025794334709644318
vn -0.5569743514060974 0.8301290273666382 -0.025794334709644318
vn -0.556744396686554 0.8297863006591797 -0.038605477660894394
vn -0.556744396686554 0.8297863006591797 -0.038605477660894394
vn -0.5562071204185486 0.8289855718612671 -0.05845191702246666
vn -0.5562071204185486 0.8289855718612671 -0.05845191702246666
vn -0.5557811856269836 0.8283507227897644 -0.07030192017555237
vn -0.5557811856269836 0.8283507227897644 -0.07030192017555237
vn -0.5558289289474487 0.828421950340271 -0.06907422840595245
vn -0.5558289289474487 0.828421950340271 -0.06907422840595245
vn -0.5562933683395386 0.8291140794754028 -0.05574528127908707
vn -0.5562933683395386 0.8291140794754028 -0.05574528127908707
vn -0.556838870048523 0.8299272060394287 -0.03393107280135155
vn -0.556838870048523 0.8299272060394287 -0.03393107280135155
vn -0.5570495128631592 0.8302410840988159 -0.01988837495446205
vn -0.5570495128631592 0.8302410840988159 -0.01988837495446205
vn -0.5571514368057251 0.8303930759429932 -0.0054427036084234715
vn -0.5571420788764954 0.8303790092468262 0.007961706258356571
vn -0.5571514368057251 0.8303930759429932 -0.0054427036084234715
vn -0.5570445656776428 0.8302337527275085 0.020328275859355927
vn -0.5571420788764954 0.8303790092468262 0.007961706258356571
vn -0.556668758392334 0.8296735882759094 0.041971758008003235
vn -0.5570445656776428 0.8302337527275085 0.020328275859355927
vn -0.5561710000038147 0.8289317488670349 0.0595477856695652
vn -0.556668758392334 0.8296735882759094 0.041971758008003235
vn -0.5556680560112 0.8281821608543396 0.07312534004449844
vn -0.5561710000038147 0.8289317488670349 0.0595477856695652
vn -0.5552479028701782 0.8275559544563293 0.08276977390050888
vn -0.5556680560112 0.8281821608543396 0.07312534004449844
vn -0.5548758506774902 0.8270014524459839 0.0904512032866478
vn -0.5552479028701782 0.8275559544563293 0.08276977390050888
vn -0.5548758506774902 0.8270014524459839 0.0904512032866478
vn 0.8303950428962708 -0.5571528077125549 0.0049873096868395805
vn 0.830353856086731 -0.5571251511573792 -0.011134538799524307
vn 0.830353856086731 -0.5571251511573792 -0.011134538799524307
vn 0.8301290273666382 -0.5569743514060974 -0.025794334709644318
vn 0.8301290273666382 -0.5569743514060974 -0.025794334709644318
vn 0.8297863006591797 -0.556744396686554 -0.038605477660894394
vn 0.8297863006591797 -0.556744396686554 -0.038605477660894394
vn 0.8289855718612671 -0.5562071204185486 -0.05845191702246666
vn 0.8289855718612671 -0.5562071204185486 -0.05845191702246666
vn 0.8283507227897644 -0.5557811856269836 -0.07030192017555237
vn 0.8283507227897644 -0.5557811856269836 -0.07030192017555237
vn 0.828421950340271 -0.5558289289474487 -0.06907422840595245
vn 0.828421950340271 -0.5558289289474487 -0.06907422840595245
vn 0.8291140794754028 -0.5562933683395386 -0.05574528127908707
vn 0.8291140794754028 -0.5562933683395386 -0.05574528127908707
vn 0.8299272060394287 -0.556838870048523 -0.03393107280135155
vn 0.8299272060394287 -0.556838870048523 -0.03393107280135155
vn 0.8302410840988159 -0.5570495128631592 -0.01988837495446205
vn 0.8302410840988159 -0.5570495128631592 -0.01988837495446205
vn 0.8303930759429932 -0.5571514368057251 -0.0054427036084234715
vn 0.8303930759429932 -0.5571514368057251 -0.0054427036084234715
vn 0.8303790092468262 -0.5571420788764954 0.007961706258356571
vn 0.8303790092468262 -0.5571420788764954 0.007961706258356571
vn 0.8302337527275085 -0.5570445656776428 0.020328275859355927
vn 0.8302337527275085 -0.5570445656776428 0.020328275859355927
vn 0.8296735882759094 -0.556668758392334 0.041971758008003235
vn 0.8296735882759094 -0.556668758392334 0.041971758008003235
vn 0.8289317488670349 -0.5561710000038147 0.0595477856695652
vn 0.8289317488670349 -0.5561710000038147 0.0595477856695652
vn 0.8281821608543396 -0.5556680560112 0.07312534004449844
vn 0.8281821608543396 -0.5556680560112 0.07312534004449844
vn 0.8275559544563293 -0.5552479028701782 0.08276977390050888
vn 0.8275559544563293 -0.5552479028701782 0.08276977390050888
vn 0.8270014524459839 -0.5548758506774902 0.0904512032866478
vn 0.8270014524459839 -0.5548758506774902 0.0904512032866478
vn 0.8303950428962708 -0.5571528077125549 0.0049873096868395805
vn -0.6081942915916443 0.7937725186347961 0.0049873096868395805
vn -0.6081942915916443 0.7937725186347961 0.0049873096868395805
vn -0.6081641912460327 0.7937331795692444 -0.011134538799524307
vn -0.6081641912460327 0.7937331795692444 -0.011134538799524307
vn -0.6079995036125183 0.7935183048248291 -0.025794334709644318
vn -0.6079995036125183 0.7935183048248291 -0.025794334709644318
vn -0.6077484488487244 0.7931906580924988 -0.038605477660894394
vn -0.6077484488487244 0.7931906580924988 -0.038605477660894394
vn -0.6071619987487793 0.7924252152442932 -0.05845191702246666
vn -0.6071619987487793 0.7924252152442932 -0.05845191702246666
vn -0.6066970229148865 0.791818380355835 -0.07030192017555237
vn -0.6066970229148865 0.791818380355835 -0.07030192017555237
vn -0.6067491769790649 0.7918864488601685 -0.06907422840595245
vn -0.6067491769790649 0.7918864488601685 -0.06907422840595245
vn -0.6072561144828796 0.7925480604171753 -0.05574528127908707
vn -0.6072561144828796 0.7925480604171753 -0.05574528127908707
vn -0.6078516244888306 0.7933253049850464 -0.03393107280135155
vn -0.6078516244888306 0.7933253049850464 -0.03393107280135155
vn -0.608081579208374 0.7936254143714905 -0.01988837495446205
vn -0.608081579208374 0.7936254143714905 -0.01988837495446205
vn -0.6081928610801697 0.7937706112861633 -0.0054427036084234715
vn -0.6081826090812683 0.7937572598457336 0.007961706258356571
vn -0.6081928610801697 0.7937706112861633 -0.0054427036084234715
vn -0.6080762147903442 0.793618381023407 0.020328275859355927
vn -0.6081826090812683 0.7937572598457336 0.007961706258356571
vn -0.6076658964157104 0.7930828928947449 0.041971758008003235
vn -0.6080762147903442 0.793618381023407 0.020328275859355927
vn -0.6071226000785828 0.792373776435852 0.0595477856695652
vn -0.6076658964157104 0.7930828928947449 0.041971758008003235
vn -0.6065735816955566 0.7916572690010071 0.07312534004449844
vn -0.6071226000785828 0.792373776435852 0.0595477856695652
vn -0.60611492395401 0.7910586595535278 0.08276977390050888
vn -0.6065735816955566 0.7916572690010071 0.07312534004449844
vn -0.6057087779045105 0.7905285954475403 0.0904512032866478
vn -0.60611492395401 0.7910586595535278 0.08276977390050888
vn -0.6057087779045105 0.7905285954475403 0.0904512032866478
vn 0.8637403249740601 -0.5039124488830566 0.0049873096868395805
vn 0.8636975288391113 -0.5038874745368958 -0.011134538799524307
vn 0.8636975288391113 -0.5038874745368958 -0.011134538799524307
vn 0.8634636998176575 -0.5037510395050049 -0.025794334709644318
vn 0.8634636998176575 -0.5037510395050049 -0.025794334709644318
vn 0.8631072044372559 -0.5035430192947388 -0.038605477660894394
vn 0.8631072044372559 -0.5035430192947388 -0.038605477660894394
vn 0.8622742891311646 -0.5030571222305298 -0.05845191702246666
vn 0.8622742891311646 -0.5030571222305298 -0.05845191702246666
vn 0.861613929271698 -0.5026718974113464 -0.07030192017555237
vn 0.861613929271698 -0.5026718974113464 -0.07030192017555237
vn 0.8616880178451538 -0.5027151107788086 -0.06907422840595245
vn 0.8616880178451538 -0.5027151107788086 -0.06907422840595245
vn 0.8624079823493958 -0.5031351447105408 -0.05574528127908707
vn 0.8624079823493958 -0.5031351447105408 -0.05574528127908707
vn 0.8632537126541138 -0.5036285519599915 -0.03393107280135155
vn 0.8632537126541138 -0.5036285519599915 -0.03393107280135155
vn 0.8635802268981934 -0.5038190484046936 -0.01988837495446205
vn 0.8635802268981934 -0.5038190484046936 -0.01988837495446205
vn 0.8637382984161377 -0.5039112567901611 -0.0054427036084234715
vn 0.8637382984161377 -0.5039112567901611 -0.0054427036084234715
vn 0.8637236952781677 -0.5039027333259583 0.007961706258356571
vn 0.8637236952781677 -0.5039027333259583 0.007961706258356571
vn 0.8635725975036621 -0.5038145780563354 0.020328275859355927
vn 0.8635725975036621 -0.5038145780563354 0.020328275859355927
vn 0.8629899621009827 -0.5034746527671814 0.041971758008003235
vn 0.8629899621009827 -0.5034746527671814 0.041971758008003235
vn 0.8622183203697205 -0.5030244588851929 0.0595477856695652
vn 0.8622183203697205 -0.5030244588851929 0.0595477856695652
vn 0.8614386320114136 -0.5025696158409119 0.07312534004449844
vn 0.8614386320114136 -0.5025696158409119 0.07312534004449844
vn 0.8607872724533081 -0.502189576625824 0.08276977390050888
vn 0.8607872724533081 -0.502189576625824 0.08276977390050888
vn 0.8602104783058167 -0.5018531084060669 0.0904512032866478
vn 0.8602104783058167 -0.5018531084060669 0.0904512032866478
vn 0.8637403249740601 -0.5039124488830566 0.0049873096868395805
vn -0.6568355560302734 0.7540173530578613 0.0049873096868395805
vn -0.6568355560302734 0.7540173530578613 0.0049873096868395805
vn -0.6568030118942261 0.7539799809455872 -0.011134538799524307
vn -0.6568030118942261 0.7539799809455872 -0.011134538799524307
vn -0.6566251516342163 0.7537758350372314 -0.025794334709644318
vn -0.6566251516342163 0.7537758350372314 -0.025794334709644318
vn -0.6563540697097778 0.7534646391868591 -0.038605477660894394
vn -0.6563540697097778 0.7534646391868591 -0.038605477660894394
vn -0.6557206511497498 0.7527375221252441 -0.05845191702246666
vn -0.6557206511497498 0.7527375221252441 -0.05845191702246666
vn -0.6552185416221619 0.7521610856056213 -0.07030192017555237
vn -0.6552185416221619 0.7521610856056213 -0.07030192017555237
vn -0.6552748680114746 0.7522257566452026 -0.06907422840595245
vn -0.6552748680114746 0.7522257566452026 -0.06907422840595245
vn -0.6558223366737366 0.7528542280197144 -0.05574528127908707
vn -0.6558223366737366 0.7528542280197144 -0.05574528127908707
vn -0.6564655303955078 0.7535925507545471 -0.03393107280135155
vn -0.6564655303955078 0.7535925507545471 -0.03393107280135155
vn -0.6567137837409973 0.753877580165863 -0.01988837495446205
vn -0.6567137837409973 0.753877580165863 -0.01988837495446205
vn -0.6568340063095093 0.7540155649185181 -0.0054427036084234715
vn -0.656822919845581 0.7540028095245361 0.007961706258356571
vn -0.6568340063095093 0.7540155649185181 -0.0054427036084234715
vn -0.6567080020904541 0.7538709044456482 0.020328275859355927
vn -0.656822919845581 0.7540028095245361 0.007961706258356571
vn -0.6562649011611938 0.7533622980117798 0.041971758008003235
vn -0.6567080020904541 0.7538709044456482 0.020328275859355927
vn -0.6556781530380249 0.7526887059211731 0.0595477856695652
vn -0.6562649011611938 0.7533622980117798 0.041971758008003235
vn -0.6550852060317993 0.7520080208778381 0.07312534004449844
vn -0.6556781530380249 0.7526887059211731 0.0595477856695652
vn -0.6545898914337158 0.7514394521713257 0.08276977390050888
vn -0.6550852060317993 0.7520080208778381 0.07312534004449844
vn -0.6541512608528137 0.7509359121322632 0.0904512032866478
vn -0.6545898914337158 0.7514394521713257 0.08276977390050888
vn -0.6541512608528137 0.7509359121322632 0.0904512032866478
vn 0.8936768770217896 -0.44868338108062744 0.0049873096868395805
vn 0.8936325907707214 -0.4486611485481262 -0.011134538799524307
vn 0.8936325907707214 -0.4486611485481262 -0.011134538799524307
vn 0.8933906555175781 -0.448539674282074 -0.025794334709644318
vn 0.8933906555175781 -0.448539674282074 -0.025794334709644318
vn 0.8930217623710632 -0.44835448265075684 -0.038605477660894394
vn 0.8930217623710632 -0.44835448265075684 -0.038605477660894394
vn 0.8921599984169006 -0.4479218125343323 -0.05845191702246666
vn 0.8921599984169006 -0.4479218125343323 -0.05845191702246666
vn 0.8914768099784851 -0.4475787878036499 -0.07030192017555237
vn 0.8914768099784851 -0.4475787878036499 -0.07030192017555237
vn 0.8915534615516663 -0.4476172626018524 -0.06907422840595245
vn 0.8915534615516663 -0.4476172626018524 -0.06907422840595245
vn 0.8922983407974243 -0.4479912519454956 -0.05574528127908707
vn 0.8922983407974243 -0.4479912519454956 -0.05574528127908707
vn 0.8931733965873718 -0.448430597782135 -0.03393107280135155
vn 0.8931733965873718 -0.448430597782135 -0.03393107280135155
vn 0.8935112357139587 -0.4486002027988434 -0.01988837495446205
vn 0.8935112357139587 -0.4486002027988434 -0.01988837495446205
vn 0.8936747312545776 -0.4486823081970215 -0.0054427036084234715
vn 0.8936747312545776 -0.4486823081970215 -0.0054427036084234715
vn 0.8936596512794495 -0.448674738407135 0.007961706258356571
vn 0.8936596512794495 -0.448674738407135 0.007961706258356571
vn 0.8935033082962036 -0.4485962390899658 0.020328275859355927
vn 0.8935033082962036 -0.4485962390899658 0.020328275859355927
vn 0.8929004669189453 -0.4482935667037964 0.041971758008003235
vn 0.8929004669189453 -0.4482935667037964 0.041971758008003235
vn 0.8921021223068237 -0.4478927254676819 0.0595477856695652
vn 0.8921021223068237 -0.4478927254676819 0.0595477856695652
vn 0.8912953734397888 -0.4474877119064331 0.07312534004449844
vn 0.8912953734397888 -0.4474877119064331 0.07312534004449844
vn 0.8906214833259583 -0.4471493661403656 0.08276977390050888
vn 0.8906214833259583 -0.4471493661403656 0.08276977390050888
vn 0.8900246620178223 -0.4468497335910797 0.0904512032866478
vn 0.8900246620178223 -0.4468497335910797 0.0904512032866478
vn 0.8936768770217896 -0.44868338108062744 0.0049873096868395805
vn -0.7028846144676208 0.7112864255905151 0.0049873096868395805
vn -0.7028846144676208 0.7112864255905151 0.0049873096868395805
vn -0.7028497457504272 0.7112511992454529 -0.011134538799524307
vn -0.7028497457504272 0.7112511992454529 -0.011134538799524307
vn -0.7026594877243042 0.7110586166381836 -0.025794334709644318
vn -0.7026594877243042 0.7110586166381836 -0.025794334709644318
vn -0.7023693323135376 0.71076500415802 -0.038605477660894394
vn -0.7023693323135376 0.71076500415802 -0.038605477660894394
vn -0.7016915678977966 0.7100791335105896 -0.05845191702246666
vn -0.7016915678977966 0.7100791335105896 -0.05845191702246666
vn -0.7011542320251465 0.7095353603363037 -0.07030192017555237
vn -0.7011542320251465 0.7095353603363037 -0.07030192017555237
vn -0.7012144923210144 0.7095963358879089 -0.06907422840595245
vn -0.7012144923210144 0.7095963358879089 -0.06907422840595245
vn -0.7018003463745117 0.7101892232894897 -0.05574528127908707
vn -0.7018003463745117 0.7101892232894897 -0.05574528127908707
vn -0.7024886012077332 0.7108857035636902 -0.03393107280135155
vn -0.7024886012077332 0.7108857035636902 -0.03393107280135155
vn -0.7027543187141418 0.711154580116272 -0.01988837495446205
vn -0.7027543187141418 0.711154580116272 -0.01988837495446205
vn -0.7028829455375671 0.7112847566604614 -0.0054427036084234715
vn -0.7028710246086121 0.7112727165222168 0.007961706258356571
vn -0.7028829455375671 0.7112847566604614 -0.0054427036084234715
vn -0.7027480602264404 0.7111482620239258 0.020328275859355927
vn -0.7028710246086121 0.7112727165222168 0.007961706258356571
vn -0.702273964881897 0.7106685042381287 0.041971758008003235
vn -0.7027480602264404 0.7111482620239258 0.020328275859355927
vn -0.7016460299491882 0.7100330591201782 0.0595477856695652
vn -0.702273964881897 0.7106685042381287 0.041971758008003235
vn -0.7010115385055542 0.7093909382820129 0.07312534004449844
vn -0.7016460299491882 0.7100330591201782 0.0595477856695652
vn -0.7004814743995667 0.708854615688324 0.08276977390050888
vn -0.7010115385055542 0.7093909382820129 0.07312534004449844
vn -0.7000120878219604 0.7083795666694641 0.0904512032866478
vn -0.7004814743995667 0.708854615688324 0.08276977390050888
vn -0.7000120878219604 0.7083795666694641 0.0904512032866478
vn 0.9200864434242249 -0.39168357849121094 0.0049873096868395805
vn 0.9200408458709717 -0.39166414737701416 -0.011134538799524307
vn 0.9200408458709717 -0.39166414737701416 -0.011134538799524307
vn 0.9197917580604553 -0.39155811071395874 -0.025794334709644318
vn 0.9197917580604553 -0.39155811071395874 -0.025794334709644318
vn 0.9194120168685913 -0.3913964331150055 -0.038605477660894394
vn 0.9194120168685913 -0.3913964331150055 -0.038605477660894394
vn 0.9185247421264648 -0.39101874828338623 -0.05845191702246666
vn 0.9185247421264648 -0.39101874828338623 -0.05845191702246666
vn 0.9178213477134705 -0.39071929454803467 -0.07030192017555237
vn 0.9178213477134705 -0.39071929454803467 -0.07030192017555237
vn 0.9179002642631531 -0.390752911567688 -0.06907422840595245
vn 0.9179002642631531 -0.390752911567688 -0.06907422840595245
vn 0.918667197227478 -0.3910793662071228 -0.05574528127908707
vn 0.918667197227478 -0.3910793662071228 -0.05574528127908707
vn 0.9195681214332581 -0.39146289229393005 -0.03393107280135155
vn 0.9195681214332581 -0.39146289229393005 -0.03393107280135155
vn 0.9199159145355225 -0.3916109502315521 -0.01988837495446205
vn 0.9199159145355225 -0.3916109502315521 -0.01988837495446205
vn 0.9200842976570129 -0.39168262481689453 -0.0054427036084234715
vn 0.9200842976570129 -0.39168262481689453 -0.0054427036084234715
vn 0.9200687408447266 -0.39167600870132446 0.007961706258356571
vn 0.9200687408447266 -0.39167600870132446 0.007961706258356571
vn 0.919907808303833 -0.39160749316215515 0.020328275859355927
vn 0.919907808303833 -0.39160749316215515 0.020328275859355927
vn 0.9192871451377869 -0.39134329557418823 0.041971758008003235
vn 0.9192871451377869 -0.39134329557418823 0.041971758008003235
vn 0.9184651374816895 -0.3909933567047119 0.0595477856695652
vn 0.9184651374816895 -0.3909933567047119 0.0595477856695652
vn 0.9176346063613892 -0.3906397819519043 0.07312534004449844
vn 0.9176346063613892 -0.3906397819519043 0.07312534004449844
vn 0.9169407486915588 -0.39034444093704224 0.08276977390050888
vn 0.9169407486915588 -0.39034444093704224 0.08276977390050888
vn 0.9163263440132141 -0.39008286595344543 0.0904512032866478
vn 0.9163263440132141 -0.39008286595344543 0.0904512032866478
vn 0.9200864434242249 -0.39168357849121094 0.0049873096868395805
vn -0.7461596727371216 0.6657483577728271 0.0049873096868395805
vn -0.7461596727371216 0.6657483577728271 0.0049873096868395805
vn -0.7461226582527161 0.6657153964042664 -0.011134538799524307
vn -0.7461226582527161 0.6657153964042664 -0.011134538799524307
vn -0.7459206581115723 0.6655351519584656 -0.025794334709644318
vn -0.7459206581115723 0.6655351519584656 -0.025794334709644318
vn -0.7456126809120178 0.665260374546051 -0.038605477660894394
vn -0.7456126809120178 0.665260374546051 -0.038605477660894394
vn -0.7448931336402893 0.6646183729171753 -0.05845191702246666
vn -0.7448931336402893 0.6646183729171753 -0.05845191702246666
vn -0.7443227171897888 0.6641094088554382 -0.07030192017555237
vn -0.7443227171897888 0.6641094088554382 -0.07030192017555237
vn -0.7443867325782776 0.6641665101051331 -0.06907422840595245
vn -0.7443867325782776 0.6641665101051331 -0.06907422840595245
vn -0.745008647441864 0.6647214293479919 -0.05574528127908707
vn -0.745008647441864 0.6647214293479919 -0.05574528127908707
vn -0.7457392811775208 0.6653733253479004 -0.03393107280135155
vn -0.7457392811775208 0.6653733253479004 -0.03393107280135155
vn -0.7460213303565979 0.6656249761581421 -0.01988837495446205
vn -0.7460213303565979 0.6656249761581421 -0.01988837495446205
vn -0.7461578845977783 0.665746808052063 -0.0054427036084234715
vn -0.7461453080177307 0.6657355427742004 0.007961706258356571
vn -0.7461578845977783 0.665746808052063 -0.0054427036084234715
vn -0.7460147142410278 0.6656190752983093 0.020328275859355927
vn -0.7461453080177307 0.6657355427742004 0.007961706258356571
vn -0.7455114126205444 0.6651700139045715 0.041971758008003235
vn -0.7460147142410278 0.6656190752983093 0.020328275859355927
vn -0.7448447942733765 0.6645752191543579 0.0595477856695652
vn -0.7455114126205444 0.6651700139045715 0.041971758008003235
vn -0.7441712617874146 0.6639742851257324 0.07312534004449844
vn -0.7448447942733765 0.6645752191543579 0.0595477856695652
vn -0.7436085939407349 0.6634722352027893 0.08276977390050888
vn -0.7441712617874146 0.6639742851257324 0.07312534004449844
vn -0.7431102991104126 0.6630276441574097 0.0904512032866478
vn -0.7436085939407349 0.6634722352027893 0.08276977390050888
vn -0.7431102991104126 0.6630276441574097 0.0904512032866478
vn 0.9428648948669434 -0.33313795924186707 0.0049873096868395805
vn 0.9428181648254395 -0.3331214487552643 -0.011134538799524307
vn 0.9428181648254395 -0.3331214487552643 -0.011134538799524307
vn 0.9425628781318665 -0.3330312669277191 -0.025794334709644318
vn 0.9425628781318665 -0.3330312669277191 -0.025794334709644318
vn 0.9421737194061279 -0.3328937590122223 -0.038605477660894394
vn 0.9421737194061279 -0.3328937590122223 -0.038605477660894394
vn 0.9412645101547241 -0.3325725197792053 -0.05845191702246666
vn 0.9412645101547241 -0.3325725197792053 -0.05845191702246666
vn 0.9405437111854553 -0.3323178291320801 -0.07030192017555237
vn 0.9405437111854553 -0.3323178291320801 -0.07030192017555237
vn 0.9406245946884155 -0.3323464095592499 -0.06907422840595245
vn 0.9406245946884155 -0.3323464095592499 -0.06907422840595245
vn 0.941410481929779 -0.33262407779693604 -0.05574528127908707
vn 0.941410481929779 -0.33262407779693604 -0.05574528127908707
vn 0.9423336982727051 -0.33295026421546936 -0.03393107280135155
vn 0.9423336982727051 -0.33295026421546936 -0.03393107280135155
vn 0.9426901340484619 -0.33307620882987976 -0.01988837495446205
vn 0.9426901340484619 -0.33307620882987976 -0.01988837495446205
vn 0.9428626894950867 -0.333137184381485 -0.0054427036084234715
vn 0.9428626894950867 -0.333137184381485 -0.0054427036084234715
vn 0.9428467154502869 -0.3331315517425537 0.007961706258356571
vn 0.9428467154502869 -0.3331315517425537 0.007961706258356571
vn 0.9426817893981934 -0.3330732583999634 0.020328275859355927
vn 0.9426817893981934 -0.3330732583999634 0.020328275859355927
vn 0.9420457482337952 -0.33284854888916016 0.041971758008003235
vn 0.9420457482337952 -0.33284854888916016 0.041971758008003235
vn 0.9412034749984741 -0.33255094289779663 0.0595477856695652
vn 0.9412034749984741 -0.33255094289779663 0.0595477856695652
vn 0.9403523206710815 -0.3322502076625824 0.07312534004449844
vn 0.9403523206710815 -0.3322502076625824 0.07312534004449844
vn 0.9396413564682007 -0.3319990038871765 0.08276977390050888
vn 0.9396413564682007 -0.3319990038871765 0.08276977390050888
vn 0.9390116930007935 -0.33177652955055237 0.0904512032866478
vn 0.9390116930007935 -0.33177652955055237 0.0904512032866478
vn 0.9428648948669434 -0.33313795924186707 0.0049873096868395805
vn -0.7864899635314941 0.6175829172134399 0.0049873096868395805
vn -0.7864899635314941 0.6175829172134399 0.0049873096868395805
vn -0.786450982093811 0.6175523400306702 -0.011134538799524307
vn -0.786450982093811 0.6175523400306702 -0.011134538799524307
vn -0.7862380743026733 0.6173850893974304 -0.025794334709644318
vn -0.7862380743026733 0.6173850893974304 -0.025794334709644318
vn -0.7859134078025818 0.6171302199363708 -0.038605477660894394
vn -0.7859134078025818 0.6171302199363708 -0.038605477660894394
vn -0.7851549983024597 0.6165346503257751 -0.05845191702246666
vn -0.7851549983024597 0.6165346503257751 -0.05845191702246666
vn -0.7845537662506104 0.6160625219345093 -0.07030192017555237
vn -0.7845537662506104 0.6160625219345093 -0.07030192017555237
vn -0.7846211791038513 0.6161155104637146 -0.06907422840595245
vn -0.7846211791038513 0.6161155104637146 -0.06907422840595245
vn -0.7852767705917358 0.6166302561759949 -0.05574528127908707
vn -0.7852767705917358 0.6166302561759949 -0.05574528127908707
vn -0.7860468626022339 0.617235004901886 -0.03393107280135155
vn -0.7860468626022339 0.617235004901886 -0.03393107280135155
vn -0.7863441705703735 0.6174684762954712 -0.01988837495446205
vn -0.7863441705703735 0.6174684762954712 -0.01988837495446205
vn -0.7864881157875061 0.6175814270973206 -0.0054427036084234715
vn -0.7864748239517212 0.6175710558891296 0.007961706258356571
vn -0.7864881157875061 0.6175814270973206 -0.0054427036084234715
vn -0.7863371968269348 0.6174629926681519 0.020328275859355927
vn -0.7864748239517212 0.6175710558891296 0.007961706258356571
vn -0.7858066558837891 0.6170463562011719 0.041971758008003235
vn -0.7863371968269348 0.6174629926681519 0.020328275859355927
vn -0.7851040363311768 0.6164946556091309 0.0595477856695652
vn -0.7858066558837891 0.6170463562011719 0.041971758008003235
vn -0.7843940854072571 0.6159371733665466 0.07312534004449844
vn -0.7851040363311768 0.6164946556091309 0.0595477856695652
vn -0.7838010191917419 0.6154714822769165 0.08276977390050888
vn -0.7843940854072571 0.6159371733665466 0.07312534004449844
vn -0.7832757830619812 0.6150590181350708 0.0904512032866478
vn -0.7838010191917419 0.6154714822769165 0.08276977390050888
vn -0.7832757830619812 0.6150590181350708 0.0904512032866478
vn 0.961922287940979 -0.27327761054039 0.0049873096868395805
vn 0.9618746042251587 -0.273264080286026 -0.011134538799524307
vn 0.9618746042251587 -0.273264080286026 -0.011134538799524307
vn 0.961614191532135 -0.27319008111953735 -0.025794334709644318
vn 0.961614191532135 -0.27319008111953735 -0.025794334709644318
vn 0.9612171649932861 -0.2730772793292999 -0.038605477660894394
vn 0.9612171649932861 -0.2730772793292999 -0.038605477660894394
vn 0.9602895379066467 -0.2728137671947479 -0.05845191702246666
vn 0.9602895379066467 -0.2728137671947479 -0.05845191702246666
vn 0.9595541954040527 -0.2726048529148102 -0.07030192017555237
vn 0.9595541954040527 -0.2726048529148102 -0.07030192017555237
vn 0.9596366882324219 -0.2726282775402069 -0.06907422840595245
vn 0.9596366882324219 -0.2726282775402069 -0.06907422840595245
vn 0.9604384303092957 -0.27285605669021606 -0.05574528127908707
vn 0.9604384303092957 -0.27285605669021606 -0.05574528127908707
vn 0.9613803625106812 -0.2731236517429352 -0.03393107280135155
vn 0.9613803625106812 -0.2731236517429352 -0.03393107280135155
vn 0.961743950843811 -0.27322694659233093 -0.01988837495446205
vn 0.961743950843811 -0.27322694659233093 -0.01988837495446205
vn 0.9619200229644775 -0.2732769548892975 -0.0054427036084234715
vn 0.9619200229644775 -0.2732769548892975 -0.0054427036084234715
vn 0.9619037508964539 -0.2732723355293274 0.007961706258356571
vn 0.9619037508964539 -0.2732723355293274 0.007961706258356571
vn 0.9617354869842529 -0.27322453260421753 0.020328275859355927
vn 0.9617354869842529 -0.27322453260421753 0.020328275859355927
vn 0.9610865712165833 -0.27304020524024963 0.041971758008003235
vn 0.9610865712165833 -0.27304020524024963 0.041971758008003235
vn 0.9602272510528564 -0.27279606461524963 0.0595477856695652
vn 0.9602272510528564 -0.27279606461524963 0.0595477856695652
vn 0.9593589305877686 -0.2725493609905243 0.07312534004449844
vn 0.9593589305877686 -0.2725493609905243 0.07312534004449844
vn 0.958633542060852 -0.27234330773353577 0.08276977390050888
vn 0.958633542060852 -0.27234330773353577 0.08276977390050888
vn 0.9579911828041077 -0.2721607983112335 0.0904512032866478
vn 0.9579911828041077 -0.2721607983112335 0.0904512032866478
vn 0.961922287940979 -0.27327761054039 0.0049873096868395805
vn -0.8237163424491882 0.5669801235198975 0.0049873096868395805
vn -0.8237163424491882 0.5669801235198975 0.0049873096868395805
vn -0.8236755132675171 0.5669520497322083 -0.011134538799524307
vn -0.8236755132675171 0.5669520497322083 -0.011134538799524307
vn -0.8234525322914124 0.5667985677719116 -0.025794334709644318
vn -0.8234525322914124 0.5667985677719116 -0.025794334709644318
vn -0.8231125473976135 0.5665645003318787 -0.038605477660894394
vn -0.8231125473976135 0.5665645003318787 -0.038605477660894394
vn -0.8223181962966919 0.5660178065299988 -0.05845191702246666
vn -0.8223181962966919 0.5660178065299988 -0.05845191702246666
vn -0.8216884732246399 0.5655843615531921 -0.07030192017555237
vn -0.8216884732246399 0.5655843615531921 -0.07030192017555237
vn -0.8217591643333435 0.5656329393386841 -0.06907422840595245
vn -0.8217591643333435 0.5656329393386841 -0.06907422840595245
vn -0.8224457502365112 0.5661055445671082 -0.05574528127908707
vn -0.8224457502365112 0.5661055445671082 -0.05574528127908707
vn -0.823252260684967 0.5666607022285461 -0.03393107280135155
vn -0.823252260684967 0.5666607022285461 -0.03393107280135155
vn -0.8235636949539185 0.5668750405311584 -0.01988837495446205
vn -0.8235636949539185 0.5668750405311584 -0.01988837495446205
vn -0.8237143754959106 0.5669788122177124 -0.0054427036084234715
vn -0.823700487613678 0.5669692158699036 0.007961706258356571
vn -0.8237143754959106 0.5669788122177124 -0.0054427036084234715
vn -0.8235563635826111 0.5668700337409973 0.020328275859355927
vn -0.823700487613678 0.5669692158699036 0.007961706258356571
vn -0.8230007290840149 0.5664875507354736 0.041971758008003235
vn -0.8235563635826111 0.5668700337409973 0.020328275859355927
vn -0.8222648501396179 0.5659810304641724 0.0595477856695652
vn -0.8230007290840149 0.5664875507354736 0.041971758008003235
vn -0.8215212821960449 0.5654692649841309 0.07312534004449844
vn -0.8222648501396179 0.5659810304641724 0.0595477856695652
vn -0.8209001421928406 0.565041720867157 0.08276977390050888
vn -0.8215212821960449 0.5654692649841309 0.07312534004449844
vn -0.8203500509262085 0.5646630525588989 0.0904512032866478
vn -0.8209001421928406 0.565041720867157 0.08276977390050888
vn -0.8203500509262085 0.5646630525588989 0.0904512032866478
vn 0.9771834015846252 -0.21233876049518585 0.0049873096868395805
vn 0.9771349430084229 -0.212328240275383 -0.011134538799524307
vn 0.9771349430084229 -0.212328240275383 -0.011134538799524307
vn 0.9768704175949097 -0.21227075159549713 -0.025794334709644318
vn 0.9768704175949097 -0.21227075159549713 -0.025794334709644318
vn 0.9764670729637146 -0.21218310296535492 -0.038605477660894394
vn 0.9764670729637146 -0.21218310296535492 -0.038605477660894394
vn 0.9755247831344604 -0.21197834610939026 -0.05845191702246666
vn 0.9755247831344604 -0.21197834610939026 -0.05845191702246666
vn 0.9747776985168457 -0.21181601285934448 -0.07030192017555237
vn 0.9747776985168457 -0.21181601285934448 -0.07030192017555237
vn 0.9748615622520447 -0.21183423697948456 -0.06907422840595245
vn 0.9748615622520447 -0.21183423697948456 -0.06907422840595245
vn 0.9756760001182556 -0.2120112180709839 -0.05574528127908707
vn 0.9756760001182556 -0.2120112180709839 -0.05574528127908707
vn 0.976632833480835 -0.21221913397312164 -0.03393107280135155
vn 0.976632833480835 -0.21221913397312164 -0.03393107280135155
vn 0.9770022630691528 -0.2122994065284729 -0.01988837495446205
vn 0.9770022630691528 -0.2122994065284729 -0.01988837495446205
vn 0.977181077003479 -0.21233825385570526 -0.0054427036084234715
vn 0.977181077003479 -0.21233825385570526 -0.0054427036084234715
vn 0.9771645665168762 -0.21233467757701874 0.007961706258356571
vn 0.9771645665168762 -0.21233467757701874 0.007961706258356571
vn 0.9769936203956604 -0.21229752898216248 0.020328275859355927
vn 0.9769936203956604 -0.21229752898216248 0.020328275859355927
vn 0.9763344526290894 -0.21215428411960602 0.041971758008003235
vn 0.9763344526290894 -0.21215428411960602 0.041971758008003235
vn 0.975461483001709 -0.21196459233760834 0.0595477856695652
vn 0.975461483001709 -0.21196459233760834 0.0595477856695652
vn 0.9745793342590332 -0.21177291870117188 0.07312534004449844
vn 0.9745793342590332 -0.21177291870117188 0.07312534004449844
vn 0.9738425016403198 -0.2116127908229828 0.08276977390050888
vn 0.9738425016403198 -0.2116127908229828 0.08276977390050888
vn 0.9731898903846741 -0.21147099137306213 0.0904512032866478
vn 0.9731898903846741 -0.21147099137306213 0.0904512032866478
vn 0.9771834015846252 -0.21233876049518585 0.0049873096868395805
vn -0.8576919436454773 0.5141397714614868 0.0049873096868395805
vn -0.8576919436454773 0.5141397714614868 0.0049873096868395805
vn -0.8576494455337524 0.514114260673523 -0.011134538799524307
vn -0.8576494455337524 0.514114260673523 -0.011134538799524307
vn -0.8574172258377075 0.5139750838279724 -0.025794334709644318
vn -0.8574172258377075 0.5139750838279724 -0.025794334709644318
vn -0.8570631742477417 0.513762891292572 -0.038605477660894394
vn -0.8570631742477417 0.513762891292572 -0.038605477660894394
vn -0.8562361001968384 0.5132670998573303 -0.05845191702246666
vn -0.8562361001968384 0.5132670998573303 -0.05845191702246666
vn -0.8555804491043091 0.5128740668296814 -0.07030192017555237
vn -0.8555804491043091 0.5128740668296814 -0.07030192017555237
vn -0.8556540012359619 0.5129181146621704 -0.06907422840595245
vn -0.8556540012359619 0.5129181146621704 -0.06907422840595245
vn -0.856368899345398 0.5133466720581055 -0.05574528127908707
vn -0.856368899345398 0.5133466720581055 -0.05574528127908707
vn -0.8572087287902832 0.5138500928878784 -0.03393107280135155
vn -0.8572087287902832 0.5138500928878784 -0.03393107280135155
vn -0.8575329184532166 0.514044463634491 -0.01988837495446205
vn -0.8575329184532166 0.514044463634491 -0.01988837495446205
vn -0.8576898574829102 0.5141385197639465 -0.0054427036084234715
vn -0.8576753735542297 0.5141298770904541 0.007961706258356571
vn -0.8576898574829102 0.5141385197639465 -0.0054427036084234715
vn -0.8575253486633301 0.514039933681488 0.020328275859355927
vn -0.8576753735542297 0.5141298770904541 0.007961706258356571
vn -0.8569467663764954 0.51369309425354 0.041971758008003235
vn -0.8575253486633301 0.514039933681488 0.020328275859355927
vn -0.8561805486679077 0.5132337808609009 0.0595477856695652
vn -0.8569467663764954 0.51369309425354 0.041971758008003235
vn -0.8554062843322754 0.5127696394920349 0.07312534004449844
vn -0.8561805486679077 0.5132337808609009 0.0595477856695652
vn -0.8547595739364624 0.5123819708824158 0.08276977390050888
vn -0.8554062843322754 0.5127696394920349 0.07312534004449844
vn -0.8541867733001709 0.5120385885238647 0.0904512032866478
vn -0.8547595739364624 0.5123819708824158 0.08276977390050888
vn -0.8541867733001709 0.5120385885238647 0.0904512032866478
vn 0.9885879755020142 -0.15056191384792328 0.0049873096868395805
vn 0.9885390400886536 -0.15055444836616516 -0.011134538799524307
vn 0.9885390400886536 -0.15055444836616516 -0.011134538799524307
vn 0.9882713556289673 -0.1505136787891388 -0.025794334709644318
vn 0.9882713556289673 -0.1505136787891388 -0.025794334709644318
vn 0.987863302230835 -0.15045154094696045 -0.038605477660894394
vn 0.987863302230835 -0.15045154094696045 -0.038605477660894394
vn 0.9869099855422974 -0.1503063440322876 -0.05845191702246666
vn 0.9869099855422974 -0.1503063440322876 -0.05845191702246666
vn 0.9861542582511902 -0.15019124746322632 -0.07030192017555237
vn 0.9861542582511902 -0.15019124746322632 -0.07030192017555237
vn 0.9862390756607056 -0.15020416676998138 -0.06907422840595245
vn 0.9862390756607056 -0.15020416676998138 -0.06907422840595245
vn 0.9870630502700806 -0.15032964944839478 -0.05574528127908707
vn 0.9870630502700806 -0.15032964944839478 -0.05574528127908707
vn 0.9880310297012329 -0.1504770815372467 -0.03393107280135155
vn 0.9880310297012329 -0.1504770815372467 -0.03393107280135155
vn 0.9884047508239746 -0.1505340039730072 -0.01988837495446205
vn 0.9884047508239746 -0.1505340039730072 -0.01988837495446205
vn 0.9885856509208679 -0.15056155622005463 -0.0054427036084234715
vn 0.9885856509208679 -0.15056155622005463 -0.0054427036084234715
vn 0.9885689616203308 -0.15055900812149048 0.007961706258356571
vn 0.9885689616203308 -0.15055900812149048 0.007961706258356571
vn 0.9883959889411926 -0.15053266286849976 0.020328275859355927
vn 0.9883959889411926 -0.15053266286849976 0.020328275859355927
vn 0.9877291321754456 -0.1504310965538025 0.041971758008003235
vn 0.9877291321754456 -0.1504310965538025 0.041971758008003235
vn 0.9868459701538086 -0.15029659867286682 0.0595477856695652
vn 0.9868459701538086 -0.15029659867286682 0.0595477856695652
vn 0.9859535694122314 -0.15016068518161774 0.07312534004449844
vn 0.9859535694122314 -0.15016068518161774 0.07312534004449844
vn 0.9852080941200256 -0.1500471532344818 0.08276977390050888
vn 0.9852080941200256 -0.1500471532344818 0.08276977390050888
vn 0.9845479130744934 -0.14994660019874573 0.0904512032866478
vn 0.9845479130744934 -0.14994660019874573 0.0904512032866478
vn 0.9885879755020142 -0.15056191384792328 0.0049873096868395805
vn -0.8882825374603271 0.45927029848098755 0.0049873096868395805
vn -0.8882825374603271 0.45927029848098755 0.0049873096868395805
vn -0.8882385492324829 0.45924755930900574 -0.011134538799524307
vn -0.8882385492324829 0.45924755930900574 -0.011134538799524307
vn -0.8879980444908142 0.4591231942176819 -0.025794334709644318
vn -0.8879980444908142 0.4591231942176819 -0.025794334709644318
vn -0.8876314163208008 0.45893365144729614 -0.038605477660894394
vn -0.8876314163208008 0.45893365144729614 -0.038605477660894394
vn -0.8867748379707336 0.4584907591342926 -0.05845191702246666
vn -0.8867748379707336 0.4584907591342926 -0.05845191702246666
vn -0.8860957622528076 0.45813965797424316 -0.07030192017555237
vn -0.8860957622528076 0.45813965797424316 -0.07030192017555237
vn -0.8861719369888306 0.4581790566444397 -0.06907422840595245
vn -0.8861719369888306 0.4581790566444397 -0.06907422840595245
vn -0.8869123458862305 0.45856186747550964 -0.05574528127908707
vn -0.8869123458862305 0.45856186747550964 -0.05574528127908707
vn -0.887782096862793 0.4590115547180176 -0.03393107280135155
vn -0.887782096862793 0.4590115547180176 -0.03393107280135155
vn -0.8881179094314575 0.4591851830482483 -0.01988837495446205
vn -0.8881179094314575 0.4591851830482483 -0.01988837495446205
vn -0.88828045129776 0.4592692255973816 -0.0054427036084234715
vn -0.8882654309272766 0.4592614769935608 0.007961706258356571
vn -0.88828045129776 0.4592692255973816 -0.0054427036084234715
vn -0.8881100416183472 0.4591811001300812 0.020328275859355927
vn -0.8882654309272766 0.4592614769935608 0.007961706258356571
vn -0.8875108361244202 0.4588713049888611 0.041971758008003235
vn -0.8881100416183472 0.4591811001300812 0.020328275859355927
vn -0.8867173194885254 0.4584610164165497 0.0595477856695652
vn -0.8875108361244202 0.4588713049888611 0.041971758008003235
vn -0.8859154582023621 0.45804643630981445 0.07312534004449844
vn -0.8867173194885254 0.4584610164165497 0.0595477856695652
vn -0.8852456212043762 0.45770010352134705 0.08276977390050888
vn -0.8859154582023621 0.45804643630981445 0.07312534004449844
vn -0.8846523761749268 0.4573934078216553 0.0904512032866478
vn -0.8852456212043762 0.45770010352134705 0.08276977390050888
vn -0.8846523761749268 0.4573934078216553 0.0904512032866478
vn 0.9960911273956299 -0.08819085359573364 0.0049873096868395805
vn 0.9960417747497559 -0.08818648010492325 -0.011134538799524307
vn 0.9960417747497559 -0.08818648010492325 -0.011134538799524307
vn 0.9957720637321472 -0.0881626084446907 -0.025794334709644318
vn 0.9957720637321472 -0.0881626084446907 -0.025794334709644318
vn 0.9953609108924866 -0.08812620490789413 -0.038605477660894394
vn 0.9953609108924866 -0.08812620490789413 -0.038605477660894394
vn 0.9944003820419312 -0.08804116398096085 -0.05845191702246666
vn 0.9944003820419312 -0.08804116398096085 -0.05845191702246666
vn 0.9936388731002808 -0.08797374367713928 -0.07030192017555237
vn 0.9936388731002808 -0.08797374367713928 -0.07030192017555237
vn 0.9937243461608887 -0.08798130601644516 -0.06907422840595245
vn 0.9937243461608887 -0.08798130601644516 -0.06907422840595245
vn 0.9945545792579651 -0.08805481344461441 -0.05574528127908707
vn 0.9945545792579651 -0.08805481344461441 -0.05574528127908707
vn 0.9955298900604248 -0.08814116567373276 -0.03393107280135155
vn 0.9955298900604248 -0.08814116567373276 -0.03393107280135155
vn 0.9959064722061157 -0.08817450702190399 -0.01988837495446205
vn 0.9959064722061157 -0.08817450702190399 -0.01988837495446205
vn 0.9960887432098389 -0.08819064497947693 -0.0054427036084234715
vn 0.9960887432098389 -0.08819064497947693 -0.0054427036084234715
vn 0.9960719347000122 -0.08818915486335754 0.007961706258356571
vn 0.9960719347000122 -0.08818915486335754 0.007961706258356571
vn 0.995897650718689 -0.08817372471094131 0.020328275859355927
vn 0.995897650718689 -0.08817372471094131 0.020328275859355927
vn 0.995225727558136 -0.08811423182487488 0.041971758008003235
vn 0.995225727558136 -0.08811423182487488 0.041971758008003235
vn 0.9943358898162842 -0.088035449385643 0.0595477856695652
vn 0.9943358898162842 -0.088035449385643 0.0595477856695652
vn 0.9934366941452026 -0.08795583993196487 0.07312534004449844
vn 0.9934366941452026 -0.08795583993196487 0.07312534004449844
vn 0.9926855564117432 -0.08788933604955673 0.08276977390050888
vn 0.9926855564117432 -0.08788933604955673 0.08276977390050888
vn 0.9920203685760498 -0.08783043920993805 0.0904512032866478
vn 0.9920203685760498 -0.08783043920993805 0.0904512032866478
vn 0.9960911273956299 -0.08819085359573364 0.0049873096868395805
vn -0.9153675436973572 0.4025883078575134 0.0049873096868395805
vn -0.9153675436973572 0.4025883078575134 0.0049873096868395805
vn -0.9153221845626831 0.40256837010383606 -0.011134538799524307
vn -0.9153221845626831 0.40256837010383606 -0.011134538799524307
vn -0.915074348449707 0.40245938301086426 -0.025794334709644318
vn -0.915074348449707 0.40245938301086426 -0.025794334709644318
vn -0.9146965742111206 0.40229320526123047 -0.038605477660894394
vn -0.9146965742111206 0.40229320526123047 -0.038605477660894394
vn -0.9138138294219971 0.40190497040748596 -0.05845191702246666
vn -0.9138138294219971 0.40190497040748596 -0.05845191702246666
vn -0.913114070892334 0.40159720182418823 -0.07030192017555237
vn -0.913114070892334 0.40159720182418823 -0.07030192017555237
vn -0.9131925702095032 0.40163174271583557 -0.06907422840595245
vn -0.9131925702095032 0.40163174271583557 -0.06907422840595245
vn -0.913955569267273 0.401967316865921 -0.05574528127908707
vn -0.913955569267273 0.401967316865921 -0.05574528127908707
vn -0.9148518443107605 0.40236151218414307 -0.03393107280135155
vn -0.9148518443107605 0.40236151218414307 -0.03393107280135155
vn -0.9151979088783264 0.40251368284225464 -0.01988837495446205
vn -0.9151979088783264 0.40251368284225464 -0.01988837495446205
vn -0.9153653979301453 0.402587354183197 -0.0054427036084234715
vn -0.9153499603271484 0.4025805592536926 0.007961706258356571
vn -0.9153653979301453 0.402587354183197 -0.0054427036084234715
vn -0.915189802646637 0.4025101363658905 0.020328275859355927
vn -0.9153499603271484 0.4025805592536926 0.007961706258356571
vn -0.9145722985267639 0.40223854780197144 0.041971758008003235
vn -0.915189802646637 0.4025101363658905 0.020328275859355927
vn -0.9137545824050903 0.40187889337539673 0.0595477856695652
vn -0.9145722985267639 0.40223854780197144 0.041971758008003235
vn -0.9129282832145691 0.40151548385620117 0.07312534004449844
vn -0.9137545824050903 0.40187889337539673 0.0595477856695652
vn -0.9122380018234253 0.4012119174003601 0.08276977390050888
vn -0.9129282832145691 0.40151548385620117 0.07312534004449844
vn -0.9116266965866089 0.4009430408477783 0.0904512032866478
vn -0.9122380018234253 0.4012119174003601 0.08276977390050888
vn -0.9116266965866089 0.4009430408477783 0.0904512032866478
vn 0.9996631145477295 -0.025471750646829605 0.0049873096868395805
vn 0.9996135830879211 -0.025470487773418427 -0.011134538799524307
vn 0.9996135830879211 -0.025470487773418427 -0.011134538799524307
vn 0.9993429183959961 -0.025463592261075974 -0.025794334709644318
vn 0.9993429183959961 -0.025463592261075974 -0.025794334709644318
vn 0.9989303350448608 -0.025453077629208565 -0.038605477660894394
vn 0.9989303350448608 -0.025453077629208565 -0.038605477660894394
vn 0.9979662895202637 -0.025428514927625656 -0.05845191702246666
vn 0.9979662895202637 -0.025428514927625656 -0.05845191702246666
vn 0.9972020983695984 -0.025409042835235596 -0.07030192017555237
vn 0.9972020983695984 -0.025409042835235596 -0.07030192017555237
vn 0.9972878098487854 -0.025411227717995644 -0.06907422840595245
vn 0.9972878098487854 -0.025411227717995644 -0.06907422840595245
vn 0.9981210827827454 -0.025432458147406578 -0.05574528127908707
vn 0.9981210827827454 -0.025432458147406578 -0.05574528127908707
vn 0.9990999102592468 -0.02545739896595478 -0.03393107280135155
vn 0.9990999102592468 -0.02545739896595478 -0.03393107280135155
vn 0.9994778037071228 -0.025467028841376305 -0.01988837495446205
vn 0.9994778037071228 -0.025467028841376305 -0.01988837495446205
vn 0.9996607303619385 -0.02547168917953968 -0.0054427036084234715
vn 0.9996607303619385 -0.02547168917953968 -0.0054427036084234715
vn 0.999643862247467 -0.025471258908510208 0.007961706258356571
vn 0.999643862247467 -0.025471258908510208 0.007961706258356571
vn 0.999468982219696 -0.025466803461313248 0.020328275859355927
vn 0.999468982219696 -0.025466803461313248 0.020328275859355927
vn 0.9987946152687073 -0.025449620559811592 0.041971758008003235
vn 0.9987946152687073 -0.025449620559811592 0.041971758008003235
vn 0.9979015588760376 -0.025426864624023438 0.0595477856695652
vn 0.9979015588760376 -0.025426864624023438 0.0595477856695652
vn 0.9969991445541382 -0.02540387213230133 0.07312534004449844
vn 0.9969991445541382 -0.02540387213230133 0.07312534004449844
vn 0.9962453246116638 -0.02538466453552246 0.08276977390050888
vn 0.9962453246116638 -0.02538466453552246 0.08276977390050888
vn 0.9955777525901794 -0.025367652997374535 0.0904512032866478
vn 0.9955777525901794 -0.025367652997374535 0.0904512032866478
vn 0.9996631145477295 -0.025471750646829605 0.0049873096868395805
vn -0.9388400316238403 0.3443174958229065 0.0049873096868395805
vn -0.9388400316238403 0.3443174958229065 0.0049873096868395805
vn -0.9387934803962708 0.34430044889450073 -0.011134538799524307
vn -0.9387934803962708 0.34430044889450073 -0.011134538799524307
vn -0.9385393261909485 0.344207227230072 -0.025794334709644318
vn -0.9385393261909485 0.344207227230072 -0.025794334709644318
vn -0.9381518363952637 0.3440650999546051 -0.038605477660894394
vn -0.9381518363952637 0.3440650999546051 -0.038605477660894394
vn -0.9372465014457703 0.3437330722808838 -0.05845191702246666
vn -0.9372465014457703 0.3437330722808838 -0.05845191702246666
vn -0.936528742313385 0.34346985816955566 -0.07030192017555237
vn -0.936528742313385 0.34346985816955566 -0.07030192017555237
vn -0.9366092681884766 0.3434993624687195 -0.06907422840595245
vn -0.9366092681884766 0.3434993624687195 -0.06907422840595245
vn -0.9373918175697327 0.343786358833313 -0.05574528127908707
vn -0.9373918175697327 0.343786358833313 -0.05574528127908707
vn -0.9383111000061035 0.344123512506485 -0.03393107280135155
vn -0.9383111000061035 0.344123512506485 -0.03393107280135155
vn -0.9386659860610962 0.34425368905067444 -0.01988837495446205
vn -0.9386659860610962 0.34425368905067444 -0.01988837495446205
vn -0.9388377666473389 0.344316691160202 -0.0054427036084234715
vn -0.9388219714164734 0.3443108797073364 0.007961706258356571
vn -0.9388377666473389 0.344316691160202 -0.0054427036084234715
vn -0.9386577010154724 0.3442506194114685 0.020328275859355927
vn -0.9388219714164734 0.3443108797073364 0.007961706258356571
vn -0.9380244016647339 0.3440183699131012 0.041971758008003235
vn -0.9386577010154724 0.3442506194114685 0.020328275859355927
vn -0.9371856451034546 0.3437107801437378 0.0595477856695652
vn -0.9380244016647339 0.3440183699131012 0.041971758008003235
vn -0.9363381862640381 0.34339994192123413 0.07312534004449844
vn -0.9371856451034546 0.3437107801437378 0.0595477856695652
vn -0.935630202293396 0.34314030408859253 0.08276977390050888
vn -0.9363381862640381 0.34339994192123413 0.07312534004449844
vn -0.9350032210350037 0.34291037917137146 0.0904512032866478
vn -0.935630202293396 0.34314030408859253 0.08276977390050888
vn -0.9350032210350037 0.34291037917137146 0.0904512032866478
vn 0.999289870262146 0.03734787926077843 0.0049873096868395805
vn 0.9992403388023376 0.03734602779150009 -0.011134538799524307
vn 0.9992403388023376 0.03734602779150009 -0.011134538799524307
vn 0.9989697933197021 0.037335917353630066 -0.025794334709644318
vn 0.9989697933197021 0.037335917353630066 -0.025794334709644318
vn 0.9985573291778564 0.03732050210237503 -0.038605477660894394
vn 0.9985573291778564 0.03732050210237503 -0.038605477660894394
vn 0.9975937008857727 0.0372844859957695 -0.05845191702246666
vn 0.9975937008857727 0.0372844859957695 -0.05845191702246666
vn 0.9968298077583313 0.03725593537092209 -0.07030192017555237
vn 0.9968298077583313 0.03725593537092209 -0.07030192017555237
vn 0.9969155192375183 0.03725913539528847 -0.06907422840595245
vn 0.9969155192375183 0.03725913539528847 -0.06907422840595245
vn 0.9977484345436096 0.037290267646312714 -0.05574528127908707
vn 0.9977484345436096 0.037290267646312714 -0.05574528127908707
vn 0.9987269043922424 0.037326835095882416 -0.03393107280135155
vn 0.9987269043922424 0.037326835095882416 -0.03393107280135155
vn 0.9991046786308289 0.037340953946113586 -0.01988837495446205
vn 0.9991046786308289 0.037340953946113586 -0.01988837495446205
vn 0.999287486076355 0.037347789853811264 -0.0054427036084234715
vn 0.999287486076355 0.037347789853811264 -0.0054427036084234715
vn 0.9992706179618835 0.037347160279750824 0.007961706258356571
vn 0.9992706179618835 0.037347160279750824 0.007961706258356571
vn 0.9990957975387573 0.03734062612056732 0.020328275859355927
vn 0.9990957975387573 0.03734062612056732 0.020328275859355927
vn 0.9984217286109924 0.037315431982278824 0.041971758008003235
vn 0.9984217286109924 0.037315431982278824 0.041971758008003235
vn 0.9975290298461914 0.0372820682823658 0.0595477856695652
vn 0.9975290298461914 0.0372820682823658 0.0595477856695652
vn 0.9966269135475159 0.03724835067987442 0.07312534004449844
vn 0.9966269135475159 0.03724835067987442 0.07312534004449844
vn 0.9958733916282654 0.03722018748521805 0.08276977390050888
vn 0.9958733916282654 0.03722018748521805 0.08276977390050888
vn 0.9952060580253601 0.037195246666669846 0.0904512032866478
vn 0.9952060580253601 0.037195246666669846 0.0904512032866478
vn 0.999289870262146 0.03734787926077843 0.0049873096868395805
vn -0.9586073160171509 0.2846878170967102 0.0049873096868395805
vn -0.9586073160171509 0.2846878170967102 0.0049873096868395805
vn -0.9585598111152649 0.2846737205982208 -0.011134538799524307
vn -0.9585598111152649 0.2846737205982208 -0.011134538799524307
vn -0.9583002924919128 0.28459662199020386 -0.025794334709644318
vn -0.9583002924919128 0.28459662199020386 -0.025794334709644318
vn -0.9579046368598938 0.2844791114330292 -0.038605477660894394
vn -0.9579046368598938 0.2844791114330292 -0.038605477660894394
vn -0.9569802284240723 0.2842046022415161 -0.05845191702246666
vn -0.9569802284240723 0.2842046022415161 -0.05845191702246666
vn -0.9562473893165588 0.2839869558811188 -0.07030192017555237
vn -0.9562473893165588 0.2839869558811188 -0.07030192017555237
vn -0.9563295841217041 0.2840113639831543 -0.06907422840595245
vn -0.9563295841217041 0.2840113639831543 -0.06907422840595245
vn -0.9571285843849182 0.2842486798763275 -0.05574528127908707
vn -0.9571285843849182 0.2842486798763275 -0.05574528127908707
vn -0.9580672383308411 0.28452742099761963 -0.03393107280135155
vn -0.9580672383308411 0.28452742099761963 -0.03393107280135155
vn -0.9584296345710754 0.2846350371837616 -0.01988837495446205
vn -0.9584296345710754 0.2846350371837616 -0.01988837495446205
vn -0.9586050510406494 0.2846871316432953 -0.0054427036084234715
vn -0.9585888385772705 0.28468233346939087 0.007961706258356571
vn -0.9586050510406494 0.2846871316432953 -0.0054427036084234715
vn -0.9584211707115173 0.28463253378868103 0.020328275859355927
vn -0.9585888385772705 0.28468233346939087 0.007961706258356571
vn -0.9577745199203491 0.2844404876232147 0.041971758008003235
vn -0.9584211707115173 0.28463253378868103 0.020328275859355927
vn -0.9569181203842163 0.28418615460395813 0.0595477856695652
vn -0.9577745199203491 0.2844404876232147 0.041971758008003235
vn -0.9560527801513672 0.28392916917800903 0.07312534004449844
vn -0.9569181203842163 0.28418615460395813 0.0595477856695652
vn -0.9553298950195312 0.28371450304985046 0.08276977390050888
vn -0.9560527801513672 0.28392916917800903 0.07312534004449844
vn -0.9546897411346436 0.28352436423301697 0.0904512032866478
vn -0.9553298950195312 0.28371450304985046 0.08276977390050888
vn -0.9546897411346436 0.28352436423301697 0.0904512032866478
vn 0.9949729442596436 0.10002011060714722 0.0049873096868395805
vn 0.9949235916137695 0.10001515597105026 -0.011134538799524307
vn 0.9949235916137695 0.10001515597105026 -0.011134538799524307
vn 0.9946542382240295 0.09998807311058044 -0.025794334709644318
vn 0.9946542382240295 0.09998807311058044 -0.025794334709644318
vn 0.9942435622215271 0.09994678944349289 -0.038605477660894394
vn 0.9942435622215271 0.09994678944349289 -0.038605477660894394
vn 0.9932841062545776 0.09985034167766571 -0.05845191702246666
vn 0.9932841062545776 0.09985034167766571 -0.05845191702246666
vn 0.9925234317779541 0.09977387636899948 -0.07030192017555237
vn 0.9925234317779541 0.09977387636899948 -0.07030192017555237
vn 0.9926087856292725 0.09978245943784714 -0.06907422840595245
vn 0.9926087856292725 0.09978245943784714 -0.06907422840595245
vn 0.9934381246566772 0.09986582398414612 -0.05574528127908707
vn 0.9934381246566772 0.09986582398414612 -0.05574528127908707
vn 0.994412362575531 0.09996376186609268 -0.03393107280135155
vn 0.994412362575531 0.09996376186609268 -0.03393107280135155
vn 0.9947884678840637 0.10000157356262207 -0.01988837495446205
vn 0.9947884678840637 0.10000157356262207 -0.01988837495446205
vn 0.9949705600738525 0.10001987218856812 -0.0054427036084234715
vn 0.9949705600738525 0.10001987218856812 -0.0054427036084234715
vn 0.9949537515640259 0.10001818835735321 0.007961706258356571
vn 0.9949537515640259 0.10001818835735321 0.007961706258356571
vn 0.9947797060012817 0.10000068694353104 0.020328275859355927
vn 0.9947797060012817 0.10000068694353104 0.020328275859355927
vn 0.9941084980964661 0.0999332144856453 0.041971758008003235
vn 0.9941084980964661 0.0999332144856453 0.041971758008003235
vn 0.9932196736335754 0.09984385967254639 0.0595477856695652
vn 0.9932196736335754 0.09984385967254639 0.0595477856695652
vn 0.9923214912414551 0.09975357353687286 0.07312534004449844
vn 0.9923214912414551 0.09975357353687286 0.07312534004449844
vn 0.9915711879730225 0.0996781513094902 0.08276977390050888
vn 0.9915711879730225 0.0996781513094902 0.08276977390050888
vn 0.9909067153930664 0.09961135685443878 0.0904512032866478
vn 0.9909067153930664 0.09961135685443878 0.0904512032866478
vn 0.9949729442596436 0.10002011060714722 0.0049873096868395805
vn -0.9745914340019226 0.2239345908164978 0.0049873096868395805
vn -0.9745914340019226 0.2239345908164978 0.0049873096868395805
vn -0.9745430946350098 0.22392350435256958 -0.011134538799524307
vn -0.9745430946350098 0.22392350435256958 -0.011134538799524307
vn -0.9742792844772339 0.22386287152767181 -0.025794334709644318
vn -0.9742792844772339 0.22386287152767181 -0.025794334709644318
vn -0.9738770127296448 0.22377043962478638 -0.038605477660894394
vn -0.9738770127296448 0.22377043962478638 -0.038605477660894394
vn -0.9729371666908264 0.22355449199676514 -0.05845191702246666
vn -0.9729371666908264 0.22355449199676514 -0.05845191702246666
vn -0.972192108631134 0.22338330745697021 -0.07030192017555237
vn -0.972192108631134 0.22338330745697021 -0.07030192017555237
vn -0.9722757339477539 0.22340251505374908 -0.06907422840595245
vn -0.9722757339477539 0.22340251505374908 -0.06907422840595245
vn -0.9730880260467529 0.22358916699886322 -0.05574528127908707
vn -0.9730880260467529 0.22358916699886322 -0.05574528127908707
vn -0.9740423560142517 0.2238084375858307 -0.03393107280135155
vn -0.9740423560142517 0.2238084375858307 -0.03393107280135155
vn -0.9744107723236084 0.22389309108257294 -0.01988837495446205
vn -0.9744107723236084 0.22389309108257294 -0.01988837495446205
vn -0.9745891094207764 0.22393406927585602 -0.0054427036084234715
vn -0.9745726585388184 0.22393028438091278 0.007961706258356571
vn -0.9745891094207764 0.22393406927585602 -0.0054427036084234715
vn -0.974402129650116 0.22389110922813416 0.020328275859355927
vn -0.9745726585388184 0.22393028438091278 0.007961706258356571
vn -0.9737446904182434 0.22374004125595093 0.041971758008003235
vn -0.974402129650116 0.22389110922813416 0.020328275859355927
vn -0.9728740453720093 0.22353999316692352 0.0595477856695652
vn -0.9737446904182434 0.22374004125595093 0.041971758008003235
vn -0.9719942808151245 0.22333784401416779 0.07312534004449844
vn -0.9728740453720093 0.22353999316692352 0.0595477856695652
vn -0.971259355545044 0.2231689840555191 0.08276977390050888
vn -0.9719942808151245 0.22333784401416779 0.07312534004449844
vn -0.9706085324287415 0.22301943600177765 0.0904512032866478
vn -0.971259355545044 0.2231689840555191 0.08276977390050888
vn -0.9706085324287415 0.22301943600177765 0.0904512032866478
vn 0.9867292642593384 0.16229760646820068 0.0049873096868395805
vn 0.9866803288459778 0.1622895747423172 -0.011134538799524307
vn 0.9866803288459778 0.1622895747423172 -0.011134538799524307
vn 0.9864131808280945 0.16224563121795654 -0.025794334709644318
vn 0.9864131808280945 0.16224563121795654 -0.025794334709644318
vn 0.986005961894989 0.162178635597229 -0.038605477660894394
vn 0.986005961894989 0.162178635597229 -0.038605477660894394
vn 0.9850544333457947 0.16202212870121002 -0.05845191702246666
vn 0.9850544333457947 0.16202212870121002 -0.05845191702246666
vn 0.9843000769615173 0.16189806163311005 -0.07030192017555237
vn 0.9843000769615173 0.16189806163311005 -0.07030192017555237
vn 0.9843847155570984 0.1619119793176651 -0.06907422840595245
vn 0.9843847155570984 0.1619119793176651 -0.06907422840595245
vn 0.9852071404457092 0.16204725205898285 -0.05574528127908707
vn 0.9852071404457092 0.16204725205898285 -0.05574528127908707
vn 0.9861733317375183 0.16220617294311523 -0.03393107280135155
vn 0.9861733317375183 0.16220617294311523 -0.03393107280135155
vn 0.9865463376045227 0.1622675210237503 -0.01988837495446205
vn 0.9865463376045227 0.1622675210237503 -0.01988837495446205
vn 0.9867268800735474 0.16229721903800964 -0.0054427036084234715
vn 0.9867268800735474 0.16229721903800964 -0.0054427036084234715
vn 0.986710250377655 0.16229449212551117 0.007961706258356571
vn 0.986710250377655 0.16229449212551117 0.007961706258356571
vn 0.9865376353263855 0.1622660905122757 0.020328275859355927
vn 0.9865376353263855 0.1622660905122757 0.020328275859355927
vn 0.9858720302581787 0.1621566116809845 0.041971758008003235
vn 0.9858720302581787 0.1621566116809845 0.041971758008003235
vn 0.9849904775619507 0.16201162338256836 0.0595477856695652
vn 0.9849904775619507 0.16201162338256836 0.0595477856695652
vn 0.984099805355072 0.16186511516571045 0.07312534004449844
vn 0.984099805355072 0.16186511516571045 0.07312534004449844
vn 0.983355700969696 0.16174273192882538 0.08276977390050888
vn 0.983355700969696 0.16174273192882538 0.08276977390050888
vn 0.9826967716217041 0.16163434088230133 0.0904512032866478
vn 0.9826967716217041 0.16163434088230133 0.0904512032866478
vn 0.9867292642593384 0.16229760646820068 0.0049873096868395805
vn -0.9867292642593384 0.16229760646820068 0.0049873096868395805
vn -0.9867292642593384 0.16229760646820068 0.0049873096868395805
vn -0.9866803288459778 0.1622895747423172 -0.011134538799524307
vn -0.9866803288459778 0.1622895747423172 -0.011134538799524307
vn -0.9864131808280945 0.16224563121795654 -0.025794334709644318
vn -0.9864131808280945 0.16224563121795654 -0.025794334709644318
vn -0.986005961894989 0.162178635597229 -0.038605477660894394
vn -0.986005961894989 0.162178635597229 -0.038605477660894394
vn -0.9850544333457947 0.16202212870121002 -0.05845191702246666
vn -0.9850544333457947 0.16202212870121002 -0.05845191702246666
vn -0.9843000769615173 0.16189806163311005 -0.07030192017555237
vn -0.9843000769615173 0.16189806163311005 -0.07030192017555237
vn -0.9843847155570984 0.1619119793176651 -0.06907422840595245
vn -0.9843847155570984 0.1619119793176651 -0.06907422840595245
vn -0.9852071404457092 0.16204725205898285 -0.05574528127908707
vn -0.9852071404457092 0.16204725205898285 -0.05574528127908707
vn -0.9861733317375183 0.16220617294311523 -0.03393107280135155
vn -0.9861733317375183 0.16220617294311523 -0.03393107280135155
vn -0.9865463376045227 0.1622675210237503 -0.01988837495446205
vn -0.9865463376045227 0.1622675210237503 -0.01988837495446205
vn -0.9867268800735474 0.16229721903800964 -0.0054427036084234715
vn -0.986710250377655 0.16229449212551117 0.007961706258356571
vn -0.9867268800735474 0.16229721903800964 -0.0054427036084234715
vn -0.9865376353263855 0.1622660905122757 0.020328275859355927
vn -0.986710250377655 0.16229449212551117 0.007961706258356571
vn -0.9858720302581787 0.1621566116809845 0.041971758008003235
vn -0.9865376353263855 0.1622660905122757 0.020328275859355927
vn -0.9849904775619507 0.16201162338256836 0.0595477856695652
vn -0.9858720302581787 0.1621566116809845 0.041971758008003235
vn -0.984099805355072 0.16186511516571045 0.07312534004449844
vn -0.9849904775619507 0.16201162338256836 0.0595477856695652
vn -0.983355700969696 0.16174273192882538 0.08276977390050888
vn -0.984099805355072 0.16186511516571045 0.07312534004449844
vn -0.9826967716217041 0.16163434088230133 0.0904512032866478
vn -0.983355700969696 0.16174273192882538 0.08276977390050888
vn -0.9826967716217041 0.16163434088230133 0.0904512032866478
vn 0.9745914340019226 0.2239345908164978 0.0049873096868395805
vn 0.9745430946350098 0.22392350435256958 -0.011134538799524307
vn 0.9745430946350098 0.22392350435256958 -0.011134538799524307
vn 0.9742792844772339 0.22386287152767181 -0.025794334709644318
vn 0.9742792844772339 0.22386287152767181 -0.025794334709644318
vn 0.9738770127296448 0.22377043962478638 -0.038605477660894394
vn 0.9738770127296448 0.22377043962478638 -0.038605477660894394
vn 0.9729371666908264 0.22355449199676514 -0.05845191702246666
vn 0.9729371666908264 0.22355449199676514 -0.05845191702246666
vn 0.972192108631134 0.22338330745697021 -0.07030192017555237
vn 0.972192108631134 0.22338330745697021 -0.07030192017555237
vn 0.9722757339477539 0.22340251505374908 -0.06907422840595245
vn 0.9722757339477539 0.22340251505374908 -0.06907422840595245
vn 0.9730880260467529 0.22358916699886322 -0.05574528127908707
vn 0.9730880260467529 0.22358916699886322 -0.05574528127908707
vn 0.9740423560142517 0.2238084375858307 -0.03393107280135155
vn 0.9740423560142517 0.2238084375858307 -0.03393107280135155
vn 0.9744107723236084 0.22389309108257294 -0.01988837495446205
vn 0.9744107723236084 0.22389309108257294 -0.01988837495446205
vn 0.9745891094207764 0.22393406927585602 -0.0054427036084234715
vn 0.9745891094207764 0.22393406927585602 -0.0054427036084234715
vn 0.9745726585388184 0.22393028438091278 0.007961706258356571
vn 0.9745726585388184 0.22393028438091278 0.007961706258356571
vn 0.974402129650116 0.22389110922813416 0.020328275859355927
vn 0.974402129650116 0.22389110922813416 0.020328275859355927
vn 0.9737446904182434 0.22374004125595093 0.041971758008003235
vn 0.9737446904182434 0.22374004125595093 0.041971758008003235
vn 0.9728740453720093 0.22353999316692352 0.0595477856695652
vn 0.9728740453720093 0.22353999316692352 0.0595477856695652
vn 0.9719942808151245 0.22333784401416779 0.07312534004449844
vn 0.9719942808151245 0.22333784401416779 0.07312534004449844
vn 0.971259355545044 0.2231689840555191 0.08276977390050888
vn 0.971259355545044 0.2231689840555191 0.08276977390050888
vn 0.9706085324287415 0.22301943600177765 0.0904512032866478
vn 0.9706085324287415 0.22301943600177765 0.0904512032866478
vn 0.9745914340019226 0.2239345908164978 0.0049873096868395805
vn -0.9949729442596436 0.10002011060714722 0.0049873096868395805
vn -0.9949729442596436 0.10002011060714722 0.0049873096868395805
vn -0.9949235916137695 0.10001515597105026 -0.011134538799524307
vn -0.9949235916137695 0.10001515597105026 -0.011134538799524307
vn -0.9946542382240295 0.09998807311058044 -0.025794334709644318
vn -0.9946542382240295 0.09998807311058044 -0.025794334709644318
vn -0.9942435622215271 0.09994678944349289 -0.038605477660894394
vn -0.9942435622215271 0.09994678944349289 -0.038605477660894394
vn -0.9932841062545776 0.09985034167766571 -0.05845191702246666
vn -0.9932841062545776 0.09985034167766571 -0.05845191702246666
vn -0.9925234317779541 0.09977387636899948 -0.07030192017555237
vn -0.9925234317779541 0.09977387636899948 -0.07030192017555237
vn -0.9926087856292725 0.09978245943784714 -0.06907422840595245
vn -0.9926087856292725 0.09978245943784714 -0.06907422840595245
vn -0.9934381246566772 0.09986582398414612 -0.05574528127908707
vn -0.9934381246566772 0.09986582398414612 -0.05574528127908707
vn -0.994412362575531 0.09996376186609268 -0.03393107280135155
vn -0.994412362575531 0.09996376186609268 -0.03393107280135155
vn -0.9947884678840637 0.10000157356262207 -0.01988837495446205
vn -0.9947884678840637 0.10000157356262207 -0.01988837495446205
vn -0.9949705600738525 0.10001987218856812 -0.0054427036084234715
vn -0.9949537515640259 0.10001818835735321 0.007961706258356571
vn -0.9949705600738525 0.10001987218856812 -0.0054427036084234715
vn -0.9947797060012817 0.10000068694353104 0.020328275859355927
vn -0.9949537515640259 0.10001818835735321 0.007961706258356571
vn -0.9941084980964661 0.0999332144856453 0.041971758008003235
vn -0.9947797060012817 0.10000068694353104 0.020328275859355927
vn -0.9932196736335754 0.09984385967254639 0.0595477856695652
vn -0.9941084980964661 0.0999332144856453 0.041971758008003235
vn -0.9923214912414551 0.09975357353687286 0.07312534004449844
vn -0.9932196736335754 0.09984385967254639 0.0595477856695652
vn -0.9915711879730225 0.0996781513094902 0.08276977390050888
vn -0.9923214912414551 0.09975357353687286 0.07312534004449844
vn -0.9909067153930664 0.09961135685443878 0.0904512032866478
vn -0.9915711879730225 0.0996781513094902 0.08276977390050888
vn -0.9909067153930664 0.09961135685443878 0.0904512032866478
vn 0.9586073160171509 0.2846878170967102 0.0049873096868395805
vn 0.9585598111152649 0.2846737205982208 -0.011134538799524307
vn 0.9585598111152649 0.2846737205982208 -0.011134538799524307
vn 0.9583002924919128 0.28459662199020386 -0.025794334709644318
vn 0.9583002924919128 0.28459662199020386 -0.025794334709644318
vn 0.9579046368598938 0.2844791114330292 -0.038605477660894394
vn 0.9579046368598938 0.2844791114330292 -0.038605477660894394
vn 0.9569802284240723 0.2842046022415161 -0.05845191702246666
vn 0.9569802284240723 0.2842046022415161 -0.05845191702246666
vn 0.9562473893165588 0.2839869558811188 -0.07030192017555237
vn 0.9562473893165588 0.2839869558811188 -0.07030192017555237
vn 0.9563295841217041 0.2840113639831543 -0.06907422840595245
vn 0.9563295841217041 0.2840113639831543 -0.06907422840595245
vn 0.9571285843849182 0.2842486798763275 -0.05574528127908707
vn 0.9571285843849182 0.2842486798763275 -0.05574528127908707
vn 0.9580672383308411 0.28452742099761963 -0.03393107280135155
vn 0.9580672383308411 0.28452742099761963 -0.03393107280135155
vn 0.9584296345710754 0.2846350371837616 -0.01988837495446205
vn 0.9584296345710754 0.2846350371837616 -0.01988837495446205
vn 0.9586050510406494 0.2846871316432953 -0.0054427036084234715
vn 0.9586050510406494 0.2846871316432953 -0.0054427036084234715
vn 0.9585888385772705 0.28468233346939087 0.007961706258356571
vn 0.9585888385772705 0.28468233346939087 0.007961706258356571
vn 0.9584211707115173 0.28463253378868103 0.020328275859355927
vn 0.9584211707115173 0.28463253378868103 0.020328275859355927
vn 0.9577745199203491 0.2844404876232147 0.041971758008003235
vn 0.9577745199203491 0.2844404876232147 0.041971758008003235
vn 0.9569181203842163 0.28418615460395813 0.0595477856695652
vn 0.9569181203842163 0.28418615460395813 0.0595477856695652
vn 0.9560527801513672 0.28392916917800903 0.07312534004449844
vn 0.9560527801513672 0.28392916917800903 0.07312534004449844
vn 0.9553298950195312 0.28371450304985046 0.08276977390050888
vn 0.9553298950195312 0.28371450304985046 0.08276977390050888
vn 0.9546897411346436 0.28352436423301697 0.0904512032866478
vn 0.9546897411346436 0.28352436423301697 0.0904512032866478
vn 0.9586073160171509 0.2846878170967102 0.0049873096868395805
vn -0.999289870262146 0.03734787926077843 0.0049873096868395805
vn -0.999289870262146 0.03734787926077843 0.0049873096868395805
vn -0.9992403388023376 0.03734602779150009 -0.011134538799524307
vn -0.9992403388023376 0.03734602779150009 -0.011134538799524307
vn -0.9989697933197021 0.037335917353630066 -0.025794334709644318
vn -0.9989697933197021 0.037335917353630066 -0.025794334709644318
vn -0.9985573291778564 0.03732050210237503 -0.038605477660894394
vn -0.9985573291778564 0.03732050210237503 -0.038605477660894394
vn -0.9975937008857727 0.0372844859957695 -0.05845191702246666
vn -0.9975937008857727 0.0372844859957695 -0.05845191702246666
vn -0.9968298077583313 0.03725593537092209 -0.07030192017555237
vn -0.9968298077583313 0.03725593537092209 -0.07030192017555237
vn -0.9969155192375183 0.03725913539528847 -0.06907422840595245
vn -0.9969155192375183 0.03725913539528847 -0.06907422840595245
vn -0.9977484345436096 0.037290267646312714 -0.05574528127908707
vn -0.9977484345436096 0.037290267646312714 -0.05574528127908707
vn -0.9987269043922424 0.037326835095882416 -0.03393107280135155
vn -0.9987269043922424 0.037326835095882416 -0.03393107280135155
vn -0.9991046786308289 0.037340953946113586 -0.01988837495446205
vn -0.9991046786308289 0.037340953946113586 -0.01988837495446205
vn -0.999287486076355 0.037347789853811264 -0.0054427036084234715
vn -0.9992706179618835 0.037347160279750824 0.007961706258356571
vn -0.999287486076355 0.037347789853811264 -0.0054427036084234715
vn -0.9990957975387573 0.03734062612056732 0.020328275859355927
vn -0.9992706179618835 0.037347160279750824 0.007961706258356571
vn -0.9984217286109924 0.037315431982278824 0.041971758008003235
vn -0.9990957975387573 0.03734062612056732 0.020328275859355927
vn -0.9975290298461914 0.0372820682823658 0.0595477856695652
vn -0.9984217286109924 0.037315431982278824 0.041971758008003235
vn -0.9966269135475159 0.03724835067987442 0.07312534004449844
vn -0.9975290298461914 0.0372820682823658 0.0595477856695652
vn -0.9958733916282654 0.03722018748521805 0.08276977390050888
vn -0.9966269135475159 0.03724835067987442 0.07312534004449844
vn -0.9952060580253601 0.037195246666669846 0.0904512032866478
vn -0.9958733916282654 0.03722018748521805 0.08276977390050888
vn -0.9952060580253601 0.037195246666669846 0.0904512032866478
vn 0.9388400316238403 0.3443174958229065 0.0049873096868395805
vn 0.9387934803962708 0.34430044889450073 -0.011134538799524307
vn 0.9387934803962708 0.34430044889450073 -0.011134538799524307
vn 0.9385393261909485 0.344207227230072 -0.025794334709644318
vn 0.9385393261909485 0.344207227230072 -0.025794334709644318
vn 0.9381518363952637 0.3440650999546051 -0.038605477660894394
vn 0.9381518363952637 0.3440650999546051 -0.038605477660894394
vn 0.9372465014457703 0.3437330722808838 -0.05845191702246666
vn 0.9372465014457703 0.3437330722808838 -0.05845191702246666
vn 0.936528742313385 0.34346985816955566 -0.07030192017555237
vn 0.936528742313385 0.34346985816955566 -0.07030192017555237
vn 0.9366092681884766 0.3434993624687195 -0.06907422840595245
vn 0.9366092681884766 0.3434993624687195 -0.06907422840595245
vn 0.9373918175697327 0.343786358833313 -0.05574528127908707
vn 0.9373918175697327 0.343786358833313 -0.05574528127908707
vn 0.9383111000061035 0.344123512506485 -0.03393107280135155
vn 0.9383111000061035 0.344123512506485 -0.03393107280135155
vn 0.9386659860610962 0.34425368905067444 -0.01988837495446205
vn 0.9386659860610962 0.34425368905067444 -0.01988837495446205
vn 0.9388377666473389 0.344316691160202 -0.0054427036084234715
vn 0.9388377666473389 0.344316691160202 -0.0054427036084234715
vn 0.9388219714164734 0.3443108797073364 0.007961706258356571
vn 0.9388219714164734 0.3443108797073364 0.007961706258356571
vn 0.9386577010154724 0.3442506194114685 0.020328275859355927
vn 0.9386577010154724 0.3442506194114685 0.020328275859355927
vn 0.9380244016647339 0.3440183699131012 0.041971758008003235
vn 0.9380244016647339 0.3440183699131012 0.041971758008003235
vn 0.9371856451034546 0.3437107801437378 0.0595477856695652
vn 0.9371856451034546 0.3437107801437378 0.0595477856695652
vn 0.9363381862640381 0.34339994192123413 0.07312534004449844
vn 0.9363381862640381 0.34339994192123413 0.07312534004449844
vn 0.935630202293396 0.34314030408859253 0.08276977390050888
vn 0.935630202293396 0.34314030408859253 0.08276977390050888
vn 0.9350032210350037 0.34291037917137146 0.0904512032866478
vn 0.9350032210350037 0.34291037917137146 0.0904512032866478
vn 0.9388400316238403 0.3443174958229065 0.0049873096868395805
vn -0.9996631145477295 -0.025471750646829605 0.0049873096868395805
vn -0.9996631145477295 -0.025471750646829605 0.0049873096868395805
vn -0.9996135830879211 -0.025470487773418427 -0.011134538799524307
vn -0.9996135830879211 -0.025470487773418427 -0.011134538799524307
vn -0.9993429183959961 -0.025463592261075974 -0.025794334709644318
vn -0.9993429183959961 -0.025463592261075974 -0.025794334709644318
vn -0.9989303350448608 -0.025453077629208565 -0.038605477660894394
vn -0.9989303350448608 -0.025453077629208565 -0.038605477660894394
vn -0.9979662895202637 -0.025428514927625656 -0.05845191702246666
vn -0.9979662895202637 -0.025428514927625656 -0.05845191702246666
vn -0.9972020983695984 -0.025409042835235596 -0.07030192017555237
vn -0.9972020983695984 -0.025409042835235596 -0.07030192017555237
vn -0.9972878098487854 -0.025411227717995644 -0.06907422840595245
vn -0.9972878098487854 -0.025411227717995644 -0.06907422840595245
vn -0.9981210827827454 -0.025432458147406578 -0.05574528127908707
vn -0.9981210827827454 -0.025432458147406578 -0.05574528127908707
vn -0.9990999102592468 -0.02545739896595478 -0.03393107280135155
vn -0.9990999102592468 -0.02545739896595478 -0.03393107280135155
vn -0.9994778037071228 -0.025467028841376305 -0.01988837495446205
vn -0.9994778037071228 -0.025467028841376305 -0.01988837495446205
vn -0.9996607303619385 -0.02547168917953968 -0.0054427036084234715
vn -0.999643862247467 -0.025471258908510208 0.007961706258356571
vn -0.9996607303619385 -0.02547168917953968 -0.0054427036084234715
vn -0.999468982219696 -0.025466803461313248 0.020328275859355927
vn -0.999643862247467 -0.025471258908510208 0.007961706258356571
vn -0.9987946152687073 -0.025449620559811592 0.041971758008003235
vn -0.999468982219696 -0.025466803461313248 0.020328275859355927
vn -0.9979015588760376 -0.025426864624023438 0.0595477856695652
vn -0.9987946152687073 -0.025449620559811592 0.041971758008003235
vn -0.9969991445541382 -0.02540387213230133 0.07312534004449844
vn -0.9979015588760376 -0.025426864624023438 0.0595477856695652
vn -0.9962453246116638 -0.02538466453552246 0.08276977390050888
vn -0.9969991445541382 -0.02540387213230133 0.07312534004449844
vn -0.9955777525901794 -0.025367652997374535 0.0904512032866478
vn -0.9962453246116638 -0.02538466453552246 0.08276977390050888
vn -0.9955777525901794 -0.025367652997374535 0.0904512032866478
vn 0.9153675436973572 0.4025883078575134 0.0049873096868395805
vn 0.9153221845626831 0.40256837010383606 -0.011134538799524307
vn 0.9153221845626831 0.40256837010383606 -0.011134538799524307
vn 0.915074348449707 0.40245938301086426 -0.025794334709644318
vn 0.915074348449707 0.40245938301086426 -0.025794334709644318
vn 0.9146965742111206 0.40229320526123047 -0.038605477660894394
vn 0.9146965742111206 0.40229320526123047 -0.038605477660894394
vn 0.9138138294219971 0.40190497040748596 -0.05845191702246666
vn 0.9138138294219971 0.40190497040748596 -0.05845191702246666
vn 0.913114070892334 0.40159720182418823 -0.07030192017555237
vn 0.913114070892334 0.40159720182418823 -0.07030192017555237
vn 0.9131925702095032 0.40163174271583557 -0.06907422840595245
vn 0.9131925702095032 0.40163174271583557 -0.06907422840595245
vn 0.913955569267273 0.401967316865921 -0.05574528127908707
vn 0.913955569267273 0.401967316865921 -0.05574528127908707
vn 0.9148518443107605 0.40236151218414307 -0.03393107280135155
vn 0.9148518443107605 0.40236151218414307 -0.03393107280135155
vn 0.9151979088783264 0.40251368284225464 -0.01988837495446205
vn 0.9151979088783264 0.40251368284225464 -0.01988837495446205
vn 0.9153653979301453 0.402587354183197 -0.0054427036084234715
vn 0.9153653979301453 0.402587354183197 -0.0054427036084234715
vn 0.9153499603271484 0.4025805592536926 0.007961706258356571
vn 0.9153499603271484 0.4025805592536926 0.007961706258356571
vn 0.915189802646637 0.4025101363658905 0.020328275859355927
vn 0.915189802646637 0.4025101363658905 0.020328275859355927
vn 0.9145722985267639 0.40223854780197144 0.041971758008003235
vn 0.9145722985267639 0.40223854780197144 0.041971758008003235
vn 0.9137545824050903 0.40187889337539673 0.0595477856695652
vn 0.9137545824050903 0.40187889337539673 0.0595477856695652
vn 0.9129282832145691 0.40151548385620117 0.07312534004449844
vn 0.9129282832145691 0.40151548385620117 0.07312534004449844
vn 0.9122380018234253 0.4012119174003601 0.08276977390050888
vn 0.9122380018234253 0.4012119174003601 0.08276977390050888
vn 0.9116266965866089 0.4009430408477783 0.0904512032866478
vn 0.9116266965866089 0.4009430408477783 0.0904512032866478
vn 0.9153675436973572 0.4025883078575134 0.0049873096868395805
vn -0.9960911273956299 -0.08819085359573364 0.0049873096868395805
vn -0.9960911273956299 -0.08819085359573364 0.0049873096868395805
vn -0.9960417747497559 -0.08818648010492325 -0.011134538799524307
vn -0.9960417747497559 -0.08818648010492325 -0.011134538799524307
vn -0.9957720637321472 -0.0881626084446907 -0.025794334709644318
vn -0.9957720637321472 -0.0881626084446907 -0.025794334709644318
vn -0.9953609108924866 -0.08812620490789413 -0.038605477660894394
vn -0.9953609108924866 -0.08812620490789413 -0.038605477660894394
vn -0.9944003820419312 -0.08804116398096085 -0.05845191702246666
vn -0.9944003820419312 -0.08804116398096085 -0.05845191702246666
vn -0.9936388731002808 -0.08797374367713928 -0.07030192017555237
vn -0.9936388731002808 -0.08797374367713928 -0.07030192017555237
vn -0.9937243461608887 -0.08798130601644516 -0.06907422840595245
vn -0.9937243461608887 -0.08798130601644516 -0.06907422840595245
vn -0.9945545792579651 -0.08805481344461441 -0.05574528127908707
vn -0.9945545792579651 -0.08805481344461441 -0.05574528127908707
vn -0.9955298900604248 -0.08814116567373276 -0.03393107280135155
vn -0.9955298900604248 -0.08814116567373276 -0.03393107280135155
vn -0.9959064722061157 -0.08817450702190399 -0.01988837495446205
vn -0.9959064722061157 -0.08817450702190399 -0.01988837495446205
vn -0.9960887432098389 -0.08819064497947693 -0.0054427036084234715
vn -0.9960719347000122 -0.08818915486335754 0.007961706258356571
vn -0.9960887432098389 -0.08819064497947693 -0.0054427036084234715
vn -0.995897650718689 -0.08817372471094131 0.020328275859355927
vn -0.9960719347000122 -0.08818915486335754 0.007961706258356571
vn -0.995225727558136 -0.08811423182487488 0.041971758008003235
vn -0.995897650718689 -0.08817372471094131 0.020328275859355927
vn -0.9943358898162842 -0.088035449385643 0.0595477856695652
vn -0.995225727558136 -0.08811423182487488 0.041971758008003235
vn -0.9934366941452026 -0.08795583993196487 0.07312534004449844
vn -0.9943358898162842 -0.088035449385643 0.0595477856695652
vn -0.9926855564117432 -0.08788933604955673 0.08276977390050888
vn -0.9934366941452026 -0.08795583993196487 0.07312534004449844
vn -0.9920203685760498 -0.08783043920993805 0.0904512032866478
vn -0.9926855564117432 -0.08788933604955673 0.08276977390050888
vn -0.9920203685760498 -0.08783043920993805 0.0904512032866478
vn 0.8882825374603271 0.45927029848098755 0.0049873096868395805
vn 0.8882385492324829 0.45924755930900574 -0.011134538799524307
vn 0.8882385492324829 0.45924755930900574 -0.011134538799524307
vn 0.8879980444908142 0.4591231942176819 -0.025794334709644318
vn 0.8879980444908142 0.4591231942176819 -0.025794334709644318
vn 0.8876314163208008 0.45893365144729614 -0.038605477660894394
vn 0.8876314163208008 0.45893365144729614 -0.038605477660894394
vn 0.8867748379707336 0.4584907591342926 -0.05845191702246666
vn 0.8867748379707336 0.4584907591342926 -0.05845191702246666
vn 0.8860957622528076 0.45813965797424316 -0.07030192017555237
vn 0.8860957622528076 0.45813965797424316 -0.07030192017555237
vn 0.8861719369888306 0.4581790566444397 -0.06907422840595245
vn 0.8861719369888306 0.4581790566444397 -0.06907422840595245
vn 0.8869123458862305 0.45856186747550964 -0.05574528127908707
vn 0.8869123458862305 0.45856186747550964 -0.05574528127908707
vn 0.887782096862793 0.4590115547180176 -0.03393107280135155
vn 0.887782096862793 0.4590115547180176 -0.03393107280135155
vn 0.8881179094314575 0.4591851830482483 -0.01988837495446205
vn 0.8881179094314575 0.4591851830482483 -0.01988837495446205
vn 0.88828045129776 0.4592692255973816 -0.0054427036084234715
vn 0.88828045129776 0.4592692255973816 -0.0054427036084234715
vn 0.8882654309272766 0.4592614769935608 0.007961706258356571
vn 0.8882654309272766 0.4592614769935608 0.007961706258356571
vn 0.8881100416183472 0.4591811001300812 0.020328275859355927
vn 0.8881100416183472 0.4591811001300812 0.020328275859355927
vn 0.8875108361244202 0.4588713049888611 0.041971758008003235
vn 0.8875108361244202 0.4588713049888611 0.041971758008003235
vn 0.8867173194885254 0.4584610164165497 0.0595477856695652
vn 0.8867173194885254 0.4584610164165497 0.0595477856695652
vn 0.8859154582023621 0.45804643630981445 0.07312534004449844
vn 0.8859154582023621 0.45804643630981445 0.07312534004449844
vn 0.8852456212043762 0.45770010352134705 0.08276977390050888
vn 0.8852456212043762 0.45770010352134705 0.08276977390050888
vn 0.8846523761749268 0.4573934078216553 0.0904512032866478
vn 0.8846523761749268 0.4573934078216553 0.0904512032866478
vn 0.8882825374603271 0.45927029848098755 0.0049873096868395805
vn -0.9885879755020142 -0.15056191384792328 0.0049873096868395805
vn -0.9885879755020142 -0.15056191384792328 0.0049873096868395805
vn -0.9885390400886536 -0.15055444836616516 -0.011134538799524307
vn -0.9885390400886536 -0.15055444836616516 -0.011134538799524307
vn -0.9882713556289673 -0.1505136787891388 -0.025794334709644318
vn -0.9882713556289673 -0.1505136787891388 -0.025794334709644318
vn -0.987863302230835 -0.15045154094696045 -0.038605477660894394
vn -0.987863302230835 -0.15045154094696045 -0.038605477660894394
vn -0.9869099855422974 -0.1503063440322876 -0.05845191702246666
vn -0.9869099855422974 -0.1503063440322876 -0.05845191702246666
vn -0.9861542582511902 -0.15019124746322632 -0.07030192017555237
vn -0.9861542582511902 -0.15019124746322632 -0.07030192017555237
vn -0.9862390756607056 -0.15020416676998138 -0.06907422840595245
vn -0.9862390756607056 -0.15020416676998138 -0.06907422840595245
vn -0.9870630502700806 -0.15032964944839478 -0.05574528127908707
vn -0.9870630502700806 -0.15032964944839478 -0.05574528127908707
vn -0.9880310297012329 -0.1504770815372467 -0.03393107280135155
vn -0.9880310297012329 -0.1504770815372467 -0.03393107280135155
vn -0.9884047508239746 -0.1505340039730072 -0.01988837495446205
vn -0.9884047508239746 -0.1505340039730072 -0.01988837495446205
vn -0.9885856509208679 -0.15056155622005463 -0.0054427036084234715
vn -0.9885689616203308 -0.15055900812149048 0.007961706258356571
vn -0.9885856509208679 -0.15056155622005463 -0.0054427036084234715
vn -0.9883959889411926 -0.15053266286849976 0.020328275859355927
vn -0.9885689616203308 -0.15055900812149048 0.007961706258356571
vn -0.9877291321754456 -0.1504310965538025 0.041971758008003235
vn -0.9883959889411926 -0.15053266286849976 0.020328275859355927
vn -0.9868459701538086 -0.15029659867286682 0.0595477856695652
vn -0.9877291321754456 -0.1504310965538025 0.041971758008003235
vn -0.9859535694122314 -0.15016068518161774 0.07312534004449844
vn -0.9868459701538086 -0.15029659867286682 0.0595477856695652
vn -0.9852080941200256 -0.1500471532344818 0.08276977390050888
vn -0.9859535694122314 -0.15016068518161774 0.07312534004449844
vn -0.9845479130744934 -0.14994660019874573 0.0904512032866478
vn -0.9852080941200256 -0.1500471532344818 0.08276977390050888
vn -0.9845479130744934 -0.14994660019874573 0.0904512032866478
vn 0.8576919436454773 0.5141397714614868 0.0049873096868395805
vn 0.8576494455337524 0.514114260673523 -0.011134538799524307
vn 0.8576494455337524 0.514114260673523 -0.011134538799524307
vn 0.8574172258377075 0.5139750838279724 -0.025794334709644318
vn 0.8574172258377075 0.5139750838279724 -0.025794334709644318
vn 0.8570631742477417 0.513762891292572 -0.038605477660894394
vn 0.8570631742477417 0.513762891292572 -0.038605477660894394
vn 0.8562361001968384 0.5132670998573303 -0.05845191702246666
vn 0.8562361001968384 0.5132670998573303 -0.05845191702246666
vn 0.8555804491043091 0.5128740668296814 -0.07030192017555237
vn 0.8555804491043091 0.5128740668296814 -0.07030192017555237
vn 0.8556540012359619 0.5129181146621704 -0.06907422840595245
vn 0.8556540012359619 0.5129181146621704 -0.06907422840595245
vn 0.856368899345398 0.5133466720581055 -0.05574528127908707
vn 0.856368899345398 0.5133466720581055 -0.05574528127908707
vn 0.8572087287902832 0.5138500928878784 -0.03393107280135155
vn 0.8572087287902832 0.5138500928878784 -0.03393107280135155
vn 0.8575329184532166 0.514044463634491 -0.01988837495446205
vn 0.8575329184532166 0.514044463634491 -0.01988837495446205
vn 0.8576898574829102 0.5141385197639465 -0.0054427036084234715
vn 0.8576898574829102 0.5141385197639465 -0.0054427036084234715
vn 0.8576753735542297 0.5141298770904541 0.007961706258356571
vn 0.8576753735542297 0.5141298770904541 0.007961706258356571
vn 0.8575253486633301 0.514039933681488 0.020328275859355927
vn 0.8575253486633301 0.514039933681488 0.020328275859355927
vn 0.8569467663764954 0.51369309425354 0.041971758008003235
vn 0.8569467663764954 0.51369309425354 0.041971758008003235
vn 0.8561805486679077 0.5132337808609009 0.0595477856695652
vn 0.8561805486679077 0.5132337808609009 0.0595477856695652
vn 0.8554062843322754 0.5127696394920349 0.07312534004449844
vn 0.8554062843322754 0.5127696394920349 0.07312534004449844
vn 0.8547595739364624 0.5123819708824158 0.08276977390050888
vn 0.8547595739364624 0.5123819708824158 0.08276977390050888
vn 0.8541867733001709 0.5120385885238647 0.0904512032866478
vn 0.8541867733001709 0.5120385885238647 0.0904512032866478
vn 0.8576919436454773 0.5141397714614868 0.0049873096868395805
vn -0.9771834015846252 -0.21233876049518585 0.0049873096868395805
vn -0.9771834015846252 -0.21233876049518585 0.0049873096868395805
vn -0.9771349430084229 -0.212328240275383 -0.011134538799524307
vn -0.9771349430084229 -0.212328240275383 -0.011134538799524307
vn -0.9768704175949097 -0.21227075159549713 -0.025794334709644318
vn -0.9768704175949097 -0.21227075159549713 -0.025794334709644318
vn -0.9764670729637146 -0.21218310296535492 -0.038605477660894394
vn -0.9764670729637146 -0.21218310296535492 -0.038605477660894394
vn -0.9755247831344604 -0.21197834610939026 -0.05845191702246666
vn -0.9755247831344604 -0.21197834610939026 -0.05845191702246666
vn -0.9747776985168457 -0.21181601285934448 -0.07030192017555237
vn -0.9747776985168457 -0.21181601285934448 -0.07030192017555237
vn -0.9748615622520447 -0.21183423697948456 -0.06907422840595245
vn -0.9748615622520447 -0.21183423697948456 -0.06907422840595245
vn -0.9756760001182556 -0.2120112180709839 -0.05574528127908707
vn -0.9756760001182556 -0.2120112180709839 -0.05574528127908707
vn -0.976632833480835 -0.21221913397312164 -0.03393107280135155
vn -0.976632833480835 -0.21221913397312164 -0.03393107280135155
vn -0.9770022630691528 -0.2122994065284729 -0.01988837495446205
vn -0.9770022630691528 -0.2122994065284729 -0.01988837495446205
vn -0.977181077003479 -0.21233825385570526 -0.0054427036084234715
vn -0.9771645665168762 -0.21233467757701874 0.007961706258356571
vn -0.977181077003479 -0.21233825385570526 -0.0054427036084234715
vn -0.9769936203956604 -0.21229752898216248 0.020328275859355927
vn -0.9771645665168762 -0.21233467757701874 0.007961706258356571
vn -0.9763344526290894 -0.21215428411960602 0.041971758008003235
vn -0.9769936203956604 -0.21229752898216248 0.020328275859355927
vn -0.975461483001709 -0.21196459233760834 0.0595477856695652
vn -0.9763344526290894 -0.21215428411960602 0.041971758008003235
vn -0.9745793342590332 -0.21177291870117188 0.07312534004449844
vn -0.975461483001709 -0.21196459233760834 0.0595477856695652
vn -0.9738425016403198 -0.2116127908229828 0.08276977390050888
vn -0.9745793342590332 -0.21177291870117188 0.07312534004449844
vn -0.9731898903846741 -0.21147099137306213 0.0904512032866478
vn -0.9738425016403198 -0.2116127908229828 0.08276977390050888
vn -0.9731898903846741 -0.21147099137306213 0.0904512032866478
vn 0.8237163424491882 0.5669801235198975 0.0049873096868395805
vn 0.8236755132675171 0.5669520497322083 -0.011134538799524307
vn 0.8236755132675171 0.5669520497322083 -0.011134538799524307
vn 0.8234525322914124 0.5667985677719116 -0.025794334709644318
vn 0.8234525322914124 0.5667985677719116 -0.025794334709644318
vn 0.8231125473976135 0.5665645003318787 -0.038605477660894394
vn 0.8231125473976135 0.5665645003318787 -0.038605477660894394
vn 0.8223181962966919 0.5660178065299988 -0.05845191702246666
vn 0.8223181962966919 0.5660178065299988 -0.05845191702246666
vn 0.8216884732246399 0.5655843615531921 -0.07030192017555237
vn 0.8216884732246399 0.5655843615531921 -0.07030192017555237
vn 0.8217591643333435 0.5656329393386841 -0.06907422840595245
vn 0.8217591643333435 0.5656329393386841 -0.06907422840595245
vn 0.8224457502365112 0.5661055445671082 -0.05574528127908707
vn 0.8224457502365112 0.5661055445671082 -0.05574528127908707
vn 0.823252260684967 0.5666607022285461 -0.03393107280135155
vn 0.823252260684967 0.5666607022285461 -0.03393107280135155
vn 0.8235636949539185 0.5668750405311584 -0.01988837495446205
vn 0.8235636949539185 0.5668750405311584 -0.01988837495446205
vn 0.8237143754959106 0.5669788122177124 -0.0054427036084234715
vn 0.8237143754959106 0.5669788122177124 -0.0054427036084234715
vn 0.823700487613678 0.5669692158699036 0.007961706258356571
vn 0.823700487613678 0.5669692158699036 0.007961706258356571
vn 0.8235563635826111 0.5668700337409973 0.020328275859355927
vn 0.8235563635826111 0.5668700337409973 0.020328275859355927
vn 0.8230007290840149 0.5664875507354736 0.041971758008003235
vn 0.8230007290840149 0.5664875507354736 0.041971758008003235
vn 0.8222648501396179 0.5659810304641724 0.0595477856695652
vn 0.8222648501396179 0.5659810304641724 0.0595477856695652
vn 0.8215212821960449 0.5654692649841309 0.07312534004449844
vn 0.8215212821960449 0.5654692649841309 0.07312534004449844
vn 0.8209001421928406 0.565041720867157 0.08276977390050888
vn 0.8209001421928406 0.565041720867157 0.08276977390050888
vn 0.8203500509262085 0.5646630525588989 0.0904512032866478
vn 0.8203500509262085 0.5646630525588989 0.0904512032866478
vn 0.8237163424491882 0.5669801235198975 0.0049873096868395805
vn -0.961922287940979 -0.27327761054039 0.0049873096868395805
vn -0.961922287940979 -0.27327761054039 0.0049873096868395805
vn -0.9618746042251587 -0.273264080286026 -0.011134538799524307
vn -0.9618746042251587 -0.273264080286026 -0.011134538799524307
vn -0.961614191532135 -0.27319008111953735 -0.025794334709644318
vn -0.961614191532135 -0.27319008111953735 -0.025794334709644318
vn -0.9612171649932861 -0.2730772793292999 -0.038605477660894394
vn -0.9612171649932861 -0.2730772793292999 -0.038605477660894394
vn -0.9602895379066467 -0.2728137671947479 -0.05845191702246666
vn -0.9602895379066467 -0.2728137671947479 -0.05845191702246666
vn -0.9595541954040527 -0.2726048529148102 -0.07030192017555237
vn -0.9595541954040527 -0.2726048529148102 -0.07030192017555237
vn -0.9596366882324219 -0.2726282775402069 -0.06907422840595245
vn -0.9596366882324219 -0.2726282775402069 -0.06907422840595245
vn -0.9604384303092957 -0.27285605669021606 -0.05574528127908707
vn -0.9604384303092957 -0.27285605669021606 -0.05574528127908707
vn -0.9613803625106812 -0.2731236517429352 -0.03393107280135155
vn -0.9613803625106812 -0.2731236517429352 -0.03393107280135155
vn -0.961743950843811 -0.27322694659233093 -0.01988837495446205
vn -0.961743950843811 -0.27322694659233093 -0.01988837495446205
vn -0.9619200229644775 -0.2732769548892975 -0.0054427036084234715
vn -0.9619037508964539 -0.2732723355293274 0.007961706258356571
vn -0.9619200229644775 -0.2732769548892975 -0.0054427036084234715
vn -0.9617354869842529 -0.27322453260421753 0.020328275859355927
vn -0.9619037508964539 -0.2732723355293274 0.007961706258356571
vn -0.9610865712165833 -0.27304020524024963 0.041971758008003235
vn -0.9617354869842529 -0.27322453260421753 0.020328275859355927
vn -0.9602272510528564 -0.27279606461524963 0.0595477856695652
vn -0.9610865712165833 -0.27304020524024963 0.041971758008003235
vn -0.9593589305877686 -0.2725493609905243 0.07312534004449844
vn -0.9602272510528564 -0.27279606461524963 0.0595477856695652
vn -0.958633542060852 -0.27234330773353577 0.08276977390050888
vn -0.9593589305877686 -0.2725493609905243 0.07312534004449844
vn -0.9579911828041077 -0.2721607983112335 0.0904512032866478
vn -0.958633542060852 -0.27234330773353577 0.08276977390050888
vn -0.9579911828041077 -0.2721607983112335 0.0904512032866478
vn 0.7864899635314941 0.6175829172134399 0.0049873096868395805
vn 0.786450982093811 0.6175523400306702 -0.011134538799524307
vn 0.786450982093811 0.6175523400306702 -0.011134538799524307
vn 0.7862380743026733 0.6173850893974304 -0.025794334709644318
vn 0.7862380743026733 0.6173850893974304 -0.025794334709644318
vn 0.7859134078025818 0.6171302199363708 -0.038605477660894394
vn 0.7859134078025818 0.6171302199363708 -0.038605477660894394
vn 0.7851549983024597 0.6165346503257751 -0.05845191702246666
vn 0.7851549983024597 0.6165346503257751 -0.05845191702246666
vn 0.7845537662506104 0.6160625219345093 -0.07030192017555237
vn 0.7845537662506104 0.6160625219345093 -0.07030192017555237
vn 0.7846211791038513 0.6161155104637146 -0.06907422840595245
vn 0.7846211791038513 0.6161155104637146 -0.06907422840595245
vn 0.7852767705917358 0.6166302561759949 -0.05574528127908707
vn 0.7852767705917358 0.6166302561759949 -0.05574528127908707
vn 0.7860468626022339 0.617235004901886 -0.03393107280135155
vn 0.7860468626022339 0.617235004901886 -0.03393107280135155
vn 0.7863441705703735 0.6174684762954712 -0.01988837495446205
vn 0.7863441705703735 0.6174684762954712 -0.01988837495446205
vn 0.7864881157875061 0.6175814270973206 -0.0054427036084234715
vn 0.7864881157875061 0.6175814270973206 -0.0054427036084234715
vn 0.7864748239517212 0.6175710558891296 0.007961706258356571
vn 0.7864748239517212 0.6175710558891296 0.007961706258356571
vn 0.7863371968269348 0.6174629926681519 0.020328275859355927
vn 0.7863371968269348 0.6174629926681519 0.020328275859355927
vn 0.7858066558837891 0.6170463562011719 0.041971758008003235
vn 0.7858066558837891 0.6170463562011719 0.041971758008003235
vn 0.7851040363311768 0.6164946556091309 0.0595477856695652
vn 0.7851040363311768 0.6164946556091309 0.0595477856695652
vn 0.7843940854072571 0.6159371733665466 0.07312534004449844
vn 0.7843940854072571 0.6159371733665466 0.07312534004449844
vn 0.7838010191917419 0.6154714822769165 0.08276977390050888
vn 0.7838010191917419 0.6154714822769165 0.08276977390050888
vn 0.7832757830619812 0.6150590181350708 0.0904512032866478
vn 0.7832757830619812 0.6150590181350708 0.0904512032866478
vn 0.7864899635314941 0.6175829172134399 0.0049873096868395805
vn -0.9428648948669434 -0.33313795924186707 0.0049873096868395805
vn -0.9428648948669434 -0.33313795924186707 0.0049873096868395805
vn -0.9428181648254395 -0.3331214487552643 -0.011134538799524307
vn -0.9428181648254395 -0.3331214487552643 -0.011134538799524307
vn -0.9425628781318665 -0.3330312669277191 -0.025794334709644318
vn -0.9425628781318665 -0.3330312669277191 -0.025794334709644318
vn -0.9421737194061279 -0.3328937590122223 -0.038605477660894394
vn -0.9421737194061279 -0.3328937590122223 -0.038605477660894394
vn -0.9412645101547241 -0.3325725197792053 -0.05845191702246666
vn -0.9412645101547241 -0.3325725197792053 -0.05845191702246666
vn -0.9405437111854553 -0.3323178291320801 -0.07030192017555237
vn -0.9405437111854553 -0.3323178291320801 -0.07030192017555237
vn -0.9406245946884155 -0.3323464095592499 -0.06907422840595245
vn -0.9406245946884155 -0.3323464095592499 -0.06907422840595245
vn -0.941410481929779 -0.33262407779693604 -0.05574528127908707
vn -0.941410481929779 -0.33262407779693604 -0.05574528127908707
vn -0.9423336982727051 -0.33295026421546936 -0.03393107280135155
vn -0.9423336982727051 -0.33295026421546936 -0.03393107280135155
vn -0.9426901340484619 -0.33307620882987976 -0.01988837495446205
vn -0.9426901340484619 -0.33307620882987976 -0.01988837495446205
vn -0.9428626894950867 -0.333137184381485 -0.0054427036084234715
vn -0.9428467154502869 -0.3331315517425537 0.007961706258356571
vn -0.9428626894950867 -0.333137184381485 -0.0054427036084234715
vn -0.9426817893981934 -0.3330732583999634 0.020328275859355927
vn -0.9428467154502869 -0.3331315517425537 0.007961706258356571
vn -0.9420457482337952 -0.33284854888916016 0.041971758008003235
vn -0.9426817893981934 -0.3330732583999634 0.020328275859355927
vn -0.9412034749984741 -0.33255094289779663 0.0595477856695652
vn -0.9420457482337952 -0.33284854888916016 0.041971758008003235
vn -0.9403523206710815 -0.3322502076625824 0.07312534004449844
vn -0.9412034749984741 -0.33255094289779663 0.0595477856695652
vn -0.9396413564682007 -0.3319990038871765 0.08276977390050888
vn -0.9403523206710815 -0.3322502076625824 0.07312534004449844
vn -0.9390116930007935 -0.33177652955055237 0.0904512032866478
vn -0.9396413564682007 -0.3319990038871765 0.08276977390050888
vn -0.9390116930007935 -0.33177652955055237 0.0904512032866478
vn 0.7461596727371216 0.6657483577728271 0.0049873096868395805
vn 0.7461226582527161 0.6657153964042664 -0.011134538799524307
vn 0.7461226582527161 0.6657153964042664 -0.011134538799524307
vn 0.7459206581115723 0.6655351519584656 -0.025794334709644318
vn 0.7459206581115723 0.6655351519584656 -0.025794334709644318
vn 0.7456126809120178 0.665260374546051 -0.038605477660894394
vn 0.7456126809120178 0.665260374546051 -0.038605477660894394
vn 0.7448931336402893 0.6646183729171753 -0.05845191702246666
vn 0.7448931336402893 0.6646183729171753 -0.05845191702246666
vn 0.7443227171897888 0.6641094088554382 -0.07030192017555237
vn 0.7443227171897888 0.6641094088554382 -0.07030192017555237
vn 0.7443867325782776 0.6641665101051331 -0.06907422840595245
vn 0.7443867325782776 0.6641665101051331 -0.06907422840595245
vn 0.745008647441864 0.6647214293479919 -0.05574528127908707
vn 0.745008647441864 0.6647214293479919 -0.05574528127908707
vn 0.7457392811775208 0.6653733253479004 -0.03393107280135155
vn 0.7457392811775208 0.6653733253479004 -0.03393107280135155
vn 0.7460213303565979 0.6656249761581421 -0.01988837495446205
vn 0.7460213303565979 0.6656249761581421 -0.01988837495446205
vn 0.7461578845977783 0.665746808052063 -0.0054427036084234715
vn 0.7461578845977783 0.665746808052063 -0.0054427036084234715
vn 0.7461453080177307 0.6657355427742004 0.007961706258356571
vn 0.7461453080177307 0.6657355427742004 0.007961706258356571
vn 0.7460147142410278 0.6656190752983093 0.020328275859355927
vn 0.7460147142410278 0.6656190752983093 0.020328275859355927
vn 0.7455114126205444 0.6651700139045715 0.041971758008003235
vn 0.7455114126205444 0.6651700139045715 0.041971758008003235
vn 0.7448447942733765 0.6645752191543579 0.0595477856695652
vn 0.7448447942733765 0.6645752191543579 0.0595477856695652
vn 0.7441712617874146 0.6639742851257324 0.07312534004449844
vn 0.7441712617874146 0.6639742851257324 0.07312534004449844
vn 0.7436085939407349 0.6634722352027893 0.08276977390050888
vn 0.7436085939407349 0.6634722352027893 0.08276977390050888
vn 0.7431102991104126 0.6630276441574097 0.0904512032866478
vn 0.7431102991104126 0.6630276441574097 0.0904512032866478
vn 0.7461596727371216 0.6657483577728271 0.0049873096868395805
vn -0.9200864434242249 -0.39168357849121094 0.0049873096868395805
vn -0.9200864434242249 -0.39168357849121094 0.0049873096868395805
vn -0.9200408458709717 -0.39166414737701416 -0.011134538799524307
vn -0.9200408458709717 -0.39166414737701416 -0.011134538799524307
vn -0.9197917580604553 -0.39155811071395874 -0.025794334709644318
vn -0.9197917580604553 -0.39155811071395874 -0.025794334709644318
vn -0.9194120168685913 -0.3913964331150055 -0.038605477660894394
vn -0.9194120168685913 -0.3913964331150055 -0.038605477660894394
vn -0.9185247421264648 -0.39101874828338623 -0.05845191702246666
vn -0.9185247421264648 -0.39101874828338623 -0.05845191702246666
vn -0.9178213477134705 -0.39071929454803467 -0.07030192017555237
vn -0.9178213477134705 -0.39071929454803467 -0.07030192017555237
vn -0.9179002642631531 -0.390752911567688 -0.06907422840595245
vn -0.9179002642631531 -0.390752911567688 -0.06907422840595245
vn -0.918667197227478 -0.3910793662071228 -0.05574528127908707
vn -0.918667197227478 -0.3910793662071228 -0.05574528127908707
vn -0.9195681214332581 -0.39146289229393005 -0.03393107280135155
vn -0.9195681214332581 -0.39146289229393005 -0.03393107280135155
vn -0.9199159145355225 -0.3916109502315521 -0.01988837495446205
vn -0.9199159145355225 -0.3916109502315521 -0.01988837495446205
vn -0.9200842976570129 -0.39168262481689453 -0.0054427036084234715
vn -0.9200687408447266 -0.39167600870132446 0.007961706258356571
vn -0.9200842976570129 -0.39168262481689453 -0.0054427036084234715
vn -0.919907808303833 -0.39160749316215515 0.020328275859355927
vn -0.9200687408447266 -0.39167600870132446 0.007961706258356571
vn -0.9192871451377869 -0.39134329557418823 0.041971758008003235
vn -0.919907808303833 -0.39160749316215515 0.020328275859355927
vn -0.9184651374816895 -0.3909933567047119 0.0595477856695652
vn -0.9192871451377869 -0.39134329557418823 0.041971758008003235
vn -0.9176346063613892 -0.3906397819519043 0.07312534004449844
vn -0.9184651374816895 -0.3909933567047119 0.0595477856695652
vn -0.9169407486915588 -0.39034444093704224 0.08276977390050888
vn -0.9176346063613892 -0.3906397819519043 0.07312534004449844
vn -0.9163263440132141 -0.39008286595344543 0.0904512032866478
vn -0.9169407486915588 -0.39034444093704224 0.08276977390050888
vn -0.9163263440132141 -0.39008286595344543 0.0904512032866478
vn 0.7028846144676208 0.7112864255905151 0.0049873096868395805
vn 0.7028497457504272 0.7112511992454529 -0.011134538799524307
vn 0.7028497457504272 0.7112511992454529 -0.011134538799524307
vn 0.7026594877243042 0.7110586166381836 -0.025794334709644318
vn 0.7026594877243042 0.7110586166381836 -0.025794334709644318
vn 0.7023693323135376 0.71076500415802 -0.038605477660894394
vn 0.7023693323135376 0.71076500415802 -0.038605477660894394
vn 0.7016915678977966 0.7100791335105896 -0.05845191702246666
vn 0.7016915678977966 0.7100791335105896 -0.05845191702246666
vn 0.7011542320251465 0.7095353603363037 -0.07030192017555237
vn 0.7011542320251465 0.7095353603363037 -0.07030192017555237
vn 0.7012144923210144 0.7095963358879089 -0.06907422840595245
vn 0.7012144923210144 0.7095963358879089 -0.06907422840595245
vn 0.7018003463745117 0.7101892232894897 -0.05574528127908707
vn 0.7018003463745117 0.7101892232894897 -0.05574528127908707
vn 0.7024886012077332 0.7108857035636902 -0.03393107280135155
vn 0.7024886012077332 0.7108857035636902 -0.03393107280135155
vn 0.7027543187141418 0.711154580116272 -0.01988837495446205
vn 0.7027543187141418 0.711154580116272 -0.01988837495446205
vn 0.7028829455375671 0.7112847566604614 -0.0054427036084234715
vn 0.7028829455375671 0.7112847566604614 -0.0054427036084234715
vn 0.7028710246086121 0.7112727165222168 0.007961706258356571
vn 0.7028710246086121 0.7112727165222168 0.007961706258356571
vn 0.7027480602264404 0.7111482620239258 0.020328275859355927
vn 0.7027480602264404 0.7111482620239258 0.020328275859355927
vn 0.702273964881897 0.7106685042381287 0.041971758008003235
vn 0.702273964881897 0.7106685042381287 0.041971758008003235
vn 0.7016460299491882 0.7100330591201782 0.0595477856695652
vn 0.7016460299491882 0.7100330591201782 0.0595477856695652
vn 0.7010115385055542 0.7093909382820129 0.07312534004449844
vn 0.7010115385055542 0.7093909382820129 0.07312534004449844
vn 0.7004814743995667 0.708854615688324 0.08276977390050888
vn 0.7004814743995667 0.708854615688324 0.08276977390050888
vn 0.7000120878219604 0.7083795666694641 0.0904512032866478
vn 0.7000120878219604 0.7083795666694641 0.0904512032866478
vn 0.7028846144676208 0.7112864255905151 0.0049873096868395805
vn -0.8936768770217896 -0.44868338108062744 0.0049873096868395805
vn -0.8936768770217896 -0.44868338108062744 0.0049873096868395805
vn -0.8936325907707214 -0.4486611485481262 -0.011134538799524307
vn -0.8936325907707214 -0.4486611485481262 -0.011134538799524307
vn -0.8933906555175781 -0.448539674282074 -0.025794334709644318
vn -0.8933906555175781 -0.448539674282074 -0.025794334709644318
vn -0.8930217623710632 -0.44835448265075684 -0.038605477660894394
vn -0.8930217623710632 -0.44835448265075684 -0.038605477660894394
vn -0.8921599984169006 -0.4479218125343323 -0.05845191702246666
vn -0.8921599984169006 -0.4479218125343323 -0.05845191702246666
vn -0.8914768099784851 -0.4475787878036499 -0.07030192017555237
vn -0.8914768099784851 -0.4475787878036499 -0.07030192017555237
vn -0.8915534615516663 -0.4476172626018524 -0.06907422840595245
vn -0.8915534615516663 -0.4476172626018524 -0.06907422840595245
vn -0.8922983407974243 -0.4479912519454956 -0.05574528127908707
vn -0.8922983407974243 -0.4479912519454956 -0.05574528127908707
vn -0.8931733965873718 -0.448430597782135 -0.03393107280135155
vn -0.8931733965873718 -0.448430597782135 -0.03393107280135155
vn -0.8935112357139587 -0.4486002027988434 -0.01988837495446205
vn -0.8935112357139587 -0.4486002027988434 -0.01988837495446205
vn -0.8936747312545776 -0.4486823081970215 -0.0054427036084234715
vn -0.8936596512794495 -0.448674738407135 0.007961706258356571
vn -0.8936747312545776 -0.4486823081970215 -0.0054427036084234715
vn -0.8935033082962036 -0.4485962390899658 0.020328275859355927
vn -0.8936596512794495 -0.448674738407135 0.007961706258356571
vn -0.8929004669189453 -0.4482935667037964 0.041971758008003235
vn -0.8935033082962036 -0.4485962390899658 0.020328275859355927
vn -0.8921021223068237 -0.4478927254676819 0.0595477856695652
vn -0.8929004669189453 -0.4482935667037964 0.041971758008003235
vn -0.8912953734397888 -0.4474877119064331 0.07312534004449844
vn -0.8921021223068237 -0.4478927254676819 0.0595477856695652
vn -0.8906214833259583 -0.4471493661403656 0.08276977390050888
vn -0.8912953734397888 -0.4474877119064331 0.07312534004449844
vn -0.8900246620178223 -0.4468497335910797 0.0904512032866478
vn -0.8906214833259583 -0.4471493661403656 0.08276977390050888
vn -0.8900246620178223 -0.4468497335910797 0.0904512032866478
vn 0.6568355560302734 0.7540173530578613 0.0049873096868395805
vn 0.6568030118942261 0.7539799809455872 -0.011134538799524307
vn 0.6568030118942261 0.7539799809455872 -0.011134538799524307
vn 0.6566251516342163 0.7537758350372314 -0.025794334709644318
vn 0.6566251516342163 0.7537758350372314 -0.025794334709644318
vn 0.6563540697097778 0.7534646391868591 -0.038605477660894394
vn 0.6563540697097778 0.7534646391868591 -0.038605477660894394
vn 0.6557206511497498 0.7527375221252441 -0.05845191702246666
vn 0.6557206511497498 0.7527375221252441 -0.05845191702246666
vn 0.6552185416221619 0.7521610856056213 -0.07030192017555237
vn 0.6552185416221619 0.7521610856056213 -0.07030192017555237
vn 0.6552748680114746 0.7522257566452026 -0.06907422840595245
vn 0.6552748680114746 0.7522257566452026 -0.06907422840595245
vn 0.6558223366737366 0.7528542280197144 -0.05574528127908707
vn 0.6558223366737366 0.7528542280197144 -0.05574528127908707
vn 0.6564655303955078 0.7535925507545471 -0.03393107280135155
vn 0.6564655303955078 0.7535925507545471 -0.03393107280135155
vn 0.6567137837409973 0.753877580165863 -0.01988837495446205
vn 0.6567137837409973 0.753877580165863 -0.01988837495446205
vn 0.6568340063095093 0.7540155649185181 -0.0054427036084234715
vn 0.6568340063095093 0.7540155649185181 -0.0054427036084234715
vn 0.656822919845581 0.7540028095245361 0.007961706258356571
vn 0.656822919845581 0.7540028095245361 0.007961706258356571
vn 0.6567080020904541 0.7538709044456482 0.020328275859355927
vn 0.6567080020904541 0.7538709044456482 0.020328275859355927
vn 0.6562649011611938 0.7533622980117798 0.041971758008003235
vn 0.6562649011611938 0.7533622980117798 0.041971758008003235
vn 0.6556781530380249 0.7526887059211731 0.0595477856695652
vn 0.6556781530380249 0.7526887059211731 0.0595477856695652
vn 0.6550852060317993 0.7520080208778381 0.07312534004449844
vn 0.6550852060317993 0.7520080208778381 0.07312534004449844
vn 0.6545898914337158 0.7514394521713257 0.08276977390050888
vn 0.6545898914337158 0.7514394521713257 0.08276977390050888
vn 0.6541512608528137 0.7509359121322632 0.0904512032866478
vn 0.6541512608528137 0.7509359121322632 0.0904512032866478
vn 0.6568355560302734 0.7540173530578613 0.0049873096868395805
vn -0.8637403249740601 -0.5039124488830566 0.0049873096868395805
vn -0.8637403249740601 -0.5039124488830566 0.0049873096868395805
vn -0.8636975288391113 -0.5038874745368958 -0.011134538799524307
vn -0.8636975288391113 -0.5038874745368958 -0.011134538799524307
vn -0.8634636998176575 -0.5037510395050049 -0.025794334709644318
vn -0.8634636998176575 -0.5037510395050049 -0.025794334709644318
vn -0.8631072044372559 -0.5035430192947388 -0.038605477660894394
vn -0.8631072044372559 -0.5035430192947388 -0.038605477660894394
vn -0.8622742891311646 -0.5030571222305298 -0.05845191702246666
vn -0.8622742891311646 -0.5030571222305298 -0.05845191702246666
vn -0.861613929271698 -0.5026718974113464 -0.07030192017555237
vn -0.861613929271698 -0.5026718974113464 -0.07030192017555237
vn -0.8616880178451538 -0.5027151107788086 -0.06907422840595245
vn -0.8616880178451538 -0.5027151107788086 -0.06907422840595245
vn -0.8624079823493958 -0.5031351447105408 -0.05574528127908707
vn -0.8624079823493958 -0.5031351447105408 -0.05574528127908707
vn -0.8632537126541138 -0.5036285519599915 -0.03393107280135155
vn -0.8632537126541138 -0.5036285519599915 -0.03393107280135155
vn -0.8635802268981934 -0.5038190484046936 -0.01988837495446205
vn -0.8635802268981934 -0.5038190484046936 -0.01988837495446205
vn -0.8637382984161377 -0.5039112567901611 -0.0054427036084234715
vn -0.8637236952781677 -0.5039027333259583 0.007961706258356571
vn -0.8637382984161377 -0.5039112567901611 -0.0054427036084234715
vn -0.8635725975036621 -0.5038145780563354 0.020328275859355927
vn -0.8637236952781677 -0.5039027333259583 0.007961706258356571
vn -0.8629899621009827 -0.5034746527671814 0.041971758008003235
vn -0.8635725975036621 -0.5038145780563354 0.020328275859355927
vn -0.8622183203697205 -0.5030244588851929 0.0595477856695652
vn -0.8629899621009827 -0.5034746527671814 0.041971758008003235
vn -0.8614386320114136 -0.5025696158409119 0.07312534004449844
vn -0.8622183203697205 -0.5030244588851929 0.0595477856695652
vn -0.8607872724533081 -0.502189576625824 0.08276977390050888
vn -0.8614386320114136 -0.5025696158409119 0.07312534004449844
vn -0.8602104783058167 -0.5018531084060669 0.0904512032866478
vn -0.8607872724533081 -0.502189576625824 0.08276977390050888
vn -0.8602104783058167 -0.5018531084060669 0.0904512032866478
vn 0.6081942915916443 0.7937725186347961 0.0049873096868395805
vn 0.6081641912460327 0.7937331795692444 -0.011134538799524307
vn 0.6081641912460327 0.7937331795692444 -0.011134538799524307
vn 0.6079995036125183 0.7935183048248291 -0.025794334709644318
vn 0.6079995036125183 0.7935183048248291 -0.025794334709644318
vn 0.6077484488487244 0.7931906580924988 -0.038605477660894394
vn 0.6077484488487244 0.7931906580924988 -0.038605477660894394
vn 0.6071619987487793 0.7924252152442932 -0.05845191702246666
vn 0.6071619987487793 0.7924252152442932 -0.05845191702246666
vn 0.6066970229148865 0.791818380355835 -0.07030192017555237
vn 0.6066970229148865 0.791818380355835 -0.07030192017555237
vn 0.6067491769790649 0.7918864488601685 -0.06907422840595245
vn 0.6067491769790649 0.7918864488601685 -0.06907422840595245
vn 0.6072561144828796 0.7925480604171753 -0.05574528127908707
vn 0.6072561144828796 0.7925480604171753 -0.05574528127908707
vn 0.6078516244888306 0.7933253049850464 -0.03393107280135155
vn 0.6078516244888306 0.7933253049850464 -0.03393107280135155
vn 0.608081579208374 0.7936254143714905 -0.01988837495446205
vn 0.608081579208374 0.7936254143714905 -0.01988837495446205
vn 0.6081928610801697 0.7937706112861633 -0.0054427036084234715
vn 0.6081928610801697 0.7937706112861633 -0.0054427036084234715
vn 0.6081826090812683 0.7937572598457336 0.007961706258356571
vn 0.6081826090812683 0.7937572598457336 0.007961706258356571
vn 0.6080762147903442 0.793618381023407 0.020328275859355927
vn 0.6080762147903442 0.793618381023407 0.020328275859355927
vn 0.6076658964157104 0.7930828928947449 0.041971758008003235
vn 0.6076658964157104 0.7930828928947449 0.041971758008003235
vn 0.6071226000785828 0.792373776435852 0.0595477856695652
vn 0.6071226000785828 0.792373776435852 0.0595477856695652
vn 0.6065735816955566 0.7916572690010071 0.07312534004449844
vn 0.6065735816955566 0.7916572690010071 0.07312534004449844
vn 0.60611492395401 0.7910586595535278 0.08276977390050888
vn 0.60611492395401 0.7910586595535278 0.08276977390050888
vn 0.6057087779045105 0.7905285954475403 0.0904512032866478
vn 0.6057087779045105 0.7905285954475403 0.0904512032866478
vn 0.6081942915916443 0.7937725186347961 0.0049873096868395805
vn -0.8303950428962708 -0.5571528077125549 0.0049873096868395805
vn -0.8303950428962708 -0.5571528077125549 0.0049873096868395805
vn -0.830353856086731 -0.5571251511573792 -0.011134538799524307
vn -0.830353856086731 -0.5571251511573792 -0.011134538799524307
vn -0.8301290273666382 -0.5569743514060974 -0.025794334709644318
vn -0.8301290273666382 -0.5569743514060974 -0.025794334709644318
vn -0.8297863006591797 -0.556744396686554 -0.038605477660894394
vn -0.8297863006591797 -0.556744396686554 -0.038605477660894394
vn -0.8289855718612671 -0.5562071204185486 -0.05845191702246666
vn -0.8289855718612671 -0.5562071204185486 -0.05845191702246666
vn -0.8283507227897644 -0.5557811856269836 -0.07030192017555237
vn -0.8283507227897644 -0.5557811856269836 -0.07030192017555237
vn -0.828421950340271 -0.5558289289474487 -0.06907422840595245
vn -0.828421950340271 -0.5558289289474487 -0.06907422840595245
vn -0.8291140794754028 -0.5562933683395386 -0.05574528127908707
vn -0.8291140794754028 -0.5562933683395386 -0.05574528127908707
vn -0.8299272060394287 -0.556838870048523 -0.03393107280135155
vn -0.8299272060394287 -0.556838870048523 -0.03393107280135155
vn -0.8302410840988159 -0.5570495128631592 -0.01988837495446205
vn -0.8302410840988159 -0.5570495128631592 -0.01988837495446205
vn -0.8303930759429932 -0.5571514368057251 -0.0054427036084234715
vn -0.8303790092468262 -0.5571420788764954 0.007961706258356571
vn -0.8303930759429932 -0.5571514368057251 -0.0054427036084234715
vn -0.8302337527275085 -0.5570445656776428 0.020328275859355927
vn -0.8303790092468262 -0.5571420788764954 0.007961706258356571
vn -0.8296735882759094 -0.556668758392334 0.041971758008003235
vn -0.8302337527275085 -0.5570445656776428 0.020328275859355927
vn -0.8289317488670349 -0.5561710000038147 0.0595477856695652
vn -0.8296735882759094 -0.556668758392334 0.041971758008003235
vn -0.8281821608543396 -0.5556680560112 0.07312534004449844
vn -0.8289317488670349 -0.5561710000038147 0.0595477856695652
vn -0.8275559544563293 -0.5552479028701782 0.08276977390050888
vn -0.8281821608543396 -0.5556680560112 0.07312534004449844
vn -0.8270014524459839 -0.5548758506774902 0.0904512032866478
vn -0.8275559544563293 -0.5552479028701782 0.08276977390050888
vn -0.8270014524459839 -0.5548758506774902 0.0904512032866478
vn 0.5571528077125549 0.8303950428962708 0.0049873096868395805
vn 0.5571251511573792 0.830353856086731 -0.011134538799524307
vn 0.5571251511573792 0.830353856086731 -0.011134538799524307
vn 0.5569743514060974 0.8301290273666382 -0.025794334709644318
vn 0.5569743514060974 0.8301290273666382 -0.025794334709644318
vn 0.556744396686554 0.8297863006591797 -0.038605477660894394
vn 0.556744396686554 0.8297863006591797 -0.038605477660894394
vn 0.5562071204185486 0.8289855718612671 -0.05845191702246666
vn 0.5562071204185486 0.8289855718612671 -0.05845191702246666
vn 0.5557811856269836 0.8283507227897644 -0.07030192017555237
vn 0.5557811856269836 0.8283507227897644 -0.07030192017555237
vn 0.5558289289474487 0.828421950340271 -0.06907422840595245
vn 0.5558289289474487 0.828421950340271 -0.06907422840595245
vn 0.5562933683395386 0.8291140794754028 -0.05574528127908707
vn 0.5562933683395386 0.8291140794754028 -0.05574528127908707
vn 0.556838870048523 0.8299272060394287 -0.03393107280135155
vn 0.556838870048523 0.8299272060394287 -0.03393107280135155
vn 0.5570495128631592 0.8302410840988159 -0.01988837495446205
vn 0.5570495128631592 0.8302410840988159 -0.01988837495446205
vn 0.5571514368057251 0.8303930759429932 -0.0054427036084234715
vn 0.5571514368057251 0.8303930759429932 -0.0054427036084234715
vn 0.5571420788764954 0.8303790092468262 0.007961706258356571
vn 0.5571420788764954 0.8303790092468262 0.007961706258356571
vn 0.5570445656776428 0.8302337527275085 0.020328275859355927
vn 0.5570445656776428 0.8302337527275085 0.020328275859355927
vn 0.556668758392334 0.8296735882759094 0.041971758008003235
vn 0.556668758392334 0.8296735882759094 0.041971758008003235
vn 0.5561710000038147 0.8289317488670349 0.0595477856695652
vn 0.5561710000038147 0.8289317488670349 0.0595477856695652
vn 0.5556680560112 0.8281821608543396 0.07312534004449844
vn 0.5556680560112 0.8281821608543396 0.07312534004449844
vn 0.5552479028701782 0.8275559544563293 0.08276977390050888
vn 0.5552479028701782 0.8275559544563293 0.08276977390050888
vn 0.5548758506774902 0.8270014524459839 0.0904512032866478
vn 0.5548758506774902 0.8270014524459839 0.0904512032866478
vn 0.5571528077125549 0.8303950428962708 0.0049873096868395805
vn -0.7937725186347961 -0.6081942915916443 0.0049873096868395805
vn -0.7937725186347961 -0.6081942915916443 0.0049873096868395805
vn -0.7937331795692444 -0.6081641912460327 -0.011134538799524307
vn -0.7937331795692444 -0.6081641912460327 -0.011134538799524307
vn -0.7935183048248291 -0.6079995036125183 -0.025794334709644318
vn -0.7935183048248291 -0.6079995036125183 -0.025794334709644318
vn -0.7931906580924988 -0.6077484488487244 -0.038605477660894394
vn -0.7931906580924988 -0.6077484488487244 -0.038605477660894394
vn -0.7924252152442932 -0.6071619987487793 -0.05845191702246666
vn -0.7924252152442932 -0.6071619987487793 -0.05845191702246666
vn -0.791818380355835 -0.6066970229148865 -0.07030192017555237
vn -0.791818380355835 -0.6066970229148865 -0.07030192017555237
vn -0.7918864488601685 -0.6067491769790649 -0.06907422840595245
vn -0.7918864488601685 -0.6067491769790649 -0.06907422840595245
vn -0.7925480604171753 -0.6072561144828796 -0.05574528127908707
vn -0.7925480604171753 -0.6072561144828796 -0.05574528127908707
vn -0.7933253049850464 -0.6078516244888306 -0.03393107280135155
vn -0.7933253049850464 -0.6078516244888306 -0.03393107280135155
vn -0.7936254143714905 -0.608081579208374 -0.01988837495446205
vn -0.7936254143714905 -0.608081579208374 -0.01988837495446205
vn -0.7937706112861633 -0.6081928610801697 -0.0054427036084234715
vn -0.7937572598457336 -0.6081826090812683 0.007961706258356571
vn -0.7937706112861633 -0.6081928610801697 -0.0054427036084234715
vn -0.793618381023407 -0.6080762147903442 0.020328275859355927
vn -0.7937572598457336 -0.6081826090812683 0.007961706258356571
vn -0.7930828928947449 -0.6076658964157104 0.041971758008003235
vn -0.793618381023407 -0.6080762147903442 0.020328275859355927
vn -0.792373776435852 -0.6071226000785828 0.0595477856695652
vn -0.7930828928947449 -0.6076658964157104 0.041971758008003235
vn -0.7916572690010071 -0.6065735816955566 0.07312534004449844
vn -0.792373776435852 -0.6071226000785828 0.0595477856695652
vn -0.7910586595535278 -0.60611492395401 0.08276977390050888
vn -0.7916572690010071 -0.6065735816955566 0.07312534004449844
vn -0.7905285954475403 -0.6057087779045105 0.0904512032866478
vn -0.7910586595535278 -0.60611492395401 0.08276977390050888
vn -0.7905285954475403 -0.6057087779045105 0.0904512032866478
vn 0.5039124488830566 0.8637403249740601 0.0049873096868395805
vn 0.5038874745368958 0.8636975288391113 -0.011134538799524307
vn 0.5038874745368958 0.8636975288391113 -0.011134538799524307
vn 0.5037510395050049 0.8634636998176575 -0.025794334709644318
vn 0.5037510395050049 0.8634636998176575 -0.025794334709644318
vn 0.5035430192947388 0.8631072044372559 -0.038605477660894394
vn 0.5035430192947388 0.8631072044372559 -0.038605477660894394
vn 0.5030571222305298 0.8622742891311646 -0.05845191702246666
vn 0.5030571222305298 0.8622742891311646 -0.05845191702246666
vn 0.5026718974113464 0.861613929271698 -0.07030192017555237
vn 0.5026718974113464 0.861613929271698 -0.07030192017555237
vn 0.5027151107788086 0.8616880178451538 -0.06907422840595245
vn 0.5027151107788086 0.8616880178451538 -0.06907422840595245
vn 0.5031351447105408 0.8624079823493958 -0.05574528127908707
vn 0.5031351447105408 0.8624079823493958 -0.05574528127908707
vn 0.5036285519599915 0.8632537126541138 -0.03393107280135155
vn 0.5036285519599915 0.8632537126541138 -0.03393107280135155
vn 0.5038190484046936 0.8635802268981934 -0.01988837495446205
vn 0.5038190484046936 0.8635802268981934 -0.01988837495446205
vn 0.5039112567901611 0.8637382984161377 -0.0054427036084234715
vn 0.5039112567901611 0.8637382984161377 -0.0054427036084234715
vn 0.5039027333259583 0.8637236952781677 0.007961706258356571
vn 0.5039027333259583 0.8637236952781677 0.007961706258356571
vn 0.5038145780563354 0.8635725975036621 0.020328275859355927
vn 0.5038145780563354 0.8635725975036621 0.020328275859355927
vn 0.5034746527671814 0.8629899621009827 0.041971758008003235
vn 0.5034746527671814 0.8629899621009827 0.041971758008003235
vn 0.5030244588851929 0.8622183203697205 0.0595477856695652
vn 0.5030244588851929 0.8622183203697205 0.0595477856695652
vn 0.5025696158409119 0.8614386320114136 0.07312534004449844
vn 0.5025696158409119 0.8614386320114136 0.07312534004449844
vn 0.502189576625824 0.8607872724533081 0.08276977390050888
vn 0.502189576625824 0.8607872724533081 0.08276977390050888
vn 0.5018531084060669 0.8602104783058167 0.0904512032866478
vn 0.5018531084060669 0.8602104783058167 0.0904512032866478
vn 0.5039124488830566 0.8637403249740601 0.0049873096868395805
vn -0.7540173530578613 -0.6568355560302734 0.0049873096868395805
vn -0.7540173530578613 -0.6568355560302734 0.0049873096868395805
vn -0.7539799809455872 -0.6568030118942261 -0.011134538799524307
vn -0.7539799809455872 -0.6568030118942261 -0.011134538799524307
vn -0.7537758350372314 -0.6566251516342163 -0.025794334709644318
vn -0.7537758350372314 -0.6566251516342163 -0.025794334709644318
vn -0.7534646391868591 -0.6563540697097778 -0.038605477660894394
vn -0.7534646391868591 -0.6563540697097778 -0.038605477660894394
vn -0.7527375221252441 -0.6557206511497498 -0.05845191702246666
vn -0.7527375221252441 -0.6557206511497498 -0.05845191702246666
vn -0.7521610856056213 -0.6552185416221619 -0.07030192017555237
vn -0.7521610856056213 -0.6552185416221619 -0.07030192017555237
vn -0.7522257566452026 -0.6552748680114746 -0.06907422840595245
vn -0.7522257566452026 -0.6552748680114746 -0.06907422840595245
vn -0.7528542280197144 -0.6558223366737366 -0.05574528127908707
vn -0.7528542280197144 -0.6558223366737366 -0.05574528127908707
vn -0.7535925507545471 -0.6564655303955078 -0.03393107280135155
vn -0.7535925507545471 -0.6564655303955078 -0.03393107280135155
vn -0.753877580165863 -0.6567137837409973 -0.01988837495446205
vn -0.753877580165863 -0.6567137837409973 -0.01988837495446205
vn -0.7540155649185181 -0.6568340063095093 -0.0054427036084234715
vn -0.7540028095245361 -0.656822919845581 0.007961706258356571
vn -0.7540155649185181 -0.6568340063095093 -0.0054427036084234715
vn -0.7538709044456482 -0.6567080020904541 0.020328275859355927
vn -0.7540028095245361 -0.656822919845581 0.007961706258356571
vn -0.7533622980117798 -0.6562649011611938 0.041971758008003235
vn -0.7538709044456482 -0.6567080020904541 0.020328275859355927
vn -0.7526887059211731 -0.6556781530380249 0.0595477856695652
vn -0.7533622980117798 -0.6562649011611938 0.041971758008003235
vn -0.7520080208778381 -0.6550852060317993 0.07312534004449844
vn -0.7526887059211731 -0.6556781530380249 0.0595477856695652
vn -0.7514394521713257 -0.6545898914337158 0.08276977390050888
vn -0.7520080208778381 -0.6550852060317993 0.07312534004449844
vn -0.7509359121322632 -0.6541512608528137 0.0904512032866478
vn -0.7514394521713257 -0.6545898914337158 0.08276977390050888
vn -0.7509359121322632 -0.6541512608528137 0.0904512032866478
vn 0.44868338108062744 0.8936768770217896 0.0049873096868395805
vn 0.4486611485481262 0.8936325907707214 -0.011134538799524307
vn 0.4486611485481262 0.8936325907707214 -0.011134538799524307
vn 0.448539674282074 0.8933906555175781 -0.025794334709644318
vn 0.448539674282074 0.8933906555175781 -0.025794334709644318
vn 0.44835448265075684 0.8930217623710632 -0.038605477660894394
vn 0.44835448265075684 0.8930217623710632 -0.038605477660894394
vn 0.4479218125343323 0.8921599984169006 -0.05845191702246666
vn 0.4479218125343323 0.8921599984169006 -0.05845191702246666
vn 0.4475787878036499 0.8914768099784851 -0.07030192017555237
vn 0.4475787878036499 0.8914768099784851 -0.07030192017555237
vn 0.4476172626018524 0.8915534615516663 -0.06907422840595245
vn 0.4476172626018524 0.8915534615516663 -0.06907422840595245
vn 0.4479912519454956 0.8922983407974243 -0.05574528127908707
vn 0.4479912519454956 0.8922983407974243 -0.05574528127908707
vn 0.448430597782135 0.8931733965873718 -0.03393107280135155
vn 0.448430597782135 0.8931733965873718 -0.03393107280135155
vn 0.4486002027988434 0.8935112357139587 -0.01988837495446205
vn 0.4486002027988434 0.8935112357139587 -0.01988837495446205
vn 0.4486823081970215 0.8936747312545776 -0.0054427036084234715
vn 0.4486823081970215 0.8936747312545776 -0.0054427036084234715
vn 0.448674738407135 0.8936596512794495 0.007961706258356571
vn 0.448674738407135 0.8936596512794495 0.007961706258356571
vn 0.4485962390899658 0.8935033082962036 0.020328275859355927
vn 0.4485962390899658 0.8935033082962036 0.020328275859355927
vn 0.4482935667037964 0.8929004669189453 0.041971758008003235
vn 0.4482935667037964 0.8929004669189453 0.041971758008003235
vn 0.4478927254676819 0.8921021223068237 0.0595477856695652
vn 0.4478927254676819 0.8921021223068237 0.0595477856695652
vn 0.4474877119064331 0.8912953734397888 0.07312534004449844
vn 0.4474877119064331 0.8912953734397888 0.07312534004449844
vn 0.4471493661403656 0.8906214833259583 0.08276977390050888
vn 0.4471493661403656 0.8906214833259583 0.08276977390050888
vn 0.4468497335910797 0.8900246620178223 0.0904512032866478
vn 0.4468497335910797 0.8900246620178223 0.0904512032866478
vn 0.44868338108062744 0.8936768770217896 0.0049873096868395805
vn -0.7112864255905151 -0.7028846144676208 0.0049873096868395805
vn -0.7112864255905151 -0.7028846144676208 0.0049873096868395805
vn -0.7112511992454529 -0.7028497457504272 -0.011134538799524307
vn -0.7112511992454529 -0.7028497457504272 -0.011134538799524307
vn -0.7110586166381836 -0.7026594877243042 -0.025794334709644318
vn -0.7110586166381836 -0.7026594877243042 -0.025794334709644318
vn -0.71076500415802 -0.7023693323135376 -0.038605477660894394
vn -0.71076500415802 -0.7023693323135376 -0.038605477660894394
vn -0.7100791335105896 -0.7016915678977966 -0.05845191702246666
vn -0.7100791335105896 -0.7016915678977966 -0.05845191702246666
vn -0.7095353603363037 -0.7011542320251465 -0.07030192017555237
vn -0.7095353603363037 -0.7011542320251465 -0.07030192017555237
vn -0.7095963358879089 -0.7012144923210144 -0.06907422840595245
vn -0.7095963358879089 -0.7012144923210144 -0.06907422840595245
vn -0.7101892232894897 -0.7018003463745117 -0.05574528127908707
vn -0.7101892232894897 -0.7018003463745117 -0.05574528127908707
vn -0.7108857035636902 -0.7024886012077332 -0.03393107280135155
vn -0.7108857035636902 -0.7024886012077332 -0.03393107280135155
vn -0.711154580116272 -0.7027543187141418 -0.01988837495446205
vn -0.711154580116272 -0.7027543187141418 -0.01988837495446205
vn -0.7112847566604614 -0.7028829455375671 -0.0054427036084234715
vn -0.7112727165222168 -0.7028710246086121 0.007961706258356571
vn -0.7112847566604614 -0.7028829455375671 -0.0054427036084234715
vn -0.7111482620239258 -0.7027480602264404 0.020328275859355927
vn -0.7112727165222168 -0.7028710246086121 0.007961706258356571
vn -0.7106685042381287 -0.702273964881897 0.041971758008003235
vn -0.7111482620239258 -0.7027480602264404 0.020328275859355927
vn -0.7100330591201782 -0.7016460299491882 0.0595477856695652
vn -0.7106685042381287 -0.702273964881897 0.041971758008003235
vn -0.7093909382820129 -0.7010115385055542 0.07312534004449844
vn -0.7100330591201782 -0.7016460299491882 0.0595477856695652
vn -0.708854615688324 -0.7004814743995667 0.08276977390050888
vn -0.7093909382820129 -0.7010115385055542 0.07312534004449844
vn -0.7083795666694641 -0.7000120878219604 0.0904512032866478
vn -0.708854615688324 -0.7004814743995667 0.08276977390050888
vn -0.7083795666694641 -0.7000120878219604 0.0904512032866478
vn 0.39168357849121094 0.9200864434242249 0.0049873096868395805
vn 0.39166414737701416 0.9200408458709717 -0.011134538799524307
vn 0.39166414737701416 0.9200408458709717 -0.011134538799524307
vn 0.39155811071395874 0.9197917580604553 -0.025794334709644318
vn 0.39155811071395874 0.9197917580604553 -0.025794334709644318
vn 0.3913964331150055 0.9194120168685913 -0.038605477660894394
vn 0.3913964331150055 0.9194120168685913 -0.038605477660894394
vn 0.39101874828338623 0.9185247421264648 -0.05845191702246666
vn 0.39101874828338623 0.9185247421264648 -0.05845191702246666
vn 0.39071929454803467 0.9178213477134705 -0.07030192017555237
vn 0.39071929454803467 0.9178213477134705 -0.07030192017555237
vn 0.390752911567688 0.9179002642631531 -0.06907422840595245
vn 0.390752911567688 0.9179002642631531 -0.06907422840595245
vn 0.3910793662071228 0.918667197227478 -0.05574528127908707
vn 0.3910793662071228 0.918667197227478 -0.05574528127908707
vn 0.39146289229393005 0.9195681214332581 -0.03393107280135155
vn 0.39146289229393005 0.9195681214332581 -0.03393107280135155
vn 0.3916109502315521 0.9199159145355225 -0.01988837495446205
vn 0.3916109502315521 0.9199159145355225 -0.01988837495446205
vn 0.39168262481689453 0.9200842976570129 -0.0054427036084234715
vn 0.39168262481689453 0.9200842976570129 -0.0054427036084234715
vn 0.39167600870132446 0.9200687408447266 0.007961706258356571
vn 0.39167600870132446 0.9200687408447266 0.007961706258356571
vn 0.39160749316215515 0.919907808303833 0.020328275859355927
vn 0.39160749316215515 0.919907808303833 0.020328275859355927
vn 0.39134329557418823 0.9192871451377869 0.041971758008003235
vn 0.39134329557418823 0.9192871451377869 0.041971758008003235
vn 0.3909933567047119 0.9184651374816895 0.0595477856695652
vn 0.3909933567047119 0.9184651374816895 0.0595477856695652
vn 0.3906397819519043 0.9176346063613892 0.07312534004449844
vn 0.3906397819519043 0.9176346063613892 0.07312534004449844
vn 0.39034444093704224 0.9169407486915588 0.08276977390050888
vn 0.39034444093704224 0.9169407486915588 0.08276977390050888
vn 0.39008286595344543 0.9163263440132141 0.0904512032866478
vn 0.39008286595344543 0.9163263440132141 0.0904512032866478
vn 0.39168357849121094 0.9200864434242249 0.0049873096868395805
vn -0.6657483577728271 -0.7461596727371216 0.0049873096868395805
vn -0.6657483577728271 -0.7461596727371216 0.0049873096868395805
vn -0.6657153964042664 -0.7461226582527161 -0.011134538799524307
vn -0.6657153964042664 -0.7461226582527161 -0.011134538799524307
vn -0.6655351519584656 -0.7459206581115723 -0.025794334709644318
vn -0.6655351519584656 -0.7459206581115723 -0.025794334709644318
vn -0.665260374546051 -0.7456126809120178 -0.038605477660894394
vn -0.665260374546051 -0.7456126809120178 -0.038605477660894394
vn -0.6646183729171753 -0.7448931336402893 -0.05845191702246666
vn -0.6646183729171753 -0.7448931336402893 -0.05845191702246666
vn -0.6641094088554382 -0.7443227171897888 -0.07030192017555237
vn -0.6641094088554382 -0.7443227171897888 -0.07030192017555237
vn -0.6641665101051331 -0.7443867325782776 -0.06907422840595245
vn -0.6641665101051331 -0.7443867325782776 -0.06907422840595245
vn -0.6647214293479919 -0.745008647441864 -0.05574528127908707
vn -0.6647214293479919 -0.745008647441864 -0.05574528127908707
vn -0.6653733253479004 -0.7457392811775208 -0.03393107280135155
vn -0.6653733253479004 -0.7457392811775208 -0.03393107280135155
vn -0.6656249761581421 -0.7460213303565979 -0.01988837495446205
vn -0.6656249761581421 -0.7460213303565979 -0.01988837495446205
vn -0.665746808052063 -0.7461578845977783 -0.0054427036084234715
vn -0.6657355427742004 -0.7461453080177307 0.007961706258356571
vn -0.665746808052063 -0.7461578845977783 -0.0054427036084234715
vn -0.6656190752983093 -0.7460147142410278 0.020328275859355927
vn -0.6657355427742004 -0.7461453080177307 0.007961706258356571
vn -0.6651700139045715 -0.7455114126205444 0.041971758008003235
vn -0.6656190752983093 -0.7460147142410278 0.020328275859355927
vn -0.6645752191543579 -0.7448447942733765 0.0595477856695652
vn -0.6651700139045715 -0.7455114126205444 0.041971758008003235
vn -0.6639742851257324 -0.7441712617874146 0.07312534004449844
vn -0.6645752191543579 -0.7448447942733765 0.0595477856695652
vn -0.6634722352027893 -0.7436085939407349 0.08276977390050888
vn -0.6639742851257324 -0.7441712617874146 0.07312534004449844
vn -0.6630276441574097 -0.7431102991104126 0.0904512032866478
vn -0.6634722352027893 -0.7436085939407349 0.08276977390050888
vn -0.6630276441574097 -0.7431102991104126 0.0904512032866478
vn 0.33313795924186707 0.9428648948669434 0.0049873096868395805
vn 0.3331214487552643 0.9428181648254395 -0.011134538799524307
vn 0.3331214487552643 0.9428181648254395 -0.011134538799524307
vn 0.3330312669277191 0.9425628781318665 -0.025794334709644318
vn 0.3330312669277191 0.9425628781318665 -0.025794334709644318
vn 0.3328937590122223 0.9421737194061279 -0.038605477660894394
vn 0.3328937590122223 0.9421737194061279 -0.038605477660894394
vn 0.3325725197792053 0.9412645101547241 -0.05845191702246666
vn 0.3325725197792053 0.9412645101547241 -0.05845191702246666
vn 0.3323178291320801 0.9405437111854553 -0.07030192017555237
vn 0.3323178291320801 0.9405437111854553 -0.07030192017555237
vn 0.3323464095592499 0.9406245946884155 -0.06907422840595245
vn 0.3323464095592499 0.9406245946884155 -0.06907422840595245
vn 0.33262407779693604 0.941410481929779 -0.05574528127908707
vn 0.33262407779693604 0.941410481929779 -0.05574528127908707
vn 0.33295026421546936 0.9423336982727051 -0.03393107280135155
vn 0.33295026421546936 0.9423336982727051 -0.03393107280135155
vn 0.33307620882987976 0.9426901340484619 -0.01988837495446205
vn 0.33307620882987976 0.9426901340484619 -0.01988837495446205
vn 0.333137184381485 0.9428626894950867 -0.0054427036084234715
vn 0.333137184381485 0.9428626894950867 -0.0054427036084234715
vn 0.3331315517425537 0.9428467154502869 0.007961706258356571
vn 0.3331315517425537 0.9428467154502869 0.007961706258356571
vn 0.3330732583999634 0.9426817893981934 0.020328275859355927
vn 0.3330732583999634 0.9426817893981934 0.020328275859355927
vn 0.33284854888916016 0.9420457482337952 0.041971758008003235
vn 0.33284854888916016 0.9420457482337952 0.041971758008003235
vn 0.33255094289779663 0.9412034749984741 0.0595477856695652
vn 0.33255094289779663 0.9412034749984741 0.0595477856695652
vn 0.3322502076625824 0.9403523206710815 0.07312534004449844
vn 0.3322502076625824 0.9403523206710815 0.07312534004449844
vn 0.3319990038871765 0.9396413564682007 0.08276977390050888
vn 0.3319990038871765 0.9396413564682007 0.08276977390050888
vn 0.33177652955055237 0.9390116930007935 0.0904512032866478
vn 0.33177652955055237 0.9390116930007935 0.0904512032866478
vn 0.33313795924186707 0.9428648948669434 0.0049873096868395805
vn -0.6175829172134399 -0.7864899635314941 0.0049873096868395805
vn -0.6175829172134399 -0.7864899635314941 0.0049873096868395805
vn -0.6175523400306702 -0.786450982093811 -0.011134538799524307
vn -0.6175523400306702 -0.786450982093811 -0.011134538799524307
vn -0.6173850893974304 -0.7862380743026733 -0.025794334709644318
vn -0.6173850893974304 -0.7862380743026733 -0.025794334709644318
vn -0.6171302199363708 -0.7859134078025818 -0.038605477660894394
vn -0.6171302199363708 -0.7859134078025818 -0.038605477660894394
vn -0.6165346503257751 -0.7851549983024597 -0.05845191702246666
vn -0.6165346503257751 -0.7851549983024597 -0.05845191702246666
vn -0.6160625219345093 -0.7845537662506104 -0.07030192017555237
vn -0.6160625219345093 -0.7845537662506104 -0.07030192017555237
vn -0.6161155104637146 -0.7846211791038513 -0.06907422840595245
vn -0.6161155104637146 -0.7846211791038513 -0.06907422840595245
vn -0.6166302561759949 -0.7852767705917358 -0.05574528127908707
vn -0.6166302561759949 -0.7852767705917358 -0.05574528127908707
vn -0.617235004901886 -0.7860468626022339 -0.03393107280135155
vn -0.617235004901886 -0.7860468626022339 -0.03393107280135155
vn -0.6174684762954712 -0.7863441705703735 -0.01988837495446205
vn -0.6174684762954712 -0.7863441705703735 -0.01988837495446205
vn -0.6175814270973206 -0.7864881157875061 -0.0054427036084234715
vn -0.6175710558891296 -0.7864748239517212 0.007961706258356571
vn -0.6175814270973206 -0.7864881157875061 -0.0054427036084234715
vn -0.6174629926681519 -0.7863371968269348 0.020328275859355927
vn -0.6175710558891296 -0.7864748239517212 0.007961706258356571
vn -0.6170463562011719 -0.7858066558837891 0.041971758008003235
vn -0.6174629926681519 -0.7863371968269348 0.020328275859355927
vn -0.6164946556091309 -0.7851040363311768 0.0595477856695652
vn -0.6170463562011719 -0.7858066558837891 0.041971758008003235
vn -0.6159371733665466 -0.7843940854072571 0.07312534004449844
vn -0.6164946556091309 -0.7851040363311768 0.0595477856695652
vn -0.6154714822769165 -0.7838010191917419 0.08276977390050888
vn -0.6159371733665466 -0.7843940854072571 0.07312534004449844
vn -0.6150590181350708 -0.7832757830619812 0.0904512032866478
vn -0.6154714822769165 -0.7838010191917419 0.08276977390050888
vn -0.6150590181350708 -0.7832757830619812 0.0904512032866478
vn 0.27327761054039 0.961922287940979 0.0049873096868395805
vn 0.273264080286026 0.9618746042251587 -0.011134538799524307
vn 0.273264080286026 0.9618746042251587 -0.011134538799524307
vn 0.27319008111953735 0.961614191532135 -0.025794334709644318
vn 0.27319008111953735 0.961614191532135 -0.025794334709644318
vn 0.2730772793292999 0.9612171649932861 -0.038605477660894394
vn 0.2730772793292999 0.9612171649932861 -0.038605477660894394
vn 0.2728137671947479 0.9602895379066467 -0.05845191702246666
vn 0.2728137671947479 0.9602895379066467 -0.05845191702246666
vn 0.2726048529148102 0.9595541954040527 -0.07030192017555237
vn 0.2726048529148102 0.9595541954040527 -0.07030192017555237
vn 0.2726282775402069 0.9596366882324219 -0.06907422840595245
vn 0.2726282775402069 0.9596366882324219 -0.06907422840595245
vn 0.27285605669021606 0.9604384303092957 -0.05574528127908707
vn 0.27285605669021606 0.9604384303092957 -0.05574528127908707
vn 0.2731236517429352 0.9613803625106812 -0.03393107280135155
vn 0.2731236517429352 0.9613803625106812 -0.03393107280135155
vn 0.27322694659233093 0.961743950843811 -0.01988837495446205
vn 0.27322694659233093 0.961743950843811 -0.01988837495446205
vn 0.2732769548892975 0.9619200229644775 -0.0054427036084234715
vn 0.2732769548892975 0.9619200229644775 -0.0054427036084234715
vn 0.2732723355293274 0.9619037508964539 0.007961706258356571
vn 0.2732723355293274 0.9619037508964539 0.007961706258356571
vn 0.27322453260421753 0.9617354869842529 0.020328275859355927
vn 0.27322453260421753 0.9617354869842529 0.020328275859355927
vn 0.27304020524024963 0.9610865712165833 0.041971758008003235
vn 0.27304020524024963 0.9610865712165833 0.041971758008003235
vn 0.27279606461524963 0.9602272510528564 0.0595477856695652
vn 0.27279606461524963 0.9602272510528564 0.0595477856695652
vn 0.2725493609905243 0.9593589305877686 0.07312534004449844
vn 0.2725493609905243 0.9593589305877686 0.07312534004449844
vn 0.27234330773353577 0.958633542060852 0.08276977390050888
vn 0.27234330773353577 0.958633542060852 0.08276977390050888
vn 0.2721607983112335 0.9579911828041077 0.0904512032866478
vn 0.2721607983112335 0.9579911828041077 0.0904512032866478
vn 0.27327761054039 0.961922287940979 0.0049873096868395805
vn -0.5669801235198975 -0.8237163424491882 0.0049873096868395805
vn -0.5669801235198975 -0.8237163424491882 0.0049873096868395805
vn -0.5669520497322083 -0.8236755132675171 -0.011134538799524307
vn -0.5669520497322083 -0.8236755132675171 -0.011134538799524307
vn -0.5667985677719116 -0.8234525322914124 -0.025794334709644318
vn -0.5667985677719116 -0.8234525322914124 -0.025794334709644318
vn -0.5665645003318787 -0.8231125473976135 -0.038605477660894394
vn -0.5665645003318787 -0.8231125473976135 -0.038605477660894394
vn -0.5660178065299988 -0.8223181962966919 -0.05845191702246666
vn -0.5660178065299988 -0.8223181962966919 -0.05845191702246666
vn -0.5655843615531921 -0.8216884732246399 -0.07030192017555237
vn -0.5655843615531921 -0.8216884732246399 -0.07030192017555237
vn -0.5656329393386841 -0.8217591643333435 -0.06907422840595245
vn -0.5656329393386841 -0.8217591643333435 -0.06907422840595245
vn -0.5661055445671082 -0.8224457502365112 -0.05574528127908707
vn -0.5661055445671082 -0.8224457502365112 -0.05574528127908707
vn -0.5666607022285461 -0.823252260684967 -0.03393107280135155
vn -0.5666607022285461 -0.823252260684967 -0.03393107280135155
vn -0.5668750405311584 -0.8235636949539185 -0.01988837495446205
vn -0.5668750405311584 -0.8235636949539185 -0.01988837495446205
vn -0.5669788122177124 -0.8237143754959106 -0.0054427036084234715
vn -0.5669692158699036 -0.823700487613678 0.007961706258356571
vn -0.5669788122177124 -0.8237143754959106 -0.0054427036084234715
vn -0.5668700337409973 -0.8235563635826111 0.020328275859355927
vn -0.5669692158699036 -0.823700487613678 0.007961706258356571
vn -0.5664875507354736 -0.8230007290840149 0.041971758008003235
vn -0.5668700337409973 -0.8235563635826111 0.020328275859355927
vn -0.5659810304641724 -0.8222648501396179 0.0595477856695652
vn -0.5664875507354736 -0.8230007290840149 0.041971758008003235
vn -0.5654692649841309 -0.8215212821960449 0.07312534004449844
vn -0.5659810304641724 -0.8222648501396179 0.0595477856695652
vn -0.565041720867157 -0.8209001421928406 0.08276977390050888
vn -0.5654692649841309 -0.8215212821960449 0.07312534004449844
vn -0.5646630525588989 -0.8203500509262085 0.0904512032866478
vn -0.565041720867157 -0.8209001421928406 0.08276977390050888
vn -0.5646630525588989 -0.8203500509262085 0.0904512032866478
vn 0.21233876049518585 0.9771834015846252 0.0049873096868395805
vn 0.212328240275383 0.9771349430084229 -0.011134538799524307
vn 0.212328240275383 0.9771349430084229 -0.011134538799524307
vn 0.21227075159549713 0.9768704175949097 -0.025794334709644318
vn 0.21227075159549713 0.9768704175949097 -0.025794334709644318
vn 0.21218310296535492 0.9764670729637146 -0.038605477660894394
vn 0.21218310296535492 0.9764670729637146 -0.038605477660894394
vn 0.21197834610939026 0.9755247831344604 -0.05845191702246666
vn 0.21197834610939026 0.9755247831344604 -0.05845191702246666
vn 0.21181601285934448 0.9747776985168457 -0.07030192017555237
vn 0.21181601285934448 0.9747776985168457 -0.07030192017555237
vn 0.21183423697948456 0.9748615622520447 -0.06907422840595245
vn 0.21183423697948456 0.9748615622520447 -0.06907422840595245
vn 0.2120112180709839 0.9756760001182556 -0.05574528127908707
vn 0.2120112180709839 0.9756760001182556 -0.05574528127908707
vn 0.21221913397312164 0.976632833480835 -0.03393107280135155
vn 0.21221913397312164 0.976632833480835 -0.03393107280135155
vn 0.2122994065284729 0.9770022630691528 -0.01988837495446205
vn 0.2122994065284729 0.9770022630691528 -0.01988837495446205
vn 0.21233825385570526 0.977181077003479 -0.0054427036084234715
vn 0.21233825385570526 0.977181077003479 -0.0054427036084234715
vn 0.21233467757701874 0.9771645665168762 0.007961706258356571
vn 0.21233467757701874 0.9771645665168762 0.007961706258356571
vn 0.21229752898216248 0.9769936203956604 0.020328275859355927
vn 0.21229752898216248 0.9769936203956604 0.020328275859355927
vn 0.21215428411960602 0.9763344526290894 0.041971758008003235
vn 0.21215428411960602 0.9763344526290894 0.041971758008003235
vn 0.21196459233760834 0.975461483001709 0.0595477856695652
vn 0.21196459233760834 0.975461483001709 0.0595477856695652
vn 0.21177291870117188 0.9745793342590332 0.07312534004449844
vn 0.21177291870117188 0.9745793342590332 0.07312534004449844
vn 0.2116127908229828 0.9738425016403198 0.08276977390050888
vn 0.2116127908229828 0.9738425016403198 0.08276977390050888
vn 0.21147099137306213 0.9731898903846741 0.0904512032866478
vn 0.21147099137306213 0.9731898903846741 0.0904512032866478
vn 0.21233876049518585 0.9771834015846252 0.0049873096868395805
vn -0.5141397714614868 -0.8576919436454773 0.0049873096868395805
vn -0.5141397714614868 -0.8576919436454773 0.0049873096868395805
vn -0.514114260673523 -0.8576494455337524 -0.011134538799524307
vn -0.514114260673523 -0.8576494455337524 -0.011134538799524307
vn -0.5139750838279724 -0.8574172258377075 -0.025794334709644318
vn -0.5139750838279724 -0.8574172258377075 -0.025794334709644318
vn -0.513762891292572 -0.8570631742477417 -0.038605477660894394
vn -0.513762891292572 -0.8570631742477417 -0.038605477660894394
vn -0.5132670998573303 -0.8562361001968384 -0.05845191702246666
vn -0.5132670998573303 -0.8562361001968384 -0.05845191702246666
vn -0.5128740668296814 -0.8555804491043091 -0.07030192017555237
vn -0.5128740668296814 -0.8555804491043091 -0.07030192017555237
vn -0.5129181146621704 -0.8556540012359619 -0.06907422840595245
vn -0.5129181146621704 -0.8556540012359619 -0.06907422840595245
vn -0.5133466720581055 -0.856368899345398 -0.05574528127908707
vn -0.5133466720581055 -0.856368899345398 -0.05574528127908707
vn -0.5138500928878784 -0.8572087287902832 -0.03393107280135155
vn -0.5138500928878784 -0.8572087287902832 -0.03393107280135155
vn -0.514044463634491 -0.8575329184532166 -0.01988837495446205
vn -0.514044463634491 -0.8575329184532166 -0.01988837495446205
vn -0.5141385197639465 -0.8576898574829102 -0.0054427036084234715
vn -0.5141298770904541 -0.8576753735542297 0.007961706258356571
vn -0.5141385197639465 -0.8576898574829102 -0.0054427036084234715
vn -0.514039933681488 -0.8575253486633301 0.020328275859355927
vn -0.5141298770904541 -0.8576753735542297 0.007961706258356571
vn -0.51369309425354 -0.8569467663764954 0.041971758008003235
vn -0.514039933681488 -0.8575253486633301 0.020328275859355927
vn -0.5132337808609009 -0.8561805486679077 0.0595477856695652
vn -0.51369309425354 -0.8569467663764954 0.041971758008003235
vn -0.5127696394920349 -0.8554062843322754 0.07312534004449844
vn -0.5132337808609009 -0.8561805486679077 0.0595477856695652
vn -0.5123819708824158 -0.8547595739364624 0.08276977390050888
vn -0.5127696394920349 -0.8554062843322754 0.07312534004449844
vn -0.5120385885238647 -0.8541867733001709 0.0904512032866478
vn -0.5123819708824158 -0.8547595739364624 0.08276977390050888
vn -0.5120385885238647 -0.8541867733001709 0.0904512032866478
vn 0.15056191384792328 0.9885879755020142 0.0049873096868395805
vn 0.15055444836616516 0.9885390400886536 -0.011134538799524307
vn 0.15055444836616516 0.9885390400886536 -0.011134538799524307
vn 0.1505136787891388 0.9882713556289673 -0.025794334709644318
vn 0.1505136787891388 0.9882713556289673 -0.025794334709644318
vn 0.15045154094696045 0.987863302230835 -0.038605477660894394
vn 0.15045154094696045 0.987863302230835 -0.038605477660894394
vn 0.1503063440322876 0.9869099855422974 -0.05845191702246666
vn 0.1503063440322876 0.9869099855422974 -0.05845191702246666
vn 0.15019124746322632 0.9861542582511902 -0.07030192017555237
vn 0.15019124746322632 0.9861542582511902 -0.07030192017555237
vn 0.15020416676998138 0.9862390756607056 -0.06907422840595245
vn 0.15020416676998138 0.9862390756607056 -0.06907422840595245
vn 0.15032964944839478 0.9870630502700806 -0.05574528127908707
vn 0.15032964944839478 0.9870630502700806 -0.05574528127908707
vn 0.1504770815372467 0.9880310297012329 -0.03393107280135155
vn 0.1504770815372467 0.9880310297012329 -0.03393107280135155
vn 0.1505340039730072 0.9884047508239746 -0.01988837495446205
vn 0.1505340039730072 0.9884047508239746 -0.01988837495446205
vn 0.15056155622005463 0.9885856509208679 -0.0054427036084234715
vn 0.15056155622005463 0.9885856509208679 -0.0054427036084234715
vn 0.15055900812149048 0.9885689616203308 0.007961706258356571
vn 0.15055900812149048 0.9885689616203308 0.007961706258356571
vn 0.15053266286849976 0.9883959889411926 0.020328275859355927
vn 0.15053266286849976 0.9883959889411926 0.020328275859355927
vn 0.1504310965538025 0.9877291321754456 0.041971758008003235
vn 0.1504310965538025 0.9877291321754456 0.041971758008003235
vn 0.15029659867286682 0.9868459701538086 0.0595477856695652
vn 0.15029659867286682 0.9868459701538086 0.0595477856695652
vn 0.15016068518161774 0.9859535694122314 0.07312534004449844
vn 0.15016068518161774 0.9859535694122314 0.07312534004449844
vn 0.1500471532344818 0.9852080941200256 0.08276977390050888
vn 0.1500471532344818 0.9852080941200256 0.08276977390050888
vn 0.14994660019874573 0.9845479130744934 0.0904512032866478
vn 0.14994660019874573 0.9845479130744934 0.0904512032866478
vn 0.15056191384792328 0.9885879755020142 0.0049873096868395805
vn -0.45927029848098755 -0.8882825374603271 0.0049873096868395805
vn -0.45927029848098755 -0.8882825374603271 0.0049873096868395805
vn -0.45924755930900574 -0.8882385492324829 -0.011134538799524307
vn -0.45924755930900574 -0.8882385492324829 -0.011134538799524307
vn -0.4591231942176819 -0.8879980444908142 -0.025794334709644318
vn -0.4591231942176819 -0.8879980444908142 -0.025794334709644318
vn -0.45893365144729614 -0.8876314163208008 -0.038605477660894394
vn -0.45893365144729614 -0.8876314163208008 -0.038605477660894394
vn -0.4584907591342926 -0.8867748379707336 -0.05845191702246666
vn -0.4584907591342926 -0.8867748379707336 -0.05845191702246666
vn -0.45813965797424316 -0.8860957622528076 -0.07030192017555237
vn -0.45813965797424316 -0.8860957622528076 -0.07030192017555237
vn -0.4581790566444397 -0.8861719369888306 -0.06907422840595245
vn -0.4581790566444397 -0.8861719369888306 -0.06907422840595245
vn -0.45856186747550964 -0.8869123458862305 -0.05574528127908707
vn -0.45856186747550964 -0.8869123458862305 -0.05574528127908707
vn -0.4590115547180176 -0.887782096862793 -0.03393107280135155
vn -0.4590115547180176 -0.887782096862793 -0.03393107280135155
vn -0.4591851830482483 -0.8881179094314575 -0.01988837495446205
vn -0.4591851830482483 -0.8881179094314575 -0.01988837495446205
vn -0.4592692255973816 -0.88828045129776 -0.0054427036084234715
vn -0.4592614769935608 -0.8882654309272766 0.007961706258356571
vn -0.4592692255973816 -0.88828045129776 -0.0054427036084234715
vn -0.4591811001300812 -0.8881100416183472 0.020328275859355927
vn -0.4592614769935608 -0.8882654309272766 0.007961706258356571
vn -0.4588713049888611 -0.8875108361244202 0.041971758008003235
vn -0.4591811001300812 -0.8881100416183472 0.020328275859355927
vn -0.4584610164165497 -0.8867173194885254 0.0595477856695652
vn -0.4588713049888611 -0.8875108361244202 0.041971758008003235
vn -0.45804643630981445 -0.8859154582023621 0.07312534004449844
vn -0.4584610164165497 -0.8867173194885254 0.0595477856695652
vn -0.45770010352134705 -0.8852456212043762 0.08276977390050888
vn -0.45804643630981445 -0.8859154582023621 0.07312534004449844
vn -0.4573934078216553 -0.8846523761749268 0.0904512032866478
vn -0.45770010352134705 -0.8852456212043762 0.08276977390050888
vn -0.4573934078216553 -0.8846523761749268 0.0904512032866478
vn 0.08819085359573364 0.9960911273956299 0.0049873096868395805
vn 0.08818648010492325 0.9960417747497559 -0.011134538799524307
vn 0.08818648010492325 0.9960417747497559 -0.011134538799524307
vn 0.0881626084446907 0.9957720637321472 -0.025794334709644318
vn 0.0881626084446907 0.9957720637321472 -0.025794334709644318
vn 0.08812620490789413 0.9953609108924866 -0.038605477660894394
vn 0.08812620490789413 0.9953609108924866 -0.038605477660894394
vn 0.08804116398096085 0.9944003820419312 -0.05845191702246666
vn 0.08804116398096085 0.9944003820419312 -0.05845191702246666
vn 0.08797374367713928 0.9936388731002808 -0.07030192017555237
vn 0.08797374367713928 0.9936388731002808 -0.07030192017555237
vn 0.08798130601644516 0.9937243461608887 -0.06907422840595245
vn 0.08798130601644516 0.9937243461608887 -0.06907422840595245
vn 0.08805481344461441 0.9945545792579651 -0.05574528127908707
vn 0.08805481344461441 0.9945545792579651 -0.05574528127908707
vn 0.08814116567373276 0.9955298900604248 -0.03393107280135155
vn 0.08814116567373276 0.9955298900604248 -0.03393107280135155
vn 0.08817450702190399 0.9959064722061157 -0.01988837495446205
vn 0.08817450702190399 0.9959064722061157 -0.01988837495446205
vn 0.08819064497947693 0.9960887432098389 -0.0054427036084234715
vn 0.08819064497947693 0.9960887432098389 -0.0054427036084234715
vn 0.08818915486335754 0.9960719347000122 0.007961706258356571
vn 0.08818915486335754 0.9960719347000122 0.007961706258356571
vn 0.08817372471094131 0.995897650718689 0.020328275859355927
vn 0.08817372471094131 0.995897650718689 0.020328275859355927
vn 0.08811423182487488 0.995225727558136 0.041971758008003235
vn 0.08811423182487488 0.995225727558136 0.041971758008003235
vn 0.088035449385643 0.9943358898162842 0.0595477856695652
vn 0.088035449385643 0.9943358898162842 0.0595477856695652
vn 0.08795583993196487 0.9934366941452026 0.07312534004449844
vn 0.08795583993196487 0.9934366941452026 0.07312534004449844
vn 0.08788933604955673 0.9926855564117432 0.08276977390050888
vn 0.08788933604955673 0.9926855564117432 0.08276977390050888
vn 0.08783043920993805 0.9920203685760498 0.0904512032866478
vn 0.08783043920993805 0.9920203685760498 0.0904512032866478
vn 0.08819085359573364 0.9960911273956299 0.0049873096868395805
vn -0.4025883078575134 -0.9153675436973572 0.0049873096868395805
vn -0.4025883078575134 -0.9153675436973572 0.0049873096868395805
vn -0.40256837010383606 -0.9153221845626831 -0.011134538799524307
vn -0.40256837010383606 -0.9153221845626831 -0.011134538799524307
vn -0.40245938301086426 -0.915074348449707 -0.025794334709644318
vn -0.40245938301086426 -0.915074348449707 -0.025794334709644318
vn -0.40229320526123047 -0.9146965742111206 -0.038605477660894394
vn -0.40229320526123047 -0.9146965742111206 -0.038605477660894394
vn -0.40190497040748596 -0.9138138294219971 -0.05845191702246666
vn -0.40190497040748596 -0.9138138294219971 -0.05845191702246666
vn -0.40159720182418823 -0.913114070892334 -0.07030192017555237
vn -0.40159720182418823 -0.913114070892334 -0.07030192017555237
vn -0.40163174271583557 -0.9131925702095032 -0.06907422840595245
vn -0.40163174271583557 -0.9131925702095032 -0.06907422840595245
vn -0.401967316865921 -0.913955569267273 -0.05574528127908707
vn -0.401967316865921 -0.913955569267273 -0.05574528127908707
vn -0.40236151218414307 -0.9148518443107605 -0.03393107280135155
vn -0.40236151218414307 -0.9148518443107605 -0.03393107280135155
vn -0.40251368284225464 -0.9151979088783264 -0.01988837495446205
vn -0.40251368284225464 -0.9151979088783264 -0.01988837495446205
vn -0.402587354183197 -0.9153653979301453 -0.0054427036084234715
vn -0.4025805592536926 -0.9153499603271484 0.007961706258356571
vn -0.402587354183197 -0.9153653979301453 -0.0054427036084234715
vn -0.4025101363658905 -0.915189802646637 0.020328275859355927
vn -0.4025805592536926 -0.9153499603271484 0.007961706258356571
vn -0.40223854780197144 -0.9145722985267639 0.041971758008003235
vn -0.4025101363658905 -0.915189802646637 0.020328275859355927
vn -0.40187889337539673 -0.9137545824050903 0.0595477856695652
vn -0.40223854780197144 -0.9145722985267639 0.041971758008003235
vn -0.40151548385620117 -0.9129282832145691 0.07312534004449844
vn -0.40187889337539673 -0.9137545824050903 0.0595477856695652
vn -0.4012119174003601 -0.9122380018234253 0.08276977390050888
vn -0.40151548385620117 -0.9129282832145691 0.07312534004449844
vn -0.4009430408477783 -0.9116266965866089 0.0904512032866478
vn -0.4012119174003601 -0.9122380018234253 0.08276977390050888
vn -0.4009430408477783 -0.9116266965866089 0.0904512032866478
vn 0.025471750646829605 0.9996631145477295 0.0049873096868395805
vn 0.025470487773418427 0.9996135830879211 -0.011134538799524307
vn 0.025470487773418427 0.9996135830879211 -0.011134538799524307
vn 0.025463592261075974 0.9993429183959961 -0.025794334709644318
vn 0.025463592261075974 0.9993429183959961 -0.025794334709644318
vn 0.025453077629208565 0.9989303350448608 -0.038605477660894394
vn 0.025453077629208565 0.9989303350448608 -0.038605477660894394
vn 0.025428514927625656 0.9979662895202637 -0.05845191702246666
vn 0.025428514927625656 0.9979662895202637 -0.05845191702246666
vn 0.025409042835235596 0.9972020983695984 -0.07030192017555237
vn 0.025409042835235596 0.9972020983695984 -0.07030192017555237
vn 0.025411227717995644 0.9972878098487854 -0.06907422840595245
vn 0.025411227717995644 0.9972878098487854 -0.06907422840595245
vn 0.025432458147406578 0.9981210827827454 -0.05574528127908707
vn 0.025432458147406578 0.9981210827827454 -0.05574528127908707
vn 0.02545739896595478 0.9990999102592468 -0.03393107280135155
vn 0.02545739896595478 0.9990999102592468 -0.03393107280135155
vn 0.025467028841376305 0.9994778037071228 -0.01988837495446205
vn 0.025467028841376305 0.9994778037071228 -0.01988837495446205
vn 0.02547168917953968 0.9996607303619385 -0.0054427036084234715
vn 0.02547168917953968 0.9996607303619385 -0.0054427036084234715
vn 0.025471258908510208 0.999643862247467 0.007961706258356571
vn 0.025471258908510208 0.999643862247467 0.007961706258356571
vn 0.025466803461313248 0.999468982219696 0.020328275859355927
vn 0.025466803461313248 0.999468982219696 0.020328275859355927
vn 0.025449620559811592 0.9987946152687073 0.041971758008003235
vn 0.025449620559811592 0.9987946152687073 0.041971758008003235
vn 0.025426864624023438 0.9979015588760376 0.0595477856695652
vn 0.025426864624023438 0.9979015588760376 0.0595477856695652
vn 0.02540387213230133 0.9969991445541382 0.07312534004449844
vn 0.02540387213230133 0.9969991445541382 0.07312534004449844
vn 0.02538466453552246 0.9962453246116638 0.08276977390050888
vn 0.02538466453552246 0.9962453246116638 0.08276977390050888
vn 0.025367652997374535 0.9955777525901794 0.0904512032866478
vn 0.025367652997374535 0.9955777525901794 0.0904512032866478
vn 0.025471750646829605 0.9996631145477295 0.0049873096868395805
vn -0.3443174958229065 -0.9388400316238403 0.0049873096868395805
vn -0.3443174958229065 -0.9388400316238403 0.0049873096868395805
vn -0.34430044889450073 -0.9387934803962708 -0.011134538799524307
vn -0.34430044889450073 -0.9387934803962708 -0.011134538799524307
vn -0.344207227230072 -0.9385393261909485 -0.025794334709644318
vn -0.344207227230072 -0.9385393261909485 -0.025794334709644318
vn -0.3440650999546051 -0.9381518363952637 -0.038605477660894394
vn -0.3440650999546051 -0.9381518363952637 -0.038605477660894394
vn -0.3437330722808838 -0.9372465014457703 -0.05845191702246666
vn -0.3437330722808838 -0.9372465014457703 -0.05845191702246666
vn -0.34346985816955566 -0.936528742313385 -0.07030192017555237
vn -0.34346985816955566 -0.936528742313385 -0.07030192017555237
vn -0.3434993624687195 -0.9366092681884766 -0.06907422840595245
vn -0.3434993624687195 -0.9366092681884766 -0.06907422840595245
vn -0.343786358833313 -0.9373918175697327 -0.05574528127908707
vn -0.343786358833313 -0.9373918175697327 -0.05574528127908707
vn -0.344123512506485 -0.9383111000061035 -0.03393107280135155
vn -0.344123512506485 -0.9383111000061035 -0.03393107280135155
vn -0.34425368905067444 -0.9386659860610962 -0.01988837495446205
vn -0.34425368905067444 -0.9386659860610962 -0.01988837495446205
vn -0.344316691160202 -0.9388377666473389 -0.0054427036084234715
vn -0.3443108797073364 -0.9388219714164734 0.007961706258356571
vn -0.344316691160202 -0.9388377666473389 -0.0054427036084234715
vn -0.3442506194114685 -0.9386577010154724 0.020328275859355927
vn -0.3443108797073364 -0.9388219714164734 0.007961706258356571
vn -0.3440183699131012 -0.9380244016647339 0.041971758008003235
vn -0.3442506194114685 -0.9386577010154724 0.020328275859355927
vn -0.3437107801437378 -0.9371856451034546 0.0595477856695652
vn -0.3440183699131012 -0.9380244016647339 0.041971758008003235
vn -0.34339994192123413 -0.9363381862640381 0.07312534004449844
vn -0.3437107801437378 -0.9371856451034546 0.0595477856695652
vn -0.34314030408859253 -0.935630202293396 0.08276977390050888
vn -0.34339994192123413 -0.9363381862640381 0.07312534004449844
vn -0.34291037917137146 -0.9350032210350037 0.0904512032866478
vn -0.34314030408859253 -0.935630202293396 0.08276977390050888
vn -0.34291037917137146 -0.9350032210350037 0.0904512032866478
vn -0.03734787926077843 0.999289870262146 0.0049873096868395805
vn -0.03734602779150009 0.9992403388023376 -0.011134538799524307
vn -0.03734602779150009 0.9992403388023376 -0.011134538799524307
vn -0.037335917353630066 0.9989697933197021 -0.025794334709644318
vn -0.037335917353630066 0.9989697933197021 -0.025794334709644318
vn -0.03732050210237503 0.9985573291778564 -0.038605477660894394
vn -0.03732050210237503 0.9985573291778564 -0.038605477660894394
vn -0.0372844859957695 0.9975937008857727 -0.05845191702246666
vn -0.0372844859957695 0.9975937008857727 -0.05845191702246666
vn -0.03725593537092209 0.9968298077583313 -0.07030192017555237
vn -0.03725593537092209 0.9968298077583313 -0.07030192017555237
vn -0.03725913539528847 0.9969155192375183 -0.06907422840595245
vn -0.03725913539528847 0.9969155192375183 -0.06907422840595245
vn -0.037290267646312714 0.9977484345436096 -0.05574528127908707
vn -0.037290267646312714 0.9977484345436096 -0.05574528127908707
vn -0.037326835095882416 0.9987269043922424 -0.03393107280135155
vn -0.037326835095882416 0.9987269043922424 -0.03393107280135155
vn -0.037340953946113586 0.9991046786308289 -0.01988837495446205
vn -0.037340953946113586 0.9991046786308289 -0.01988837495446205
vn -0.037347789853811264 0.999287486076355 -0.0054427036084234715
vn -0.037347789853811264 0.999287486076355 -0.0054427036084234715
vn -0.037347160279750824 0.9992706179618835 0.007961706258356571
vn -0.037347160279750824 0.9992706179618835 0.007961706258356571
vn -0.03734062612056732 0.9990957975387573 0.020328275859355927
vn -0.03734062612056732 0.9990957975387573 0.020328275859355927
vn -0.037315431982278824 0.9984217286109924 0.041971758008003235
vn -0.037315431982278824 0.9984217286109924 0.041971758008003235
vn -0.0372820682823658 0.9975290298461914 0.0595477856695652
vn -0.0372820682823658 0.9975290298461914 0.0595477856695652
vn -0.03724835067987442 0.9966269135475159 0.07312534004449844
vn -0.03724835067987442 0.9966269135475159 0.07312534004449844
vn -0.03722018748521805 0.9958733916282654 0.08276977390050888
vn -0.03722018748521805 0.9958733916282654 0.08276977390050888
vn -0.037195246666669846 0.9952060580253601 0.0904512032866478
vn -0.037195246666669846 0.9952060580253601 0.0904512032866478
vn -0.03734787926077843 0.999289870262146 0.0049873096868395805
vn -0.2846878170967102 -0.9586073160171509 0.0049873096868395805
vn -0.2846878170967102 -0.9586073160171509 0.0049873096868395805
vn -0.2846737205982208 -0.9585598111152649 -0.011134538799524307
vn -0.2846737205982208 -0.9585598111152649 -0.011134538799524307
vn -0.28459662199020386 -0.9583002924919128 -0.025794334709644318
vn -0.28459662199020386 -0.9583002924919128 -0.025794334709644318
vn -0.2844791114330292 -0.9579046368598938 -0.038605477660894394
vn -0.2844791114330292 -0.9579046368598938 -0.038605477660894394
vn -0.2842046022415161 -0.9569802284240723 -0.05845191702246666
vn -0.2842046022415161 -0.9569802284240723 -0.05845191702246666
vn -0.2839869558811188 -0.9562473893165588 -0.07030192017555237
vn -0.2839869558811188 -0.9562473893165588 -0.07030192017555237
vn -0.2840113639831543 -0.9563295841217041 -0.06907422840595245
vn -0.2840113639831543 -0.9563295841217041 -0.06907422840595245
vn -0.2842486798763275 -0.9571285843849182 -0.05574528127908707
vn -0.2842486798763275 -0.9571285843849182 -0.05574528127908707
vn -0.28452742099761963 -0.9580672383308411 -0.03393107280135155
vn -0.28452742099761963 -0.9580672383308411 -0.03393107280135155
vn -0.2846350371837616 -0.9584296345710754 -0.01988837495446205
vn -0.2846350371837616 -0.9584296345710754 -0.01988837495446205
vn -0.2846871316432953 -0.9586050510406494 -0.0054427036084234715
vn -0.28468233346939087 -0.9585888385772705 0.007961706258356571
vn -0.2846871316432953 -0.9586050510406494 -0.0054427036084234715
vn -0.28463253378868103 -0.9584211707115173 0.020328275859355927
vn -0.28468233346939087 -0.9585888385772705 0.007961706258356571
vn -0.2844404876232147 -0.9577745199203491 0.041971758008003235
vn -0.28463253378868103 -0.9584211707115173 0.020328275859355927
vn -0.28418615460395813 -0.9569181203842163 0.0595477856695652
vn -0.2844404876232147 -0.9577745199203491 0.041971758008003235
vn -0.28392916917800903 -0.9560527801513672 0.07312534004449844
vn -0.28418615460395813 -0.9569181203842163 0.0595477856695652
vn -0.28371450304985046 -0.9553298950195312 0.08276977390050888
vn -0.28392916917800903 -0.9560527801513672 0.07312534004449844
vn -0.28352436423301697 -0.9546897411346436 0.0904512032866478
vn -0.28371450304985046 -0.9553298950195312 0.08276977390050888
vn -0.28352436423301697 -0.9546897411346436 0.0904512032866478
vn -0.10002011060714722 0.9949729442596436 0.0049873096868395805
vn -0.10001515597105026 0.9949235916137695 -0.011134538799524307
vn -0.10001515597105026 0.9949235916137695 -0.011134538799524307
vn -0.09998807311058044 0.9946542382240295 -0.025794334709644318
vn -0.09998807311058044 0.9946542382240295 -0.025794334709644318
vn -0.09994678944349289 0.9942435622215271 -0.038605477660894394
vn -0.09994678944349289 0.9942435622215271 -0.038605477660894394
vn -0.09985034167766571 0.9932841062545776 -0.05845191702246666
vn -0.09985034167766571 0.9932841062545776 -0.05845191702246666
vn -0.09977387636899948 0.9925234317779541 -0.07030192017555237
vn -0.09977387636899948 0.9925234317779541 -0.07030192017555237
vn -0.09978245943784714 0.9926087856292725 -0.06907422840595245
vn -0.09978245943784714 0.9926087856292725 -0.06907422840595245
vn -0.09986582398414612 0.9934381246566772 -0.05574528127908707
vn -0.09986582398414612 0.9934381246566772 -0.05574528127908707
vn -0.09996376186609268 0.994412362575531 -0.03393107280135155
vn -0.09996376186609268 0.994412362575531 -0.03393107280135155
vn -0.10000157356262207 0.9947884678840637 -0.01988837495446205
vn -0.10000157356262207 0.9947884678840637 -0.01988837495446205
vn -0.10001987218856812 0.9949705600738525 -0.0054427036084234715
vn -0.10001987218856812 0.9949705600738525 -0.0054427036084234715
vn -0.10001818835735321 0.9949537515640259 0.007961706258356571
vn -0.10001818835735321 0.9949537515640259 0.007961706258356571
vn -0.10000068694353104 0.9947797060012817 0.020328275859355927
vn -0.10000068694353104 0.9947797060012817 0.020328275859355927
vn -0.0999332144856453 0.9941084980964661 0.041971758008003235
vn -0.0999332144856453 0.9941084980964661 0.041971758008003235
vn -0.09984385967254639 0.9932196736335754 0.0595477856695652
vn -0.09984385967254639 0.9932196736335754 0.0595477856695652
vn -0.09975357353687286 0.9923214912414551 0.07312534004449844
vn -0.09975357353687286 0.9923214912414551 0.07312534004449844
vn -0.0996781513094902 0.9915711879730225 0.08276977390050888
vn -0.0996781513094902 0.9915711879730225 0.08276977390050888
vn -0.09961135685443878 0.9909067153930664 0.0904512032866478
vn -0.09961135685443878 0.9909067153930664 0.0904512032866478
vn -0.10002011060714722 0.9949729442596436 0.0049873096868395805
vn -0.2239345908164978 -0.9745914340019226 0.0049873096868395805
vn -0.2239345908164978 -0.9745914340019226 0.0049873096868395805
vn -0.22392350435256958 -0.9745430946350098 -0.011134538799524307
vn -0.22392350435256958 -0.9745430946350098 -0.011134538799524307
vn -0.22386287152767181 -0.9742792844772339 -0.025794334709644318
vn -0.22386287152767181 -0.9742792844772339 -0.025794334709644318
vn -0.22377043962478638 -0.9738770127296448 -0.038605477660894394
vn -0.22377043962478638 -0.9738770127296448 -0.038605477660894394
vn -0.22355449199676514 -0.9729371666908264 -0.05845191702246666
vn -0.22355449199676514 -0.9729371666908264 -0.05845191702246666
vn -0.22338330745697021 -0.972192108631134 -0.07030192017555237
vn -0.22338330745697021 -0.972192108631134 -0.07030192017555237
vn -0.22340251505374908 -0.9722757339477539 -0.06907422840595245
vn -0.22340251505374908 -0.9722757339477539 -0.06907422840595245
vn -0.22358916699886322 -0.9730880260467529 -0.05574528127908707
vn -0.22358916699886322 -0.9730880260467529 -0.05574528127908707
vn -0.2238084375858307 -0.9740423560142517 -0.03393107280135155
vn -0.2238084375858307 -0.9740423560142517 -0.03393107280135155
vn -0.22389309108257294 -0.9744107723236084 -0.01988837495446205
vn -0.22389309108257294 -0.9744107723236084 -0.01988837495446205
vn -0.22393406927585602 -0.9745891094207764 -0.0054427036084234715
vn -0.22393028438091278 -0.9745726585388184 0.007961706258356571
vn -0.22393406927585602 -0.9745891094207764 -0.0054427036084234715
vn -0.22389110922813416 -0.974402129650116 0.020328275859355927
vn -0.22393028438091278 -0.9745726585388184 0.007961706258356571
vn -0.22374004125595093 -0.9737446904182434 0.041971758008003235
vn -0.22389110922813416 -0.974402129650116 0.020328275859355927
vn -0.22353999316692352 -0.9728740453720093 0.0595477856695652
vn -0.22374004125595093 -0.9737446904182434 0.041971758008003235
vn -0.22333784401416779 -0.9719942808151245 0.07312534004449844
vn -0.22353999316692352 -0.9728740453720093 0.0595477856695652
vn -0.2231689840555191 -0.971259355545044 0.08276977390050888
vn -0.22333784401416779 -0.9719942808151245 0.07312534004449844
vn -0.22301943600177765 -0.9706085324287415 0.0904512032866478
vn -0.2231689840555191 -0.971259355545044 0.08276977390050888
vn -0.22301943600177765 -0.9706085324287415 0.0904512032866478
vn -0.16229760646820068 0.9867292642593384 0.0049873096868395805
vn -0.1622895747423172 0.9866803288459778 -0.011134538799524307
vn -0.1622895747423172 0.9866803288459778 -0.011134538799524307
vn -0.16224563121795654 0.9864131808280945 -0.025794334709644318
vn -0.16224563121795654 0.9864131808280945 -0.025794334709644318
vn -0.162178635597229 0.986005961894989 -0.038605477660894394
vn -0.162178635597229 0.986005961894989 -0.038605477660894394
vn -0.16202212870121002 0.9850544333457947 -0.05845191702246666
vn -0.16202212870121002 0.9850544333457947 -0.05845191702246666
vn -0.16189806163311005 0.9843000769615173 -0.07030192017555237
vn -0.16189806163311005 0.9843000769615173 -0.07030192017555237
vn -0.1619119793176651 0.9843847155570984 -0.06907422840595245
vn -0.1619119793176651 0.9843847155570984 -0.06907422840595245
vn -0.16204725205898285 0.9852071404457092 -0.05574528127908707
vn -0.16204725205898285 0.9852071404457092 -0.05574528127908707
vn -0.16220617294311523 0.9861733317375183 -0.03393107280135155
vn -0.16220617294311523 0.9861733317375183 -0.03393107280135155
vn -0.1622675210237503 0.9865463376045227 -0.01988837495446205
vn -0.1622675210237503 0.9865463376045227 -0.01988837495446205
vn -0.16229721903800964 0.9867268800735474 -0.0054427036084234715
vn -0.16229721903800964 0.9867268800735474 -0.0054427036084234715
vn -0.16229449212551117 0.986710250377655 0.007961706258356571
vn -0.16229449212551117 0.986710250377655 0.007961706258356571
vn -0.1622660905122757 0.9865376353263855 0.020328275859355927
vn -0.1622660905122757 0.9865376353263855 0.020328275859355927
vn -0.1621566116809845 0.9858720302581787 0.041971758008003235
vn -0.1621566116809845 0.9858720302581787 0.041971758008003235
vn -0.16201162338256836 0.9849904775619507 0.0595477856695652
vn -0.16201162338256836 0.9849904775619507 0.0595477856695652
vn -0.16186511516571045 0.984099805355072 0.07312534004449844
vn -0.16186511516571045 0.984099805355072 0.07312534004449844
vn -0.16174273192882538 0.983355700969696 0.08276977390050888
vn -0.16174273192882538 0.983355700969696 0.08276977390050888
vn -0.16163434088230133 0.9826967716217041 0.0904512032866478
vn -0.16163434088230133 0.9826967716217041 0.0904512032866478
vn -0.16229760646820068 0.9867292642593384 0.0049873096868395805
vn -0.16229760646820068 -0.9867292642593384 0.0049873096868395805
vn -0.16229760646820068 -0.9867292642593384 0.0049873096868395805
vn -0.1622895747423172 -0.9866803288459778 -0.011134538799524307
vn -0.1622895747423172 -0.9866803288459778 -0.011134538799524307
vn -0.16224563121795654 -0.9864131808280945 -0.025794334709644318
vn -0.16224563121795654 -0.9864131808280945 -0.025794334709644318
vn -0.162178635597229 -0.986005961894989 -0.038605477660894394
vn -0.162178635597229 -0.986005961894989 -0.038605477660894394
vn -0.16202212870121002 -0.9850544333457947 -0.05845191702246666
vn -0.16202212870121002 -0.9850544333457947 -0.05845191702246666
vn -0.16189806163311005 -0.9843000769615173 -0.07030192017555237
vn -0.16189806163311005 -0.9843000769615173 -0.07030192017555237
vn -0.1619119793176651 -0.9843847155570984 -0.06907422840595245
vn -0.1619119793176651 -0.9843847155570984 -0.06907422840595245
vn -0.16204725205898285 -0.9852071404457092 -0.05574528127908707
vn -0.16204725205898285 -0.9852071404457092 -0.05574528127908707
vn -0.16220617294311523 -0.9861733317375183 -0.03393107280135155
vn -0.16220617294311523 -0.9861733317375183 -0.03393107280135155
vn -0.1622675210237503 -0.9865463376045227 -0.01988837495446205
vn -0.1622675210237503 -0.9865463376045227 -0.01988837495446205
vn -0.16229721903800964 -0.9867268800735474 -0.0054427036084234715
vn -0.16229449212551117 -0.986710250377655 0.007961706258356571
vn -0.16229721903800964 -0.9867268800735474 -0.0054427036084234715
vn -0.1622660905122757 -0.9865376353263855 0.020328275859355927
vn -0.16229449212551117 -0.986710250377655 0.007961706258356571
vn -0.1621566116809845 -0.9858720302581787 0.041971758008003235
vn -0.1622660905122757 -0.9865376353263855 0.020328275859355927
vn -0.16201162338256836 -0.9849904775619507 0.0595477856695652
vn -0.1621566116809845 -0.9858720302581787 0.041971758008003235
vn -0.16186511516571045 -0.984099805355072 0.07312534004449844
vn -0.16201162338256836 -0.9849904775619507 0.0595477856695652
vn -0.16174273192882538 -0.983355700969696 0.08276977390050888
vn -0.16186511516571045 -0.984099805355072 0.07312534004449844
vn -0.16163434088230133 -0.9826967716217041 0.0904512032866478
vn -0.16174273192882538 -0.983355700969696 0.08276977390050888
vn -0.16163434088230133 -0.9826967716217041 0.0904512032866478
f 1/1/1 2/2/2 3/3/3
f 2/2/2 4/4/4 5/5/5
f 4/4/4 6/6/6 7/7/7
f 6/6/6 8/8/8 9/9/9
f 8/8/8 10/10/10 11/11/11
f 10/10/10 12/12/12 13/13/13
f 12/12/12 14/14/14 15/15/15
f 14/14/14 16/16/16 17/17/17
f 16/16/16 18/18/18 19/19/19
f 18/18/18 20/20/20 21/21/21
f 22/22/22 23/23/23 21/21/21
f 24/24/24 25/25/25 23/23/23
f 26/26/26 27/27/27 25/25/25
f 28/28/28 29/29/29 27/27/27
f 30/30/30 31/31/31 29/29/29
f 32/32/32 33/33/33 31/31/31
f 34/34/34 35/35/35 33/33/33
f 33/33/33 32/32/32 34/34/34
f 31/31/31 30/30/30 32/32/32
f 29/29/29 28/28/28 30/30/30
f 27/27/27 26/26/26 28/28/28
f 25/25/25 24/24/24 26/26/26
f 23/23/23 22/22/22 24/24/24
f 21/21/21 20/20/20 22/22/22
f 21/21/21 19/19/19 18/18/18
f 19/19/19 17/17/17 16/16/16
f 17/17/17 15/15/15 14/14/14
f 15/15/15 13/13/13 12/12/12
f 13/13/13 11/11/11 10/10/10
f 11/11/11 9/9/9 8/8/8
f 9/9/9 7/7/7 6/6/6
f 7/7/7 5/5/5 4/4/4
f 5/5/5 3/3/3 2/2/2
f 3/3/3 36/36/36 1/1/1
f 37/37/37 36/38/38 3/39/39
f 38/40/40 3/39/39 5/41/41
f 39/42/42 5/41/41 7/43/43
f 40/44/44 7/43/43 9/45/45
f 41/46/46 9/45/45 11/47/47
f 42/48/48 11/47/47 13/49/49
f 43/50/50 13/49/49 15/51/51
f 44/52/52 15/51/51 17/53/53
f 45/54/54 17/53/53 19/55/55
f 46/56/56 19/55/55 21/57/57
f 47/58/58 48/59/59 21/57/57
f 49/60/60 47/58/58 23/61/61
f 50/62/62 49/60/60 25/63/63
f 51/64/64 50/62/62 27/65/65
f 52/66/66 51/64/64 29/67/67
f 53/68/68 52/66/66 31/69/69
f 54/70/70 53/68/68 33/71/71
f 33/71/71 35/72/72 54/70/70
f 31/69/69 33/71/71 53/68/68
f 29/67/67 31/69/69 52/66/66
f 27/65/65 29/67/67 51/64/64
f 25/63/63 27/65/65 50/62/62
f 23/61/61 25/63/63 49/60/60
f 21/57/57 23/61/61 47/58/58
f 21/57/57 48/59/59 46/56/56
f 19/55/55 46/56/56 45/54/54
f 17/53/53 45/54/54 44/52/52
f 15/51/51 44/52/52 43/50/50
f 13/49/49 43/50/50 42/48/48
f 11/47/47 42/48/48 41/46/46
f 9/45/45 41/46/46 40/44/44
f 7/43/43 40/44/44 39/42/42
f 5/41/41 39/42/42 38/40/40
f 3/39/39 38/40/40 37/37/37
f 37/73/73 38/74/74 55/75/75
f 38/74/74 39/76/76 56/77/77
f 39/76/76 40/78/78 57/79/79
f 40/78/78 41/80/80 58/81/81
f 41/80/80 42/82/82 59/83/83
f 42/82/82 43/84/84 60/85/85
f 43/84/84 44/86/86 61/87/87
f 44/86/86 45/88/88 62/89/89
f 45/88/88 46/90/90 63/91/91
f 46/90/90 48/92/92 64/93/93
f 47/94/94 65/95/95 64/93/93
f 49/96/96 66/97/97 65/95/95
f 50/98/98 67/99/99 66/97/97
f 51/100/100 68/101/101 67/99/99
f 52/102/102 69/103/103 68/101/101
f 53/104/104 70/105/105 69/103/103
f 54/106/106 71/107/107 70/105/105
f 70/105/105 53/104/104 54/106/106
f 69/103/103 52/102/102 53/104/104
f 68/101/101 51/100/100 52/102/102
f 67/99/99 50/98/98 51/100/100
f 66/97/97 49/96/96 50/98/98
f 65/95/95 47/94/94 49/96/96
f 64/93/93 48/92/92 47/94/94
f 64/93/93 63/91/91 46/90/90
f 63/91/91 62/89/89 45/88/88
f 62/89/89 61/87/87 44/86/86
f 61/87/87 60/85/85 43/84/84
f 60/85/85 59/83/83 42/82/82
f 59/83/83 58/81/81 41/80/80
f 58/81/81 57/79/79 40/78/78
f 57/79/79 56/77/77 39/76/76
f 56/77/77 55/75/75 38/74/74
f 55/75/75 72/108/108 37/73/73
f 73/109/109 72/110/110 55/111/111
f 74/112/112 55/111/111 56/113/113
f 75/114/114 56/113/113 57/115/115
f 76/116/116 57/115/115 58/117/117
f 77/118/118 58/117/117 59/119/119
f 78/120/120 59/119/119 60/121/121
f 79/122/122 60/121/121 61/123/123
f 80/124/124 61/123/123 62/125/125
f 81/126/126 62/125/125 63/127/127
f 82/128/128 63/127/127 64/129/129
f 83/130/130 84/131/131 64/129/129
f 85/132/132 83/130/130 65/133/133
f 86/134/134 85/132/132 66/135/135
f 87/136/136 86/134/134 67/137/137
f 88/138/138 87/136/136 68/139/139
f 89/140/140 88/138/138 69/141/141
f 90/142/142 89/140/140 70/143/143
f 70/143/143 71/144/144 90/142/142
f 69/141/141 70/143/143 89/140/140
f 68/139/139 69/141/141 88/138/138
f 67/137/137 68/139/139 87/136/136
f 66/135/135 67/137/137 86/134/134
f 65/133/133 66/135/135 85/132/132
f 64/129/129 65/133/133 83/130/130
f 64/129/129 84/131/131 82/128/128
f 63/127/127 82/128/128 81/126/126
f 62/125/125 81/126/126 80/124/124
f 61/123/123 80/124/124 79/122/122
f 60/121/121 79/122/122 78/120/120
f 59/119/119 78/120/120 77/118/118
f 58/117/117 77/118/118 76/116/116
f 57/115/115 76/116/116 75/114/114
f 56/113/113 75/114/114 74/112/112
f 55/111/111 74/112/112 73/109/109
f 73/145/145 74/146/146 91/147/147
f 74/146/146 75/148/148 92/149/149
f 75/148/148 76/150/150 93/151/151
f 76/150/150 77/152/152 94/153/153
f 77/152/152 78/154/154 95/155/155
f 78/154/154 79/156/156 96/157/157
f 79/156/156 80/158/158 97/159/159
f 80/158/158 81/160/160 98/161/161
f 81/160/160 82/162/162 99/163/163
f 82/162/162 84/164/164 100/165/165
f 83/166/166 101/167/167 100/165/165
f 85/168/168 102/169/169 101/167/167
f 86/170/170 103/171/171 102/169/169
f 87/172/172 104/173/173 103/171/171
f 88/174/174 105/175/175 104/173/173
f 89/176/176 106/177/177 105/175/175
f 90/178/178 107/179/179 106/177/177
f 106/177/177 89/176/176 90/178/178
f 105/175/175 88/174/174 89/176/176
f 104/173/173 87/172/172 88/174/174
f 103/171/171 86/170/170 87/172/172
f 102/169/169 85/168/168 86/170/170
f 101/167/167 83/166/166 85/168/168
f 100/165/165 84/164/164 83/166/166
f 100/165/165 99/163/163 82/162/162
f 99/163/163 98/161/161 81/160/160
f 98/161/161 97/159/159 80/158/158
f 97/159/159 96/157/157 79/156/156
f 96/157/157 95/155/155 78/154/154
f 95/155/155 94/153/153 77/152/152
f 94/153/153 93/151/151 76/150/150
f 93/151/151 92/149/149 75/148/148
f 92/149/149 91/147/147 74/146/146
f 91/147/147 108/180/180 73/145/145
f 109/181/181 108/182/182 91/183/183
f 110/184/184 91/183/183 92/185/185
f 111/186/186 92/185/185 93/187/187
f 112/188/188 93/187/187 94/189/189
f 113/190/190 94/189/189 95/191/191
f 114/192/192 95/191/191 96/193/193
f 115/194/194 96/193/193 97/195/195
f 116/196/196 97/195/195 98/197/197
f 117/198/198 98/197/197 99/199/199
f 118/200/200 99/199/199 100/201/201
f 119/202/202 120/203/203 100/201/201
f 121/204/204 119/202/202 101/205/205
f 122/206/206 121/204/204 102/207/207
f 123/208/208 122/206/206 103/209/209
f 124/210/210 123/208/208 104/211/211
f 125/212/212 124/210/210 105/213/213
f 126/214/214 125/212/212 106/215/215
f 106/215/215 107/216/216 126/214/214
f 105/213/213 106/215/215 125/212/212
f 104/211/211 105/213/213 124/210/210
f 103/209/209 104/211/211 123/208/208
f 102/207/207 103/209/209 122/206/206
f 101/205/205 102/207/207 121/204/204
f 100/201/201 101/205/205 119/202/202
f 100/201/201 120/203/203 118/200/200
f 99/199/199 118/200/200 117/198/198
f 98/197/197 117/198/198 116/196/196
f 97/195/195 116/196/196 115/194/194
f 96/193/193 115/194/194 114/192/192
f 95/191/191 114/192/192 113/190/190
f 94/189/189 113/190/190 112/188/188
f 93/187/187 112/188/188 111/186/186
f 92/185/185 111/186/186 110/184/184
f 91/183/183 110/184/184 109/181/181
f 109/217/217 110/218/218 127/219/219
f 110/218/218 111/220/220 128/221/221
f 111/220/220 112/222/222 129/223/223
f 112/222/222 113/224/224 130/225/225
f 113/224/224 114/226/226 131/227/227
f 114/226/226 115/228/228 132/229/229
f 115/228/228 116/230/230 133/231/231
f 116/230/230 117/232/232 134/233/233
f 117/232/232 118/234/234 135/235/235
f 118/234/234 120/236/236 136/237/237
f 119/238/238 137/239/239 136/237/237
f 121/240/240 138/241/241 137/239/239
f 122/242/242 139/243/243 138/241/241
f 123/244/244 140/245/245 139/243/243
f 124/246/246 141/247/247 140/245/245
f 125/248/248 142/249/249 141/247/247
f 126/250/250 143/251/251 142/249/249
f 142/249/249 125/248/248 126/250/250
f 141/247/247 124/246/246 125/248/248
f 140/245/245 123/244/244 124/246/246
f 139/243/243 122/242/242 123/244/244
f 138/241/241 121/240/240 122/242/242
f 137/239/239 119/238/238 121/240/240
f 136/237/237 120/236/236 119/238/238
f 136/237/237 135/235/235 118/234/234
f 135/235/235 134/233/233 117/232/232
f 134/233/233 133/231/231 116/230/230
f 133/231/231 132/229/229 115/228/228
f 132/229/229 131/227/227 114/226/226
f 131/227/227 130/225/225 113/224/224
f 130/225/225 129/223/223 112/222/222
f 129/223/223 128/221/221 111/220/220
f 128/221/221 127/219/219 110/218/218
f 127/219/219 144/252/252 109/217/217
f 145/253/253 144/254/254 127/255/255
f 146/256/256 127/255/255 128/257/257
f 147/258/258 128/257/257 129/259/259
f 148/260/260 129/259/259 130/261/261
f 149/262/262 130/261/261 131/263/263
f 150/264/264 131/263/263 132/265/265
f 151/266/266 132/265/265 133/267/267
f 152/268/268 133/267/267 134/269/269
f 153/270/270 134/269/269 135/271/271
f 154/272/272 135/271/271 136/273/273
f 155/274/274 156/275/275 136/273/273
f 157/276/276 155/274/274 137/277/277
f 158/278/278 157/276/276 138/279/279
f 159/280/280 158/278/278 139/281/281
f 160/282/282 159/280/280 140/283/283
f 161/284/284 160/282/282 141/285/285
f 162/286/286 161/284/284 142/287/287
f 142/287/287 143/288/288 162/286/286
f 141/285/285 142/287/287 161/284/284
f 140/283/283 141/285/285 160/282/282
f 139/281/281 140/283/283 159/280/280
f 138/279/279 139/281/281 158/278/278
f 137/277/277 138/279/279 157/276/276
f 136/273/273 137/277/277 155/274/274
f 136/273/273 156/275/275 154/272/272
f 135/271/271 154/272/272 153/270/270
f 134/269/269 153/270/270 152/268/268
f 133/267/267 152/268/268 151/266/266
f 132/265/265 151/266/266 150/264/264
f 131/263/263 150/264/264 149/262/262
f 130/261/261 149/262/262 148/260/260
f 129/259/259 148/260/260 147/258/258
f 128/257/257 147/258/258 146/256/256
f 127/255/255 146/256/256 145/253/253
f 145/289/289 146/290/290 163/291/291
f 146/290/290 147/292/292 164/293/293
f 147/292/292 148/294/294 165/295/295
f 148/294/294 149/296/296 166/297/297
f 149/296/296 150/298/298 167/299/299
f 150/298/298 151/300/300 168/301/301
f 151/300/300 152/302/302 169/303/303
f 152/302/302 153/304/304 170/305/305
f 153/304/304 154/306/306 171/307/307
f 154/306/306 156/308/308 172/309/309
f 155/310/310 173/311/311 172/309/309
f 157/312/312 174/313/313 173/311/311
f 158/314/314 175/315/315 174/313/313
f 159/316/316 176/317/317 175/315/315
f 160/318/318 177/319/319 176/317/317
f 161/320/320 178/321/321 177/319/319
f 162/322/322 179/323/323 178/321/321
f 178/321/321 161/320/320 162/322/322
f 177/319/319 160/318/318 161/320/320
f 176/317/317 159/316/316 160/318/318
f 175/315/315 158/314/314 159/316/316
f 174/313/313 157/312/312 158/314/314
f 173/311/311 155/310/310 157/312/312
f 172/309/309 156/308/308 155/310/310
f 172/309/309 171/307/307 154/306/306
f 171/307/307 170/305/305 153/304/304
f 170/305/305 169/303/303 152/302/302
f 169/303/303 168/301/301 151/300/300
f 168/301/301 167/299/299 150/298/298
f 167/299/299 166/297/297 149/296/296
f 166/297/297 165/295/295 148/294/294
f 165/295/295 164/293/293 147/292/292
f 164/293/293 163/291/291 146/290/290
f 163/291/291 180/324/324 145/289/289
f 181/325/325 180/326/326 163/327/327
f 182/328/328 163/327/327 164/329/329
f 183/330/330 164/329/329 165/331/331
f 184/332/332 165/331/331 166/333/333
f 185/334/334 166/333/333 167/335/335
f 186/336/336 167/335/335 168/337/337
f 187/338/338 168/337/337 169/339/339
f 188/340/340 169/339/339 170/341/341
f 189/342/342 170/341/341 171/343/343
f 190/344/344 171/343/343 172/345/345
f 191/346/346 192/347/347 172/345/345
f 193/348/348 191/346/346 173/349/349
f 194/350/350 193/348/348 174/351/351
f 195/352/352 194/350/350 175/353/353
f 196/354/354 195/352/352 176/355/355
f 197/356/356 196/354/354 177/357/357
f 198/358/358 197/356/356 178/359/359
f 178/359/359 179/360/360 198/358/358
f 177/357/357 178/359/359 197/356/356
f 176/355/355 177/357/357 196/354/354
f 175/353/353 176/355/355 195/352/352
f 174/351/351 175/353/353 194/350/350
f 173/349/349 174/351/351 193/348/348
f 172/345/345 173/349/349 191/346/346
f 172/345/345 192/347/347 190/344/344
f 171/343/343 190/344/344 189/342/342
f 170/341/341 189/342/342 188/340/340
f 169/339/339 188/340/340 187/338/338
f 168/337/337 187/338/338 186/336/336
f 167/335/335 186/336/336 185/334/334
f 166/333/333 185/334/334 184/332/332
f 165/331/331 184/332/332 183/330/330
f 164/329/329 183/330/330 182/328/328
f 163/327/327 182/328/328 181/325/325
f 181/361/361 182/362/362 199/363/363
f 182/362/362 183/364/364 200/365/365
f 183/364/364 184/366/366 201/367/367
f 184/366/366 185/368/368 202/369/369
f 185/368/368 186/370/370 203/371/371
f 186/370/370 187/372/372 204/373/373
f 187/372/372 188/374/374 205/375/375
f 188/374/374 189/376/376 206/377/377
f 189/376/376 190/378/378 207/379/379
f 190/378/378 192/380/380 208/381/381
f 191/382/382 209/383/383 208/381/381
f 193/384/384 210/385/385 209/383/383
f 194/386/386 211/387/387 210/385/385
f 195/388/388 212/389/389 211/387/387
f 196/390/390 213/391/391 212/389/389
f 197/392/392 214/393/393 213/391/391
f 198/394/394 215/395/395 214/393/393
f 214/393/393 197/392/392 198/394/394
f 213/391/391 196/390/390 197/392/392
f 212/389/389 195/388/388 196/390/390
f 211/387/387 194/386/386 195/388/388
f 210/385/385 193/384/384 194/386/386
f 209/383/383 191/382/382 193/384/384
f 208/381/381 192/380/380 191/382/382
f 208/381/381 207/379/379 190/378/378
f 207/379/379 206/377/377 189/376/376
f 206/377/377 205/375/375 188/374/374
f 205/375/375 204/373/373 187/372/372
f 204/373/373 203/371/371 186/370/370
f 203/371/371 202/369/369 185/368/368
f 202/369/369 201/367/367 184/366/366
f 201/367/367 200/365/365 183/364/364
f 200/365/365 199/363/363 182/362/362
f 199/363/363 216/396/396 181/361/361
f 217/397/397 216/398/398 199/399/399
f 218/400/400 199/399/399 200/401/401
f 219/402/402 200/401/401 201/403/403
f 220/404/404 201/403/403 202/405/405
f 221/406/406 202/405/405 203/407/407
f 222/408/408 203/407/407 204/409/409
f 223/410/410 204/409/409 205/411/411
f 224/412/412 205/411/411 206/413/413
f 225/414/414 206/413/413 207/415/415
f 226/416/416 207/415/415 208/417/417
f 227/418/418 228/419/419 208/417/417
f 229/420/420 227/418/418 209/421/421
f 230/422/422 229/420/420 210/423/423
f 231/424/424 230/422/422 211/425/425
f 232/426/426 231/424/424 212/427/427
f 233/428/428 232/426/426 213/429/429
f 234/430/430 233/428/428 214/431/431
f 214/431/431 215/432/432 234/430/430
f 213/429/429 214/431/431 233/428/428
f 212/427/427 213/429/429 232/426/426
f 211/425/425 212/427/427 231/424/424
f 210/423/423 211/425/425 230/422/422
f 209/421/421 210/423/423 229/420/420
f 208/417/417 209/421/421 227/418/418
f 208/417/417 228/419/419 226/416/416
f 207/415/415 226/416/416 225/414/414
f 206/413/413 225/414/414 224/412/412
f 205/411/411 224/412/412 223/410/410
f 204/409/409 223/410/410 222/408/408
f 203/407/407 222/408/408 221/406/406
f 202/405/405 221/406/406 220/404/404
f 201/403/403 220/404/404 219/402/402
f 200/401/401 219/402/402 218/400/400
f 199/399/399 218/400/400 217/397/397
f 217/433/433 218/434/434 235/435/435
f 218/434/434 219/436/436 236/437/437
f 219/436/436 220/438/438 237/439/439
f 220/438/438 221/440/440 238/441/441
f 221/440/440 222/442/442 239/443/443
f 222/442/442 223/444/444 240/445/445
f 223/444/444 224/446/446 241/447/447
f 224/446/446 225/448/448 242/449/449
f 225/448/448 226/450/450 243/451/451
f 226/450/450 228/452/452 244/453/453
f 227/454/454 245/455/455 244/453/453
f 229/456/456 246/457/457 245/455/455
f 230/458/458 247/459/459 246/457/457
f 231/460/460 248/461/461 247/459/459
f 232/462/462 249/463/463 248/461/461
f 233/464/464 250/465/465 249/463/463
f 234/466/466 251/467/467 250/465/465
f 250/465/465 233/464/464 234/466/466
f 249/463/463 232/462/462 233/464/464
f 248/461/461 231/460/460 232/462/462
f 247/459/459 230/458/458 231/460/460
f 246/457/457 229/456/456 230/458/458
f 245/455/455 227/454/454 229/456/456
f 244/453/453 228/452/452 227/454/454
f 244/453/453 243/451/451 226/450/450
f 243/451/451 242/449/449 225/448/448
f 242/449/449 241/447/447 224/446/446
f 241/447/447 240/445/445 223/444/444
f 240/445/445 239/443/443 222/442/442
f 239/443/443 238/441/441 221/440/440
f 238/441/441 237/439/439 220/438/438
f 237/439/439 236/437/437 219/436/436
f 236/437/437 235/435/435 218/434/434
f 235/435/435 252/468/468 217/433/433
f 253/469/469 252/470/470 235/471/471
f 254/472/472 235/471/471 236/473/473
f 255/474/474 236/473/473 237/475/475
f 256/476/476 237/475/475 238/477/477
f 257/478/478 238/477/477 239/479/479
f 258/480/480 239/479/479 240/481/481
f 259/482/482 240/481/481 241/483/483
f 260/484/484 241/483/483 242/485/485
f 261/486/486 242/485/485 243/487/487
f 262/488/488 243/487/487 244/489/489
f 263/490/490 264/491/491 244/489/489
f 265/492/492 263/490/490 245/493/493
f 266/494/494 265/492/492 246/495/495
f 267/496/496 266/494/494 247/497/497
f 268/498/498 267/496/496 248/499/499
f 269/500/500 268/498/498 249/501/501
f 270/502/502 269/500/500 250/503/503
f 250/503/503 251/504/504 270/502/502
f 249/501/501 250/503/503 269/500/500
f 248/499/499 249/501/501 268/498/498
f 247/497/497 248/499/499 267/496/496
f 246/495/495 247/497/497 266/494/494
f 245/493/493 246/495/495 265/492/492
f 244/489/489 245/493/493 263/490/490
f 244/489/489 264/491/491 262/488/488
f 243/487/487 262/488/488 261/486/486
f 242/485/485 261/486/486 260/484/484
f 241/483/483 260/484/484 259/482/482
f 240/481/481 259/482/482 258/480/480
f 239/479/479 258/480/480 257/478/478
f 238/477/477 257/478/478 256/476/476
f 237/475/475 256/476/476 255/474/474
f 236/473/473 255/474/474 254/472/472
f 235/471/471 254/472/472 253/469/469
f 253/505/505 254/506/506 271/507/507
f 254/506/506 255/508/508 272/509/509
f 255/508/508 256/510/510 273/511/511
f 256/510/510 257/512/512 274/513/513
f 257/512/512 258/514/514 275/515/515
f 258/514/514 259/516/516 276/517/517
f 259/516/516 260/518/518 277/519/519
f 260/518/518 261/520/520 278/521/521
f 261/520/520 262/522/522 279/523/523
f 262/522/522 264/524/524 280/525/525
f 263/526/526 281/527/527 280/525/525
f 265/528/528 282/529/529 281/527/527
f 266/530/530 283/531/531 282/529/529
f 267/532/532 284/533/533 283/531/531
f 268/534/534 285/535/535 284/533/533
f 269/536/536 286/537/537 285/535/535
f 270/538/538 287/539/539 286/537/537
f 286/537/537 269/536/536 270/538/538
f 285/535/535 268/534/534 269/536/536
f 284/533/533 267/532/532 268/534/534
f 283/531/531 266/530/530 267/532/532
f 282/529/529 265/528/528 266/530/530
f 281/527/527 263/526/526 265/528/528
f 280/525/525 264/524/524 263/526/526
f 280/525/525 279/523/523 262/522/522
f 279/523/523 278/521/521 261/520/520
f 278/521/521 277/519/519 260/518/518
f 277/519/519 276/517/517 259/516/516
f 276/517/517 275/515/515 258/514/514
f 275/515/515 274/513/513 257/512/512
f 274/513/513 273/511/511 256/510/510
f 273/511/511 272/509/509 255/508/508
f 272/509/509 271/507/507 254/506/506
f 271/507/507 288/540/540 253/505/505
f 289/541/541 288/542/542 271/543/543
f 290/544/544 271/543/543 272/545/545
f 291/546/546 272/545/545 273/547/547
f 292/548/548 273/547/547 274/549/549
f 293/550/550 274/549/549 275/551/551
f 294/552/552 275/551/551 276/553/553
f 295/554/554 276/553/553 277/555/555
f 296/556/556 277/555/555 278/557/557
f 297/558/558 278/557/557 279/559/559
f 298/560/560 279/559/559 280/561/561
f 299/562/562 300/563/563 280/561/561
f 301/564/564 299/562/562 281/565/565
f 302/566/566 301/564/564 282/567/567
f 303/568/568 302/566/566 283/569/569
f 304/570/570 303/568/568 284/571/571
f 305/572/572 304/570/570 285/573/573
f 306/574/574 305/572/572 286/575/575
f 286/575/575 287/576/576 306/574/574
f 285/573/573 286/575/575 305/572/572
f 284/571/571 285/573/573 304/570/570
f 283/569/569 284/571/571 303/568/568
f 282/567/567 283/569/569 302/566/566
f 281/565/565 282/567/567 301/564/564
f 280/561/561 281/565/565 299/562/562
f 280/561/561 300/563/563 298/560/560
f 279/559/559 298/560/560 297/558/558
f 278/557/557 297/558/558 296/556/556
f 277/555/555 296/556/556 295/554/554
f 276/553/553 295/554/554 294/552/552
f 275/551/551 294/552/552 293/550/550
f 274/549/549 293/550/550 292/548/548
f 273/547/547 292/548/548 291/546/546
f 272/545/545 291/546/546 290/544/544
f 271/543/543 290/544/544 289/541/541
f 289/577/577 290/578/578 307/579/579
f 290/578/578 291/580/580 308/581/581
f 291/580/580 292/582/582 309/583/583
f 292/582/582 293/584/584 310/585/585
f 293/584/584 294/586/586 311/587/587
f 294/586/586 295/588/588 312/589/589
f 295/588/588 296/590/590 313/591/591
f 296/590/590 297/592/592 314/593/593
f 297/592/592 298/594/594 315/595/595
f 298/594/594 300/596/596 316/597/597
f 299/598/598 317/599/599 316/597/597
f 301/600/600 318/601/601 317/599/599
f 302/602/602 319/603/603 318/601/601
f 303/604/604 320/605/605 319/603/603
f 304/606/606 321/607/607 320/605/605
f 305/608/608 322/609/609 321/607/607
f 306/610/610 323/611/611 322/609/609
f 322/609/609 305/608/608 306/610/610
f 321/607/607 304/606/606 305/608/608
f 320/605/605 303/604/604 304/606/606
f 319/603/603 302/602/602 303/604/604
f 318/601/601 301/600/600 302/602/602
f 317/599/599 299/598/598 301/600/600
f 316/597/597 300/596/596 299/598/598
f 316/597/597 315/595/595 298/594/594
f 315/595/595 314/593/593 297/592/592
f 314/593/593 313/591/591 296/590/590
f 313/591/591 312/589/589 295/588/588
f 312/589/589 311/587/587 294/586/586
f 311/587/587 310/585/585 293/584/584
f 310/585/585 309/583/583 292/582/582
f 309/583/583 308/581/581 291/580/580
f 308/581/581 307/579/579 290/578/578
f 307/579/579 324/612/612 289/577/577
f 325/613/613 324/614/614 307/615/615
f 326/616/616 307/615/615 308/617/617
f 327/618/618 308/617/617 309/619/619
f 328/620/620 309/619/619 310/621/621
f 329/622/622 310/621/621 311/623/623
f 330/624/624 311/623/623 312/625/625
f 331/626/626 312/625/625 313/627/627
f 332/628/628 313/627/627 314/629/629
f 333/630/630 314/629/629 315/631/631
f 334/632/632 315/631/631 316/633/633
f 335/634/634 336/635/635 316/633/633
f 337/636/636 335/634/634 317/637/637
f 338/638/638 337/636/636 318/639/639
f 339/640/640 338/638/638 319/641/641
f 340/642/642 339/640/640 320/643/643
f 341/644/644 340/642/642 321/645/645
f 342/646/646 341/644/644 322/647/647
f 322/647/647 323/648/648 342/646/646
f 321/645/645 322/647/647 341/644/644
f 320/643/643 321/645/645 340/642/642
f 319/641/641 320/643/643 339/640/640
f 318/639/639 319/641/641 338/638/638
f 317/637/637 318/639/639 337/636/636
f 316/633/633 317/637/637 335/634/634
f 316/633/633 336/635/635 334/632/632
f 315/631/631 334/632/632 333/630/630
f 314/629/629 333/630/630 332/628/628
f 313/627/627 332/628/628 331/626/626
f 312/625/625 331/626/626 330/624/624
f 311/623/623 330/624/624 329/622/622
f 310/621/621 329/622/622 328/620/620
f 309/619/619 328/620/620 327/618/618
f 308/617/617 327/618/618 326/616/616
f 307/615/615 326/616/616 325/613/613
f 325/649/649 326/650/650 343/651/651
f 326/650/650 327/652/652 344/653/653
f 327/652/652 328/654/654 345/655/655
f 328/654/654 329/656/656 346/657/657
f 329/656/656 330/658/658 347/659/659
f 330/658/658 331/660/660 348/661/661
f 331/660/660 332/662/662 349/663/663
f 332/662/662 333/664/664 350/665/665
f 333/664/664 334/666/666 351/667/667
f 334/666/666 336/668/668 352/669/669
f 335/670/670 353/671/671 352/669/669
f 337/672/672 354/673/673 353/671/671
f 338/674/674 355/675/675 354/673/673
f 339/676/676 356/677/677 355/675/675
f 340/678/678 357/679/679 356/677/677
f 341/680/680 358/681/681 357/679/679
f 342/682/682 359/683/683 358/681/681
f 358/681/681 341/680/680 342/682/682
f 357/679/679 340/678/678 341/680/680
f 356/677/677 339/676/676 340/678/678
f 355/675/675 338/674/674 339/676/676
f 354/673/673 337/672/672 338/674/674
f 353/671/671 335/670/670 337/672/672
f 352/669/669 336/668/668 335/670/670
f 352/669/669 351/667/667 334/666/666
f 351/667/667 350/665/665 333/664/664
f 350/665/665 349/663/663 332/662/662
f 349/663/663 348/661/661 331/660/660
f 348/661/661 347/659/659 330/658/658
f 347/659/659 346/657/657 329/656/656
f 346/657/657 345/655/655 328/654/654
f 345/655/655 344/653/653 327/652/652
f 344/653/653 343/651/651 326/650/650
f 343/651/651 360/684/684 325/649/649
f 361/685/685 360/686/686 343/687/687
f 362/688/688 343/687/687 344/689/689
f 363/690/690 344/689/689 345/691/691
f 364/692/692 345/691/691 346/693/693
f 365/694/694 346/693/693 347/695/695
f 366/696/696 347/695/695 348/697/697
f 367/698/698 348/697/697 349/699/699
f 368/700/700 349/699/699 350/701/701
f 369/702/702 350/701/701 351/703/703
f 370/704/704 351/703/703 352/705/705
f 371/706/706 372/707/707 352/705/705
f 373/708/708 371/706/706 353/709/709
f 374/710/710 373/708/708 354/711/711
f 375/712/712 374/710/710 355/713/713
f 376/714/714 375/712/712 356/715/715
f 377/716/716 376/714/714 357/717/717
f 378/718/718 377/716/716 358/719/719
f 358/719/719 359/720/720 378/718/718
f 357/717/717 358/719/719 377/716/716
f 356/715/715 357/717/717 376/714/714
f 355/713/713 356/715/715 375/712/712
f 354/711/711 355/713/713 374/710/710
f 353/709/709 354/711/711 373/708/708
f 352/705/705 353/709/709 371/706/706
f 352/705/705 372/707/707 370/704/704
f 351/703/703 370/704/704 369/702/702
f 350/701/701 369/702/702 368/700/700
f 349/699/699 368/700/700 367/698/698
f 348/697/697 367/698/698 366/696/696
f 347/695/695 366/696/696 365/694/694
f 346/693/693 365/694/694 364/692/692
f 345/691/691 364/692/692 363/690/690
f 344/689/689 363/690/690 362/688/688
f 343/687/687 362/688/688 361/685/685
f 361/721/721 362/722/722 379/723/723
f 362/722/722 363/724/724 380/725/725
f 363/724/724 364/726/726 381/727/727
f 364/726/726 365/728/728 382/729/729
f 365/728/728 366/730/730 383/731/731
f 366/730/730 367/732/732 384/733/733
f 367/732/732 368/734/734 385/735/735
f 368/734/734 369/736/736 386/737/737
f 369/736/736 370/738/738 387/739/739
f 370/738/738 372/740/740 388/741/741
f 371/742/742 389/743/743 388/741/741
f 373/744/744 390/745/745 389/743/743
f 374/746/746 391/747/747 390/745/745
f 375/748/748 392/749/749 391/747/747
f 376/750/750 393/751/751 392/749/749
f 377/752/752 394/753/753 393/751/751
f 378/754/754 395/755/755 394/753/753
f 394/753/753 377/752/752 378/754/754
f 393/751/751 376/750/750 377/752/752
f 392/749/749 375/748/748 376/750/750
f 391/747/747 374/746/746 375/748/748
f 390/745/745 373/744/744 374/746/746
f 389/743/743 371/742/742 373/744/744
f 388/741/741 372/740/740 371/742/742
f 388/741/741 387/739/739 370/738/738
f 387/739/739 386/737/737 369/736/736
f 386/737/737 385/735/735 368/734/734
f 385/735/735 384/733/733 367/732/732
f 384/733/733 383/731/731 366/730/730
f 383/731/731 382/729/729 365/728/728
f 382/729/729 381/727/727 364/726/726
f 381/727/727 380/725/725 363/724/724
f 380/725/725 379/723/723 362/722/722
f 379/723/723 396/756/756 361/721/721
f 397/757/757 396/758/758 379/759/759
f 398/760/760 379/759/759 380/761/761
f 399/762/762 380/761/761 381/763/763
f 400/764/764 381/763/763 382/765/765
f 401/766/766 382/765/765 383/767/767
f 402/768/768 383/767/767 384/769/769
f 403/770/770 384/769/769 385/771/771
f 404/772/772 385/771/771 386/773/773
f 405/774/774 386/773/773 387/775/775
f 406/776/776 387/775/775 388/777/777
f 407/778/778 408/779/779 388/777/777
f 409/780/780 407/778/778 389/781/781
f 410/782/782 409/780/780 390/783/783
f 411/784/784 410/782/782 391/785/785
f 412/786/786 411/784/784 392/787/787
f 413/788/788 412/786/786 393/789/789
f 414/790/790 413/788/788 394/791/791
f 394/791/791 395/792/792 414/790/790
f 393/789/789 394/791/791 413/788/788
f 392/787/787 393/789/789 412/786/786
f 391/785/785 392/787/787 411/784/784
f 390/783/783 391/785/785 410/782/782
f 389/781/781 390/783/783 409/780/780
f 388/777/777 389/781/781 407/778/778
f 388/777/777 408/779/779 406/776/776
f 387/775/775 406/776/776 405/774/774
f 386/773/773 405/774/774 404/772/772
f 385/771/771 404/772/772 403/770/770
f 384/769/769 403/770/770 402/768/768
f 383/767/767 402/768/768 401/766/766
f 382/765/765 401/766/766 400/764/764
f 381/763/763 400/764/764 399/762/762
f 380/761/761 399/762/762 398/760/760
f 379/759/759 398/760/760 397/757/757
f 397/793/793 398/794/794 415/795/795
f 398/794/794 399/796/796 416/797/797
f 399/796/796 400/798/798 417/799/799
f 400/798/798 401/800/800 418/801/801
f 401/800/800 402/802/802 419/803/803
f 402/802/802 403/804/804 420/805/805
f 403/804/804 404/806/806 421/807/807
f 404/806/806 405/808/808 422/809/809
f 405/808/808 406/810/810 423/811/811
f 406/810/810 408/812/812 424/813/813
f 407/814/814 425/815/815 424/813/813
f 409/816/816 426/817/817 425/815/815
f 410/818/818 427/819/819 426/817/817
f 411/820/820 428/821/821 427/819/819
f 412/822/822 429/823/823 428/821/821
f 413/824/824 430/825/825 429/823/823
f 414/826/826 431/827/827 430/825/825
f 430/825/825 413/824/824 414/826/826
f 429/823/823 412/822/822 413/824/824
f 428/821/821 411/820/820 412/822/822
f 427/819/819 410/818/818 411/820/820
f 426/817/817 409/816/816 410/818/818
f 425/815/815 407/814/814 409/816/816
f 424/813/813 408/812/812 407/814/814
f 424/813/813 423/811/811 406/810/810
f 423/811/811 422/809/809 405/808/808
f 422/809/809 421/807/807 404/806/806
f 421/807/807 420/805/805 403/804/804
f 420/805/805 419/803/803 402/802/802
f 419/803/803 418/801/801 401/800/800
f 418/801/801 417/799/799 400/798/798
f 417/799/799 416/797/797 399/796/796
f 416/797/797 415/795/795 398/794/794
f 415/795/795 432/828/828 397/793/793
f 433/829/829 432/830/830 415/831/831
f 434/832/832 415/831/831 416/833/833
f 435/834/834 416/833/833 417/835/835
f 436/836/836 417/835/835 418/837/837
f 437/838/838 418/837/837 419/839/839
f 438/840/840 419/839/839 420/841/841
f 439/842/842 420/841/841 421/843/843
f 440/844/844 421/843/843 422/845/845
f 441/846/846 422/845/845 423/847/847
f 442/848/848 423/847/847 424/849/849
f 443/850/850 444/851/851 424/849/849
f 445/852/852 443/850/850 425/853/853
f 446/854/854 445/852/852 426/855/855
f 447/856/856 446/854/854 427/857/857
f 448/858/858 447/856/856 428/859/859
f 449/860/860 448/858/858 429/861/861
f 450/862/862 449/860/860 430/863/863
f 430/863/863 431/864/864 450/862/862
f 429/861/861 430/863/863 449/860/860
f 428/859/859 429/861/861 448/858/858
f 427/857/857 428/859/859 447/856/856
f 426/855/855 427/857/857 446/854/854
f 425/853/853 426/855/855 445/852/852
f 424/849/849 425/853/853 443/850/850
f 424/849/849 444/851/851 442/848/848
f 423/847/847 442/848/848 441/846/846
f 422/845/845 441/846/846 440/844/844
f 421/843/843 440/844/844 439/842/842
f 420/841/841 439/842/842 438/840/840
f 419/839/839 438/840/840 437/838/838
f 418/837/837 437/838/838 436/836/836
f 417/835/835 436/836/836 435/834/834
f 416/833/833 435/834/834 434/832/832
f 415/831/831 434/832/832 433/829/829
f 433/865/865 434/866/866 451/867/867
f 434/866/866 435/868/868 452/869/869
f 435/868/868 436/870/870 453/871/871
f 436/870/870 437/872/872 454/873/873
f 437/872/872 438/874/874 455/875/875
f 438/874/874 439/876/876 456/877/877
f 439/876/876 440/878/878 457/879/879
f 440/878/878 441/880/880 458/881/881
f 441/880/880 442/882/882 459/883/883
f 442/882/882 444/884/884 460/885/885
f 443/886/886 461/887/887 460/885/885
f 445/888/888 462/889/889 461/887/887
f 446/890/890 463/891/891 462/889/889
f 447/892/892 464/893/893 463/891/891
f 448/894/894 465/895/895 464/893/893
f 449/896/896 466/897/897 465/895/895
f 450/898/898 467/899/899 466/897/897
f 466/897/897 449/896/896 450/898/898
f 465/895/895 448/894/894 449/896/896
f 464/893/893 447/892/892 448/894/894
f 463/891/891 446/890/890 447/892/892
f 462/889/889 445/888/888 446/890/890
f 461/887/887 443/886/886 445/888/888
f 460/885/885 444/884/884 443/886/886
f 460/885/885 459/883/883 442/882/882
f 459/883/883 458/881/881 441/880/880
f 458/881/881 457/879/879 440/878/878
f 457/879/879 456/877/877 439/876/876
f 456/877/877 455/875/875 438/874/874
f 455/875/875 454/873/873 437/872/872
f 454/873/873 453/871/871 436/870/870
f 453/871/871 452/869/869 435/868/868
f 452/869/869 451/867/867 434/866/866
f 451/867/867 468/900/900 433/865/865
f 469/901/901 468/902/902 451/903/903
f 470/904/904 451/903/903 452/905/905
f 471/906/906 452/905/905 453/907/907
f 472/908/908 453/907/907 454/909/909
f 473/910/910 454/909/909 455/911/911
f 474/912/912 455/911/911 456/913/913
f 475/914/914 456/913/913 457/915/915
f 476/916/916 457/915/915 458/917/917
f 477/918/918 458/917/917 459/919/919
f 478/920/920 459/919/919 460/921/921
f 479/922/922 480/923/923 460/921/921
f 481/924/924 479/922/922 461/925/925
f 482/926/926 481/924/924 462/927/927
f 483/928/928 482/926/926 463/929/929
f 484/930/930 483/928/928 464/931/931
f 485/932/932 484/930/930 465/933/933
f 486/934/934 485/932/932 466/935/935
f 466/935/935 467/936/936 486/934/934
f 465/933/933 466/935/935 485/932/932
f 464/931/931 465/933/933 484/930/930
f 463/929/929 464/931/931 483/928/928
f 462/927/927 463/929/929 482/926/926
f 461/925/925 462/927/927 481/924/924
f 460/921/921 461/925/925 479/922/922
f 460/921/921 480/923/923 478/920/920
f 459/919/919 478/920/920 477/918/918
f 458/917/917 477/918/918 476/916/916
f 457/915/915 476/916/916 475/914/914
f 456/913/913 475/914/914 474/912/912
f 455/911/911 474/912/912 473/910/910
f 454/909/909 473/910/910 472/908/908
f 453/907/907 472/908/908 471/906/906
f 452/905/905 471/906/906 470/904/904
f 451/903/903 470/904/904 469/901/901
f 469/937/937 470/938/938 487/939/939
f 470/938/938 471/940/940 488/941/941
f 471/940/940 472/942/942 489/943/943
f 472/942/942 473/944/944 490/945/945
f 473/944/944 474/946/946 491/947/947
f 474/946/946 475/948/948 492/949/949
f 475/948/948 476/950/950 493/951/951
f 476/950/950 477/952/952 494/953/953
f 477/952/952 478/954/954 495/955/955
f 478/954/954 480/956/956 496/957/957
f 479/958/958 497/959/959 496/957/957
f 481/960/960 498/961/961 497/959/959
f 482/962/962 499/963/963 498/961/961
f 483/964/964 500/965/965 499/963/963
f 484/966/966 501/967/967 500/965/965
f 485/968/968 502/969/969 501/967/967
f 486/970/970 503/971/971 502/969/969
f 502/969/969 485/968/968 486/970/970
f 501/967/967 484/966/966 485/968/968
f 500/965/965 483/964/964 484/966/966
f 499/963/963 482/962/962 483/964/964
f 498/961/961 481/960/960 482/962/962
f 497/959/959 479/958/958 481/960/960
f 496/957/957 480/956/956 479/958/958
f 496/957/957 495/955/955 478/954/954
f 495/955/955 494/953/953 477/952/952
f 494/953/953 493/951/951 476/950/950
f 493/951/951 492/949/949 475/948/948
f 492/949/949 491/947/947 474/946/946
f 491/947/947 490/945/945 473/944/944
f 490/945/945 489/943/943 472/942/942
f 489/943/943 488/941/941 471/940/940
f 488/941/941 487/939/939 470/938/938
f 487/939/939 504/972/972 469/937/937
f 505/973/973 504/974/974 487/975/975
f 506/976/976 487/975/975 488/977/977
f 507/978/978 488/977/977 489/979/979
f 508/980/980 489/979/979 490/981/981
f 509/982/982 490/981/981 491/983/983
f 510/984/984 491/983/983 492/985/985
f 511/986/986 492/985/985 493/987/987
f 512/988/988 493/987/987 494/989/989
f 513/990/990 494/989/989 495/991/991
f 514/992/992 495/991/991 496/993/993
f 515/994/994 516/995/995 496/993/993
f 517/996/996 515/994/994 497/997/997
f 518/998/998 517/996/996 498/999/999
f 519/1000/1000 518/998/998 499/1001/1001
f 520/1002/1002 519/1000/1000 500/1003/1003
f 521/1004/1004 520/1002/1002 501/1005/1005
f 522/1006/1006 521/1004/1004 502/1007/1007
f 502/1007/1007 503/1008/1008 522/1006/1006
f 501/1005/1005 502/1007/1007 521/1004/1004
f 500/1003/1003 501/1005/1005 520/1002/1002
f 499/1001/1001 500/1003/1003 519/1000/1000
f 498/999/999 499/1001/1001 518/998/998
f 497/997/997 498/999/999 517/996/996
f 496/993/993 497/997/997 515/994/994
f 496/993/993 516/995/995 514/992/992
f 495/991/991 514/992/992 513/990/990
f 494/989/989 513/990/990 512/988/988
f 493/987/987 512/988/988 511/986/986
f 492/985/985 511/986/986 510/984/984
f 491/983/983 510/984/984 509/982/982
f 490/981/981 509/982/982 508/980/980
f 489/979/979 508/980/980 507/978/978
f 488/977/977 507/978/978 506/976/976
f 487/975/975 506/976/976 505/973/973
f 505/1009/1009 506/1010/1010 523/1011/1011
f 506/1010/1010 507/1012/1012 524/1013/1013
f 507/1012/1012 508/1014/1014 525/1015/1015
f 508/1014/1014 509/1016/1016 526/1017/1017
f 509/1016/1016 510/1018/1018 527/1019/1019
f 510/1018/1018 511/1020/1020 528/1021/1021
f 511/1020/1020 512/1022/1022 529/1023/1023
f 512/1022/1022 513/1024/1024 530/1025/1025
f 513/1024/1024 514/1026/1026 531/1027/1027
f 514/1026/1026 516/1028/1028 532/1029/1029
f 515/1030/1030 533/1031/1031 532/1029/1029
f 517/1032/1032 534/1033/1033 533/1031/1031
f 518/1034/1034 535/1035/1035 534/1033/1033
f 519/1036/1036 536/1037/1037 535/1035/1035
f 520/1038/1038 537/1039/1039 536/1037/1037
f 521/1040/1040 538/1041/1041 537/1039/1039
f 522/1042/1042 539/1043/1043 538/1041/1041
f 538/1041/1041 521/1040/1040 522/1042/1042
f 537/1039/1039 520/1038/1038 521/1040/1040
f 536/1037/1037 519/1036/1036 520/1038/1038
f 535/1035/1035 518/1034/1034 519/1036/1036
f 534/1033/1033 517/1032/1032 518/1034/1034
f 533/1031/1031 515/1030/1030 517/1032/1032
f 532/1029/1029 516/1028/1028 515/1030/1030
f 532/1029/1029 531/1027/1027 514/1026/1026
f 531/1027/1027 530/1025/1025 513/1024/1024
f 530/1025/1025 529/1023/1023 512/1022/1022
f 529/1023/1023 528/1021/1021 511/1020/1020
f 528/1021/1021 527/1019/1019 510/1018/1018
f 527/1019/1019 526/1017/1017 509/1016/1016
f 526/1017/1017 525/1015/1015 508/1014/1014
f 525/1015/1015 524/1013/1013 507/1012/1012
f 524/1013/1013 523/1011/1011 506/1010/1010
f 523/1011/1011 540/1044/1044 505/1009/1009
f 541/1045/1045 540/1046/1046 523/1047/1047
f 542/1048/1048 523/1047/1047 524/1049/1049
f 543/1050/1050 524/1049/1049 525/1051/1051
f 544/1052/1052 525/1051/1051 526/1053/1053
f 545/1054/1054 526/1053/1053 527/1055/1055
f 546/1056/1056 527/1055/1055 528/1057/1057
f 547/1058/1058 528/1057/1057 529/1059/1059
f 548/1060/1060 529/1059/1059 530/1061/1061
f 549/1062/1062 530/1061/1061 531/1063/1063
f 550/1064/1064 531/1063/1063 532/1065/1065
f 551/1066/1066 552/1067/1067 532/1065/1065
f 553/1068/1068 551/1066/1066 533/1069/1069
f 554/1070/1070 553/1068/1068 534/1071/1071
f 555/1072/1072 554/1070/1070 535/1073/1073
f 556/1074/1074 555/1072/1072 536/1075/1075
f 557/1076/1076 556/1074/1074 537/1077/1077
f 558/1078/1078 557/1076/1076 538/1079/1079
f 538/1079/1079 539/1080/1080 558/1078/1078
f 537/1077/1077 538/1079/1079 557/1076/1076
f 536/1075/1075 537/1077/1077 556/1074/1074
f 535/1073/1073 536/1075/1075 555/1072/1072
f 534/1071/1071 535/1073/1073 554/1070/1070
f 533/1069/1069 534/1071/1071 553/1068/1068
f 532/1065/1065 533/1069/1069 551/1066/1066
f 532/1065/1065 552/1067/1067 550/1064/1064
f 531/1063/1063 550/1064/1064 549/1062/1062
f 530/1061/1061 549/1062/1062 548/1060/1060
f 529/1059/1059 548/1060/1060 547/1058/1058
f 528/1057/1057 547/1058/1058 546/1056/1056
f 527/1055/1055 546/1056/1056 545/1054/1054
f 526/1053/1053 545/1054/1054 544/1052/1052
f 525/1051/1051 544/1052/1052 543/1050/1050
f 524/1049/1049 543/1050/1050 542/1048/1048
f 523/1047/1047 542/1048/1048 541/1045/1045
f 541/1081/1081 542/1082/1082 559/1083/1083
f 542/1082/1082 543/1084/1084 560/1085/1085
f 543/1084/1084 544/1086/1086 561/1087/1087
f 544/1086/1086 545/1088/1088 562/1089/1089
f 545/1088/1088 546/1090/1090 563/1091/1091
f 546/1090/1090 547/1092/1092 564/1093/1093
f 547/1092/1092 548/1094/1094 565/1095/1095
f 548/1094/1094 549/1096/1096 566/1097/1097
f 549/1096/1096 550/1098/1098 567/1099/1099
f 550/1098/1098 552/1100/1100 568/1101/1101
f 551/1102/1102 569/1103/1103 568/1101/1101
f 553/1104/1104 570/1105/1105 569/1103/1103
f 554/1106/1106 571/1107/1107 570/1105/1105
f 555/1108/1108 572/1109/1109 571/1107/1107
f 556/1110/1110 573/1111/1111 572/1109/1109
f 557/1112/1112 574/1113/1113 573/1111/1111
f 558/1114/1114 575/1115/1115 574/1113/1113
f 574/1113/1113 557/1112/1112 558/1114/1114
f 573/1111/1111 556/1110/1110 557/1112/1112
f 572/1109/1109 555/1108/1108 556/1110/1110
f 571/1107/1107 554/1106/1106 555/1108/1108
f 570/1105/1105 553/1104/1104 554/1106/1106
f 569/1103/1103 551/1102/1102 553/1104/1104
f 568/1101/1101 552/1100/1100 551/1102/1102
f 568/1101/1101 567/1099/1099 550/1098/1098
f 567/1099/1099 566/1097/1097 549/1096/1096
f 566/1097/1097 565/1095/1095 548/1094/1094
f 565/1095/1095 564/1093/1093 547/1092/1092
f 564/1093/1093 563/1091/1091 546/1090/1090
f 563/1091/1091 562/1089/1089 545/1088/1088
f 562/1089/1089 561/1087/1087 544/1086/1086
f 561/1087/1087 560/1085/1085 543/1084/1084
f 560/1085/1085 559/1083/1083 542/1082/1082
f 559/1083/1083 576/1116/1116 541/1081/1081
f 577/1117/1117 576/1118/1118 559/1119/1119
f 578/1120/1120 559/1119/1119 560/1121/1121
f 579/1122/1122 560/1121/1121 561/1123/1123
f 580/1124/1124 561/1123/1123 562/1125/1125
f 581/1126/1126 562/1125/1125 563/1127/1127
f 582/1128/1128 563/1127/1127 564/1129/1129
f 583/1130/1130 564/1129/1129 565/1131/1131
f 584/1132/1132 565/1131/1131 566/1133/1133
f 585/1134/1134 566/1133/1133 567/1135/1135
f 586/1136/1136 567/1135/1135 568/1137/1137
f 587/1138/1138 588/1139/1139 568/1137/1137
f 589/1140/1140 587/1138/1138 569/1141/1141
f 590/1142/1142 589/1140/1140 570/1143/1143
f 591/1144/1144 590/1142/1142 571/1145/1145
f 592/1146/1146 591/1144/1144 572/1147/1147
f 593/1148/1148 592/1146/1146 573/1149/1149
f 594/1150/1150 593/1148/1148 574/1151/1151
f 574/1151/1151 575/1152/1152 594/1150/1150
f 573/1149/1149 574/1151/1151 593/1148/1148
f 572/1147/1147 573/1149/1149 592/1146/1146
f 571/1145/1145 572/1147/1147 591/1144/1144
f 570/1143/1143 571/1145/1145 590/1142/1142
f 569/1141/1141 570/1143/1143 589/1140/1140
f 568/1137/1137 569/1141/1141 587/1138/1138
f 568/1137/1137 588/1139/1139 586/1136/1136
f 567/1135/1135 586/1136/1136 585/1134/1134
f 566/1133/1133 585/1134/1134 584/1132/1132
f 565/1131/1131 584/1132/1132 583/1130/1130
f 564/1129/1129 583/1130/1130 582/1128/1128
f 563/1127/1127 582/1128/1128 581/1126/1126
f 562/1125/1125 581/1126/1126 580/1124/1124
f 561/1123/1123 580/1124/1124 579/1122/1122
f 560/1121/1121 579/1122/1122 578/1120/1120
f 559/1119/1119 578/1120/1120 577/1117/1117
f 577/1153/1153 578/1154/1154 595/1155/1155
f 578/1154/1154 579/1156/1156 596/1157/1157
f 579/1156/1156 580/1158/1158 597/1159/1159
f 580/1158/1158 581/1160/1160 598/1161/1161
f 581/1160/1160 582/1162/1162 599/1163/1163
f 582/1162/1162 583/1164/1164 600/1165/1165
f 583/1164/1164 584/1166/1166 601/1167/1167
f 584/1166/1166 585/1168/1168 602/1169/1169
f 585/1168/1168 586/1170/1170 603/1171/1171
f 586/1170/1170 588/1172/1172 604/1173/1173
f 587/1174/1174 605/1175/1175 604/1173/1173
f 589/1176/1176 606/1177/1177 605/1175/1175
f 590/1178/1178 607/1179/1179 606/1177/1177
f 591/1180/1180 608/1181/1181 607/1179/1179
f 592/1182/1182 609/1183/1183 608/1181/1181
f 593/1184/1184 610/1185/1185 609/1183/1183
f 594/1186/1186 611/1187/1187 610/1185/1185
f 610/1185/1185 593/1184/1184 594/1186/1186
f 609/1183/1183 592/1182/1182 593/1184/1184
f 608/1181/1181 591/1180/1180 592/1182/1182
f 607/1179/1179 590/1178/1178 591/1180/1180
f 606/1177/1177 589/1176/1176 590/1178/1178
f 605/1175/1175 587/1174/1174 589/1176/1176
f 604/1173/1173 588/1172/1172 587/1174/1174
f 604/1173/1173 603/1171/1171 586/1170/1170
f 603/1171/1171 602/1169/1169 585/1168/1168
f 602/1169/1169 601/1167/1167 584/1166/1166
f 601/1167/1167 600/1165/1165 583/1164/1164
f 600/1165/1165 599/1163/1163 582/1162/1162
f 599/1163/1163 598/1161/1161 581/1160/1160
f 598/1161/1161 597/1159/1159 580/1158/1158
f 597/1159/1159 596/1157/1157 579/1156/1156
f 596/1157/1157 595/1155/1155 578/1154/1154
f 595/1155/1155 612/1188/1188 577/1153/1153
f 613/1189/1189 612/1190/1190 595/1191/1191
f 614/1192/1192 595/1191/1191 596/1193/1193
f 615/1194/1194 596/1193/1193 597/1195/1195
f 616/1196/1196 597/1195/1195 598/1197/1197
f 617/1198/1198 598/1197/1197 599/1199/1199
f 618/1200/1200 599/1199/1199 600/1201/1201
f 619/1202/1202 600/1201/1201 601/1203/1203
f 620/1204/1204 601/1203/1203 602/1205/1205
f 621/1206/1206 602/1205/1205 603/1207/1207
f 622/1208/1208 603/1207/1207 604/1209/1209
f 623/1210/1210 624/1211/1211 604/1209/1209
f 625/1212/1212 623/1210/1210 605/1213/1213
f 626/1214/1214 625/1212/1212 606/1215/1215
f 627/1216/1216 626/1214/1214 607/1217/1217
f 628/1218/1218 627/1216/1216 608/1219/1219
f 629/1220/1220 628/1218/1218 609/1221/1221
f 630/1222/1222 629/1220/1220 610/1223/1223
f 610/1223/1223 611/1224/1224 630/1222/1222
f 609/1221/1221 610/1223/1223 629/1220/1220
f 608/1219/1219 609/1221/1221 628/1218/1218
f 607/1217/1217 608/1219/1219 627/1216/1216
f 606/1215/1215 607/1217/1217 626/1214/1214
f 605/1213/1213 606/1215/1215 625/1212/1212
f 604/1209/1209 605/1213/1213 623/1210/1210
f 604/1209/1209 624/1211/1211 622/1208/1208
f 603/1207/1207 622/1208/1208 621/1206/1206
f 602/1205/1205 621/1206/1206 620/1204/1204
f 601/1203/1203 620/1204/1204 619/1202/1202
f 600/1201/1201 619/1202/1202 618/1200/1200
f 599/1199/1199 618/1200/1200 617/1198/1198
f 598/1197/1197 617/1198/1198 616/1196/1196
f 597/1195/1195 616/1196/1196 615/1194/1194
f 596/1193/1193 615/1194/1194 614/1192/1192
f 595/1191/1191 614/1192/1192 613/1189/1189
f 613/1225/1225 614/1226/1226 631/1227/1227
f 614/1226/1226 615/1228/1228 632/1229/1229
f 615/1228/1228 616/1230/1230 633/1231/1231
f 616/1230/1230 617/1232/1232 634/1233/1233
f 617/1232/1232 618/1234/1234 635/1235/1235
f 618/1234/1234 619/1236/1236 636/1237/1237
f 619/1236/1236 620/1238/1238 637/1239/1239
f 620/1238/1238 621/1240/1240 638/1241/1241
f 621/1240/1240 622/1242/1242 639/1243/1243
f 622/1242/1242 624/1244/1244 640/1245/1245
f 623/1246/1246 641/1247/1247 640/1245/1245
f 625/1248/1248 642/1249/1249 641/1247/1247
f 626/1250/1250 643/1251/1251 642/1249/1249
f 627/1252/1252 644/1253/1253 643/1251/1251
f 628/1254/1254 645/1255/1255 644/1253/1253
f 629/1256/1256 646/1257/1257 645/1255/1255
f 630/1258/1258 647/1259/1259 646/1257/1257
f 646/1257/1257 629/1256/1256 630/1258/1258
f 645/1255/1255 628/1254/1254 629/1256/1256
f 644/1253/1253 627/1252/1252 628/1254/1254
f 643/1251/1251 626/1250/1250 627/1252/1252
f 642/1249/1249 625/1248/1248 626/1250/1250
f 641/1247/1247 623/1246/1246 625/1248/1248
f 640/1245/1245 624/1244/1244 623/1246/1246
f 640/1245/1245 639/1243/1243 622/1242/1242
f 639/1243/1243 638/1241/1241 621/1240/1240
f 638/1241/1241 637/1239/1239 620/1238/1238
f 637/1239/1239 636/1237/1237 619/1236/1236
f 636/1237/1237 635/1235/1235 618/1234/1234
f 635/1235/1235 634/1233/1233 617/1232/1232
f 634/1233/1233 633/1231/1231 616/1230/1230
f 633/1231/1231 632/1229/1229 615/1228/1228
f 632/1229/1229 631/1227/1227 614/1226/1226
f 631/1227/1227 648/1260/1260 613/1225/1225
f 649/1261/1261 648/1262/1262 631/1263/1263
f 650/1264/1264 631/1263/1263 632/1265/1265
f 651/1266/1266 632/1265/1265 633/1267/1267
f 652/1268/1268 633/1267/1267 634/1269/1269
f 653/1270/1270 634/1269/1269 635/1271/1271
f 654/1272/1272 635/1271/1271 636/1273/1273
f 655/1274/1274 636/1273/1273 637/1275/1275
f 656/1276/1276 637/1275/1275 638/1277/1277
f 657/1278/1278 638/1277/1277 639/1279/1279
f 658/1280/1280 639/1279/1279 640/1281/1281
f 659/1282/1282 660/1283/1283 640/1281/1281
f 661/1284/1284 659/1282/1282 641/1285/1285
f 662/1286/1286 661/1284/1284 642/1287/1287
f 663/1288/1288 662/1286/1286 643/1289/1289
f 664/1290/1290 663/1288/1288 644/1291/1291
f 665/1292/1292 664/1290/1290 645/1293/1293
f 666/1294/1294 665/1292/1292 646/1295/1295
f 646/1295/1295 647/1296/1296 666/1294/1294
f 645/1293/1293 646/1295/1295 665/1292/1292
f 644/1291/1291 645/1293/1293 664/1290/1290
f 643/1289/1289 644/1291/1291 663/1288/1288
f 642/1287/1287 643/1289/1289 662/1286/1286
f 641/1285/1285 642/1287/1287 661/1284/1284
f 640/1281/1281 641/1285/1285 659/1282/1282
f 640/1281/1281 660/1283/1283 658/1280/1280
f 639/1279/1279 658/1280/1280 657/1278/1278
f 638/1277/1277 657/1278/1278 656/1276/1276
f 637/1275/1275 656/1276/1276 655/1274/1274
f 636/1273/1273 655/1274/1274 654/1272/1272
f 635/1271/1271 654/1272/1272 653/1270/1270
f 634/1269/1269 653/1270/1270 652/1268/1268
f 633/1267/1267 652/1268/1268 651/1266/1266
f 632/1265/1265 651/1266/1266 650/1264/1264
f 631/1263/1263 650/1264/1264 649/1261/1261
f 649/1297/1297 650/1298/1298 667/1299/1299
f 650/1298/1298 651/1300/1300 668/1301/1301
f 651/1300/1300 652/1302/1302 669/1303/1303
f 652/1302/1302 653/1304/1304 670/1305/1305
f 653/1304/1304 654/1306/1306 671/1307/1307
f 654/1306/1306 655/1308/1308 672/1309/1309
f 655/1308/1308 656/1310/1310 673/1311/1311
f 656/1310/1310 657/1312/1312 674/1313/1313
f 657/1312/1312 658/1314/1314 675/1315/1315
f 658/1314/1314 660/1316/1316 676/1317/1317
f 659/1318/1318 677/1319/1319 676/1317/1317
f 661/1320/1320 678/1321/1321 677/1319/1319
f 662/1322/1322 679/1323/1323 678/1321/1321
f 663/1324/1324 680/1325/1325 679/1323/1323
f 664/1326/1326 681/1327/1327 680/1325/1325
f 665/1328/1328 682/1329/1329 681/1327/1327
f 666/1330/1330 683/1331/1331 682/1329/1329
f 682/1329/1329 665/1328/1328 666/1330/1330
f 681/1327/1327 664/1326/1326 665/1328/1328
f 680/1325/1325 663/1324/1324 664/1326/1326
f 679/1323/1323 662/1322/1322 663/1324/1324
f 678/1321/1321 661/1320/1320 662/1322/1322
f 677/1319/1319 659/1318/1318 661/1320/1320
f 676/1317/1317 660/1316/1316 659/1318/1318
f 676/1317/1317 675/1315/1315 658/1314/1314
f 675/1315/1315 674/1313/1313 657/1312/1312
f 674/1313/1313 673/1311/1311 656/1310/1310
f 673/1311/1311 672/1309/1309 655/1308/1308
f 672/1309/1309 671/1307/1307 654/1306/1306
f 671/1307/1307 670/1305/1305 653/1304/1304
f 670/1305/1305 669/1303/1303 652/1302/1302
f 669/1303/1303 668/1301/1301 651/1300/1300
f 668/1301/1301 667/1299/1299 650/1298/1298
f 667/1299/1299 684/1332/1332 649/1297/1297
f 685/1333/1333 684/1334/1334 667/1335/1335
f 686/1336/1336 667/1335/1335 668/1337/1337
f 687/1338/1338 668/1337/1337 669/1339/1339
f 688/1340/1340 669/1339/1339 670/1341/1341
f 689/1342/1342 670/1341/1341 671/1343/1343
f 690/1344/1344 671/1343/1343 672/1345/1345
f 691/1346/1346 672/1345/1345 673/1347/1347
f 692/1348/1348 673/1347/1347 674/1349/1349
f 693/1350/1350 674/1349/1349 675/1351/1351
f 694/1352/1352 675/1351/1351 676/1353/1353
f 695/1354/1354 696/1355/1355 676/1353/1353
f 697/1356/1356 695/1354/1354 677/1357/1357
f 698/1358/1358 697/1356/1356 678/1359/1359
f 699/1360/1360 698/1358/1358 679/1361/1361
f 700/1362/1362 699/1360/1360 680/1363/1363
f 701/1364/1364 700/1362/1362 681/1365/1365
f 702/1366/1366 701/1364/1364 682/1367/1367
f 682/1367/1367 683/1368/1368 702/1366/1366
f 681/1365/1365 682/1367/1367 701/1364/1364
f 680/1363/1363 681/1365/1365 700/1362/1362
f 679/1361/1361 680/1363/1363 699/1360/1360
f 678/1359/1359 679/1361/1361 698/1358/1358
f 677/1357/1357 678/1359/1359 697/1356/1356
f 676/1353/1353 677/1357/1357 695/1354/1354
f 676/1353/1353 696/1355/1355 694/1352/1352
f 675/1351/1351 694/1352/1352 693/1350/1350
f 674/1349/1349 693/1350/1350 692/1348/1348
f 673/1347/1347 692/1348/1348 691/1346/1346
f 672/1345/1345 691/1346/1346 690/1344/1344
f 671/1343/1343 690/1344/1344 689/1342/1342
f 670/1341/1341 689/1342/1342 688/1340/1340
f 669/1339/1339 688/1340/1340 687/1338/1338
f 668/1337/1337 687/1338/1338 686/1336/1336
f 667/1335/1335 686/1336/1336 685/1333/1333
f 685/1369/1369 686/1370/1370 703/1371/1371
f 686/1370/1370 687/1372/1372 704/1373/1373
f 687/1372/1372 688/1374/1374 705/1375/1375
f 688/1374/1374 689/1376/1376 706/1377/1377
f 689/1376/1376 690/1378/1378 707/1379/1379
f 690/1378/1378 691/1380/1380 708/1381/1381
f 691/1380/1380 692/1382/1382 709/1383/1383
f 692/1382/1382 693/1384/1384 710/1385/1385
f 693/1384/1384 694/1386/1386 711/1387/1387
f 694/1386/1386 696/1388/1388 712/1389/1389
f 695/1390/1390 713/1391/1391 712/1389/1389
f 697/1392/1392 714/1393/1393 713/1391/1391
f 698/1394/1394 715/1395/1395 714/1393/1393
f 699/1396/1396 716/1397/1397 715/1395/1395
f 700/1398/1398 717/1399/1399 716/1397/1397
f 701/1400/1400 718/1401/1401 717/1399/1399
f 702/1402/1402 719/1403/1403 718/1401/1401
f 718/1401/1401 701/1400/1400 702/1402/1402
f 717/1399/1399 700/1398/1398 701/1400/1400
f 716/1397/1397 699/1396/1396 700/1398/1398
f 715/1395/1395 698/1394/1394 699/1396/1396
f 714/1393/1393 697/1392/1392 698/1394/1394
f 713/1391/1391 695/1390/1390 697/1392/1392
f 712/1389/1389 696/1388/1388 695/1390/1390
f 712/1389/1389 711/1387/1387 694/1386/1386
f 711/1387/1387 710/1385/1385 693/1384/1384
f 710/1385/1385 709/1383/1383 692/1382/1382
f 709/1383/1383 708/1381/1381 691/1380/1380
f 708/1381/1381 707/1379/1379 690/1378/1378
f 707/1379/1379 706/1377/1377 689/1376/1376
f 706/1377/1377 705/1375/1375 688/1374/1374
f 705/1375/1375 704/1373/1373 687/1372/1372
f 704/1373/1373 703/1371/1371 686/1370/1370
f 703/1371/1371 720/1404/1404 685/1369/1369
f 721/1405/1405 720/1406/1406 703/1407/1407
f 722/1408/1408 703/1407/1407 704/1409/1409
f 723/1410/1410 704/1409/1409 705/1411/1411
f 724/1412/1412 705/1411/1411 706/1413/1413
f 725/1414/1414 706/1413/1413 707/1415/1415
f 726/1416/1416 707/1415/1415 708/1417/1417
f 727/1418/1418 708/1417/1417 709/1419/1419
f 728/1420/1420 709/1419/1419 710/1421/1421
f 729/1422/1422 710/1421/1421 711/1423/1423
f 730/1424/1424 711/1423/1423 712/1425/1425
f 731/1426/1426 732/1427/1427 712/1425/1425
f 733/1428/1428 731/1426/1426 713/1429/1429
f 734/1430/1430 733/1428/1428 714/1431/1431
f 735/1432/1432 734/1430/1430 715/1433/1433
f 736/1434/1434 735/1432/1432 716/1435/1435
f 737/1436/1436 736/1434/1434 717/1437/1437
f 738/1438/1438 737/1436/1436 718/1439/1439
f 718/1439/1439 719/1440/1440 738/1438/1438
f 717/1437/1437 718/1439/1439 737/1436/1436
f 716/1435/1435 717/1437/1437 736/1434/1434
f 715/1433/1433 716/1435/1435 735/1432/1432
f 714/1431/1431 715/1433/1433 734/1430/1430
f 713/1429/1429 714/1431/1431 733/1428/1428
f 712/1425/1425 713/1429/1429 731/1426/1426
f 712/1425/1425 732/1427/1427 730/1424/1424
f 711/1423/1423 730/1424/1424 729/1422/1422
f 710/1421/1421 729/1422/1422 728/1420/1420
f 709/1419/1419 728/1420/1420 727/1418/1418
f 708/1417/1417 727/1418/1418 726/1416/1416
f 707/1415/1415 726/1416/1416 725/1414/1414
f 706/1413/1413 725/1414/1414 724/1412/1412
f 705/1411/1411 724/1412/1412 723/1410/1410
f 704/1409/1409 723/1410/1410 722/1408/1408
f 703/1407/1407 722/1408/1408 721/1405/1405
f 721/1441/1441 722/1442/1442 739/1443/1443
f 722/1442/1442 723/1444/1444 740/1445/1445
f 723/1444/1444 724/1446/1446 741/1447/1447
f 724/1446/1446 725/1448/1448 742/1449/1449
f 725/1448/1448 726/1450/1450 743/1451/1451
f 726/1450/1450 727/1452/1452 744/1453/1453
f 727/1452/1452 728/1454/1454 745/1455/1455
f 728/1454/1454 729/1456/1456 746/1457/1457
f 729/1456/1456 730/1458/1458 747/1459/1459
f 730/1458/1458 732/1460/1460 748/1461/1461
f 731/1462/1462 749/1463/1463 748/1461/1461
f 733/1464/1464 750/1465/1465 749/1463/1463
f 734/1466/1466 751/1467/1467 750/1465/1465
f 735/1468/1468 752/1469/1469 751/1467/1467
f 736/1470/1470 753/1471/1471 752/1469/1469
f 737/1472/1472 754/1473/1473 753/1471/1471
f 738/1474/1474 755/1475/1475 754/1473/1473
f 754/1473/1473 737/1472/1472 738/1474/1474
f 753/1471/1471 736/1470/1470 737/1472/1472
f 752/1469/1469 735/1468/1468 736/1470/1470
f 751/1467/1467 734/1466/1466 735/1468/1468
f 750/1465/1465 733/1464/1464 734/1466/1466
f 749/1463/1463 731/1462/1462 733/1464/1464
f 748/1461/1461 732/1460/1460 731/1462/1462
f 748/1461/1461 747/1459/1459 730/1458/1458
f 747/1459/1459 746/1457/1457 729/1456/1456
f 746/1457/1457 745/1455/1455 728/1454/1454
f 745/1455/1455 744/1453/1453 727/1452/1452
f 744/1453/1453 743/1451/1451 726/1450/1450
f 743/1451/1451 742/1449/1449 725/1448/1448
f 742/1449/1449 741/1447/1447 724/1446/1446
f 741/1447/1447 740/1445/1445 723/1444/1444
f 740/1445/1445 739/1443/1443 722/1442/1442
f 739/1443/1443 756/1476/1476 721/1441/1441
f 757/1477/1477 756/1478/1478 739/1479/1479
f 758/1480/1480 739/1479/1479 740/1481/1481
f 759/1482/1482 740/1481/1481 741/1483/1483
f 760/1484/1484 741/1483/1483 742/1485/1485
f 761/1486/1486 742/1485/1485 743/1487/1487
f 762/1488/1488 743/1487/1487 744/1489/1489
f 763/1490/1490 744/1489/1489 745/1491/1491
f 764/1492/1492 745/1491/1491 746/1493/1493
f 765/1494/1494 746/1493/1493 747/1495/1495
f 766/1496/1496 747/1495/1495 748/1497/1497
f 767/1498/1498 768/1499/1499 748/1497/1497
f 769/1500/1500 767/1498/1498 749/1501/1501
f 770/1502/1502 769/1500/1500 750/1503/1503
f 771/1504/1504 770/1502/1502 751/1505/1505
f 772/1506/1506 771/1504/1504 752/1507/1507
f 773/1508/1508 772/1506/1506 753/1509/1509
f 774/1510/1510 773/1508/1508 754/1511/1511
f 754/1511/1511 755/1512/1512 774/1510/1510
f 753/1509/1509 754/1511/1511 773/1508/1508
f 752/1507/1507 753/1509/1509 772/1506/1506
f 751/1505/1505 752/1507/1507 771/1504/1504
f 750/1503/1503 751/1505/1505 770/1502/1502
f 749/1501/1501 750/1503/1503 769/1500/1500
f 748/1497/1497 749/1501/1501 767/1498/1498
f 748/1497/1497 768/1499/1499 766/1496/1496
f 747/1495/1495 766/1496/1496 765/1494/1494
f 746/1493/1493 765/1494/1494 764/1492/1492
f 745/1491/1491 764/1492/1492 763/1490/1490
f 744/1489/1489 763/1490/1490 762/1488/1488
f 743/1487/1487 762/1488/1488 761/1486/1486
f 742/1485/1485 761/1486/1486 760/1484/1484
f 741/1483/1483 760/1484/1484 759/1482/1482
f 740/1481/1481 759/1482/1482 758/1480/1480
f 739/1479/1479 758/1480/1480 757/1477/1477
f 757/1513/1513 758/1514/1514 775/1515/1515
f 758/1514/1514 759/1516/1516 776/1517/1517
f 759/1516/1516 760/1518/1518 777/1519/1519
f 760/1518/1518 761/1520/1520 778/1521/1521
f 761/1520/1520 762/1522/1522 779/1523/1523
f 762/1522/1522 763/1524/1524 780/1525/1525
f 763/1524/1524 764/1526/1526 781/1527/1527
f 764/1526/1526 765/1528/1528 782/1529/1529
f 765/1528/1528 766/1530/1530 783/1531/1531
f 766/1530/1530 768/1532/1532 784/1533/1533
f 767/1534/1534 785/1535/1535 784/1533/1533
f 769/1536/1536 786/1537/1537 785/1535/1535
f 770/1538/1538 787/1539/1539 786/1537/1537
f 771/1540/1540 788/1541/1541 787/1539/1539
f 772/1542/1542 789/1543/1543 788/1541/1541
f 773/1544/1544 790/1545/1545 789/1543/1543
f 774/1546/1546 791/1547/1547 790/1545/1545
f 790/1545/1545 773/1544/1544 774/1546/1546
f 789/1543/1543 772/1542/1542 773/1544/1544
f 788/1541/1541 771/1540/1540 772/1542/1542
f 787/1539/1539 770/1538/1538 771/1540/1540
f 786/1537/1537 769/1536/1536 770/1538/1538
f 785/1535/1535 767/1534/1534 769/1536/1536
f 784/1533/1533 768/1532/1532 767/1534/1534
f 784/1533/1533 783/1531/1531 766/1530/1530
f 783/1531/1531 782/1529/1529 765/1528/1528
f 782/1529/1529 781/1527/1527 764/1526/1526
f 781/1527/1527 780/1525/1525 763/1524/1524
f 780/1525/1525 779/1523/1523 762/1522/1522
f 779/1523/1523 778/1521/1521 761/1520/1520
f 778/1521/1521 777/1519/1519 760/1518/1518
f 777/1519/1519 776/1517/1517 759/1516/1516
f 776/1517/1517 775/1515/1515 758/1514/1514
f 775/1515/1515 792/1548/1548 757/1513/1513
f 793/1549/1549 792/1550/1550 775/1551/1551
f 794/1552/1552 775/1551/1551 776/1553/1553
f 795/1554/1554 776/1553/1553 777/1555/1555
f 796/1556/1556 777/1555/1555 778/1557/1557
f 797/1558/1558 778/1557/1557 779/1559/1559
f 798/1560/1560 779/1559/1559 780/1561/1561
f 799/1562/1562 780/1561/1561 781/1563/1563
f 800/1564/1564 781/1563/1563 782/1565/1565
f 801/1566/1566 782/1565/1565 783/1567/1567
f 802/1568/1568 783/1567/1567 784/1569/1569
f 803/1570/1570 804/1571/1571 784/1569/1569
f 805/1572/1572 803/1570/1570 785/1573/1573
f 806/1574/1574 805/1572/1572 786/1575/1575
f 807/1576/1576 806/1574/1574 787/1577/1577
f 808/1578/1578 807/1576/1576 788/1579/1579
f 809/1580/1580 808/1578/1578 789/1581/1581
f 810/1582/1582 809/1580/1580 790/1583/1583
f 790/1583/1583 791/1584/1584 810/1582/1582
f 789/1581/1581 790/1583/1583 809/1580/1580
f 788/1579/1579 789/1581/1581 808/1578/1578
f 787/1577/1577 788/1579/1579 807/1576/1576
f 786/1575/1575 787/1577/1577 806/1574/1574
f 785/1573/1573 786/1575/1575 805/1572/1572
f 784/1569/1569 785/1573/1573 803/1570/1570
f 784/1569/1569 804/1571/1571 802/1568/1568
f 783/1567/1567 802/1568/1568 801/1566/1566
f 782/1565/1565 801/1566/1566 800/1564/1564
f 781/1563/1563 800/1564/1564 799/1562/1562
f 780/1561/1561 799/1562/1562 798/1560/1560
f 779/1559/1559 798/1560/1560 797/1558/1558
f 778/1557/1557 797/1558/1558 796/1556/1556
f 777/1555/1555 796/1556/1556 795/1554/1554
f 776/1553/1553 795/1554/1554 794/1552/1552
f 775/1551/1551 794/1552/1552 793/1549/1549
f 793/1585/1585 794/1586/1586 811/1587/1587
f 794/1586/1586 795/1588/1588 812/1589/1589
f 795/1588/1588 796/1590/1590 813/1591/1591
f 796/1590/1590 797/1592/1592 814/1593/1593
f 797/1592/1592 798/1594/1594 815/1595/1595
f 798/1594/1594 799/1596/1596 816/1597/1597
f 799/1596/1596 800/1598/1598 817/1599/1599
f 800/1598/1598 801/1600/1600 818/1601/1601
f 801/1600/1600 802/1602/1602 819/1603/1603
f 802/1602/1602 804/1604/1604 820/1605/1605
f 803/1606/1606 821/1607/1607 820/1605/1605
f 805/1608/1608 822/1609/1609 821/1607/1607
f 806/1610/1610 823/1611/1611 822/1609/1609
f 807/1612/1612 824/1613/1613 823/1611/1611
f 808/1614/1614 825/1615/1615 824/1613/1613
f 809/1616/1616 826/1617/1617 825/1615/1615
f 810/1618/1618 827/1619/1619 826/1617/1617
f 826/1617/1617 809/1616/1616 810/1618/1618
f 825/1615/1615 808/1614/1614 809/1616/1616
f 824/1613/1613 807/1612/1612 808/1614/1614
f 823/1611/1611 806/1610/1610 807/1612/1612
f 822/1609/1609 805/1608/1608 806/1610/1610
f 821/1607/1607 803/1606/1606 805/1608/1608
f 820/1605/1605 804/1604/1604 803/1606/1606
f 820/1605/1605 819/1603/1603 802/1602/1602
f 819/1603/1603 818/1601/1601 801/1600/1600
f 818/1601/1601 817/1599/1599 800/1598/1598
f 817/1599/1599 816/1597/1597 799/1596/1596
f 816/1597/1597 815/1595/1595 798/1594/1594
f 815/1595/1595 814/1593/1593 797/1592/1592
f 814/1593/1593 813/1591/1591 796/1590/1590
f 813/1591/1591 812/1589/1589 795/1588/1588
f 812/1589/1589 811/1587/1587 794/1586/1586
f 811/1587/1587 828/1620/1620 793/1585/1585
f 829/1621/1621 828/1622/1622 811/1623/1623
f 830/1624/1624 811/1623/1623 812/1625/1625
f 831/1626/1626 812/1625/1625 813/1627/1627
f 832/1628/1628 813/1627/1627 814/1629/1629
f 833/1630/1630 814/1629/1629 815/1631/1631
f 834/1632/1632 815/1631/1631 816/1633/1633
f 835/1634/1634 816/1633/1633 817/1635/1635
f 836/1636/1636 817/1635/1635 818/1637/1637
f 837/1638/1638 818/1637/1637 819/1639/1639
f 838/1640/1640 819/1639/1639 820/1641/1641
f 839/1642/1642 840/1643/1643 820/1641/1641
f 841/1644/1644 839/1642/1642 821/1645/1645
f 842/1646/1646 841/1644/1644 822/1647/1647
f 843/1648/1648 842/1646/1646 823/1649/1649
f 844/1650/1650 843/1648/1648 824/1651/1651
f 845/1652/1652 844/1650/1650 825/1653/1653
f 846/1654/1654 845/1652/1652 826/1655/1655
f 826/1655/1655 827/1656/1656 846/1654/1654
f 825/1653/1653 826/1655/1655 845/1652/1652
f 824/1651/1651 825/1653/1653 844/1650/1650
f 823/1649/1649 824/1651/1651 843/1648/1648
f 822/1647/1647 823/1649/1649 842/1646/1646
f 821/1645/1645 822/1647/1647 841/1644/1644
f 820/1641/1641 821/1645/1645 839/1642/1642
f 820/1641/1641 840/1643/1643 838/1640/1640
f 819/1639/1639 838/1640/1640 837/1638/1638
f 818/1637/1637 837/1638/1638 836/1636/1636
f 817/1635/1635 836/1636/1636 835/1634/1634
f 816/1633/1633 835/1634/1634 834/1632/1632
f 815/1631/1631 834/1632/1632 833/1630/1630
f 814/1629/1629 833/1630/1630 832/1628/1628
f 813/1627/1627 832/1628/1628 831/1626/1626
f 812/1625/1625 831/1626/1626 830/1624/1624
f 811/1623/1623 830/1624/1624 829/1621/1621
f 829/1657/1657 830/1658/1658 847/1659/1659
f 830/1658/1658 831/1660/1660 848/1661/1661
f 831/1660/1660 832/1662/1662 849/1663/1663
f 832/1662/1662 833/1664/1664 850/1665/1665
f 833/1664/1664 834/1666/1666 851/1667/1667
f 834/1666/1666 835/1668/1668 852/1669/1669
f 835/1668/1668 836/1670/1670 853/1671/1671
f 836/1670/1670 837/1672/1672 854/1673/1673
f 837/1672/1672 838/1674/1674 855/1675/1675
f 838/1674/1674 840/1676/1676 856/1677/1677
f 839/1678/1678 857/1679/1679 856/1677/1677
f 841/1680/1680 858/1681/1681 857/1679/1679
f 842/1682/1682 859/1683/1683 858/1681/1681
f 843/1684/1684 860/1685/1685 859/1683/1683
f 844/1686/1686 861/1687/1687 860/1685/1685
f 845/1688/1688 862/1689/1689 861/1687/1687
f 846/1690/1690 863/1691/1691 862/1689/1689
f 862/1689/1689 845/1688/1688 846/1690/1690
f 861/1687/1687 844/1686/1686 845/1688/1688
f 860/1685/1685 843/1684/1684 844/1686/1686
f 859/1683/1683 842/1682/1682 843/1684/1684
f 858/1681/1681 841/1680/1680 842/1682/1682
f 857/1679/1679 839/1678/1678 841/1680/1680
f 856/1677/1677 840/1676/1676 839/1678/1678
f 856/1677/1677 855/1675/1675 838/1674/1674
f 855/1675/1675 854/1673/1673 837/1672/1672
f 854/1673/1673 853/1671/1671 836/1670/1670
f 853/1671/1671 852/1669/1669 835/1668/1668
f 852/1669/1669 851/1667/1667 834/1666/1666
f 851/1667/1667 850/1665/1665 833/1664/1664
f 850/1665/1665 849/1663/1663 832/1662/1662
f 849/1663/1663 848/1661/1661 831/1660/1660
f 848/1661/1661 847/1659/1659 830/1658/1658
f 847/1659/1659 864/1692/1692 829/1657/1657
f 865/1693/1693 864/1694/1694 847/1695/1695
f 866/1696/1696 847/1695/1695 848/1697/1697
f 867/1698/1698 848/1697/1697 849/1699/1699
f 868/1700/1700 849/1699/1699 850/1701/1701
f 869/1702/1702 850/1701/1701 851/1703/1703
f 870/1704/1704 851/1703/1703 852/1705/1705
f 871/1706/1706 852/1705/1705 853/1707/1707
f 872/1708/1708 853/1707/1707 854/1709/1709
f 873/1710/1710 854/1709/1709 855/1711/1711
f 874/1712/1712 855/1711/1711 856/1713/1713
f 875/1714/1714 876/1715/1715 856/1713/1713
f 877/1716/1716 875/1714/1714 857/1717/1717
f 878/1718/1718 877/1716/1716 858/1719/1719
f 879/1720/1720 878/1718/1718 859/1721/1721
f 880/1722/1722 879/1720/1720 860/1723/1723
f 881/1724/1724 880/1722/1722 861/1725/1725
f 882/1726/1726 881/1724/1724 862/1727/1727
f 862/1727/1727 863/1728/1728 882/1726/1726
f 861/1725/1725 862/1727/1727 881/1724/1724
f 860/1723/1723 861/1725/1725 880/1722/1722
f 859/1721/1721 860/1723/1723 879/1720/1720
f 858/1719/1719 859/1721/1721 878/1718/1718
f 857/1717/1717 858/1719/1719 877/1716/1716
f 856/1713/1713 857/1717/1717 875/1714/1714
f 856/1713/1713 876/1715/1715 874/1712/1712
f 855/1711/1711 874/1712/1712 873/1710/1710
f 854/1709/1709 873/1710/1710 872/1708/1708
f 853/1707/1707 872/1708/1708 871/1706/1706
f 852/1705/1705 871/1706/1706 870/1704/1704
f 851/1703/1703 870/1704/1704 869/1702/1702
f 850/1701/1701 869/1702/1702 868/1700/1700
f 849/1699/1699 868/1700/1700 867/1698/1698
f 848/1697/1697 867/1698/1698 866/1696/1696
f 847/1695/1695 866/1696/1696 865/1693/1693
f 865/1729/1729 866/1730/1730 883/1731/1731
f 866/1730/1730 867/1732/1732 884/1733/1733
f 867/1732/1732 868/1734/1734 885/1735/1735
f 868/1734/1734 869/1736/1736 886/1737/1737
f 869/1736/1736 870/1738/1738 887/1739/1739
f 870/1738/1738 871/1740/1740 888/1741/1741
f 871/1740/1740 872/1742/1742 889/1743/1743
f 872/1742/1742 873/1744/1744 890/1745/1745
f 873/1744/1744 874/1746/1746 891/1747/1747
f 874/1746/1746 876/1748/1748 892/1749/1749
f 875/1750/1750 893/1751/1751 892/1749/1749
f 877/1752/1752 894/1753/1753 893/1751/1751
f 878/1754/1754 895/1755/1755 894/1753/1753
f 879/1756/1756 896/1757/1757 895/1755/1755
f 880/1758/1758 897/1759/1759 896/1757/1757
f 881/1760/1760 898/1761/1761 897/1759/1759
f 882/1762/1762 899/1763/1763 898/1761/1761
f 898/1761/1761 881/1760/1760 882/1762/1762
f 897/1759/1759 880/1758/1758 881/1760/1760
f 896/1757/1757 879/1756/1756 880/1758/1758
f 895/1755/1755 878/1754/1754 879/1756/1756
f 894/1753/1753 877/1752/1752 878/1754/1754
f 893/1751/1751 875/1750/1750 877/1752/1752
f 892/1749/1749 876/1748/1748 875/1750/1750
f 892/1749/1749 891/1747/1747 874/1746/1746
f 891/1747/1747 890/1745/1745 873/1744/1744
f 890/1745/1745 889/1743/1743 872/1742/1742
f 889/1743/1743 888/1741/1741 871/1740/1740
f 888/1741/1741 887/1739/1739 870/1738/1738
f 887/1739/1739 886/1737/1737 869/1736/1736
f 886/1737/1737 885/1735/1735 868/1734/1734
f 885/1735/1735 884/1733/1733 867/1732/1732
f 884/1733/1733 883/1731/1731 866/1730/1730
f 883/1731/1731 900/1764/1764 865/1729/1729
f 901/1765/1765 900/1766/1766 883/1767/1767
f 902/1768/1768 883/1767/1767 884/1769/1769
f 903/1770/1770 884/1769/1769 885/1771/1771
f 904/1772/1772 885/1771/1771 886/1773/1773
f 905/1774/1774 886/1773/1773 887/1775/1775
f 906/1776/1776 887/1775/1775 888/1777/1777
f 907/1778/1778 888/1777/1777 889/1779/1779
f 908/1780/1780 889/1779/1779 890/1781/1781
f 909/1782/1782 890/1781/1781 891/1783/1783
f 910/1784/1784 891/1783/1783 892/1785/1785
f 911/1786/1786 912/1787/1787 892/1785/1785
f 913/1788/1788 911/1786/1786 893/1789/1789
f 914/1790/1790 913/1788/1788 894/1791/1791
f 915/1792/1792 914/1790/1790 895/1793/1793
f 916/1794/1794 915/1792/1792 896/1795/1795
f 917/1796/1796 916/1794/1794 897/1797/1797
f 918/1798/1798 917/1796/1796 898/1799/1799
f 898/1799/1799 899/1800/1800 918/1798/1798
f 897/1797/1797 898/1799/1799 917/1796/1796
f 896/1795/1795 897/1797/1797 916/1794/1794
f 895/1793/1793 896/1795/1795 915/1792/1792
f 894/1791/1791 895/1793/1793 914/1790/1790
f 893/1789/1789 894/1791/1791 913/1788/1788
f 892/1785/1785 893/1789/1789 911/1786/1786
f 892/1785/1785 912/1787/1787 910/1784/1784
f 891/1783/1783 910/1784/1784 909/1782/1782
f 890/1781/1781 909/1782/1782 908/1780/1780
f 889/1779/1779 908/1780/1780 907/1778/1778
f 888/1777/1777 907/1778/1778 906/1776/1776
f 887/1775/1775 906/1776/1776 905/1774/1774
f 886/1773/1773 905/1774/1774 904/1772/1772
f 885/1771/1771 904/1772/1772 903/1770/1770
f 884/1769/1769 903/1770/1770 902/1768/1768
f 883/1767/1767 902/1768/1768 901/1765/1765
f 901/1801/1801 902/1802/1802 919/1803/1803
f 902/1802/1802 903/1804/1804 920/1805/1805
f 903/1804/1804 904/1806/1806 921/1807/1807
f 904/1806/1806 905/1808/1808 922/1809/1809
f 905/1808/1808 906/1810/1810 923/1811/1811
f 906/1810/1810 907/1812/1812 924/1813/1813
f 907/1812/1812 908/1814/1814 925/1815/1815
f 908/1814/1814 909/1816/1816 926/1817/1817
f 909/1816/1816 910/1818/1818 927/1819/1819
f 910/1818/1818 912/1820/1820 928/1821/1821
f 911/1822/1822 929/1823/1823 928/1821/1821
f 913/1824/1824 930/1825/1825 929/1823/1823
f 914/1826/1826 931/1827/1827 930/1825/1825
f 915/1828/1828 932/1829/1829 931/1827/1827
f 916/1830/1830 933/1831/1831 932/1829/1829
f 917/1832/1832 934/1833/1833 933/1831/1831
f 918/1834/1834 935/1835/1835 934/1833/1833
f 934/1833/1833 917/1832/1832 918/1834/1834
f 933/1831/1831 916/1830/1830 917/1832/1832
f 932/1829/1829 915/1828/1828 916/1830/1830
f 931/1827/1827 914/1826/1826 915/1828/1828
f 930/1825/1825 913/1824/1824 914/1826/1826
f 929/1823/1823 911/1822/1822 913/1824/1824
f 928/1821/1821 912/1820/1820 911/1822/1822
f 928/1821/1821 927/1819/1819 910/1818/1818
f 927/1819/1819 926/1817/1817 909/1816/1816
f 926/1817/1817 925/1815/1815 908/1814/1814
f 925/1815/1815 924/1813/1813 907/1812/1812
f 924/1813/1813 923/1811/1811 906/1810/1810
f 923/1811/1811 922/1809/1809 905/1808/1808
f 922/1809/1809 921/1807/1807 904/1806/1806
f 921/1807/1807 920/1805/1805 903/1804/1804
f 920/1805/1805 919/1803/1803 902/1802/1802
f 919/1803/1803 936/1836/1836 901/1801/1801
f 937/1837/1837 936/1838/1838 919/1839/1839
f 938/1840/1840 919/1839/1839 920/1841/1841
f 939/1842/1842 920/1841/1841 921/1843/1843
f 940/1844/1844 921/1843/1843 922/1845/1845
f 941/1846/1846 922/1845/1845 923/1847/1847
f 942/1848/1848 923/1847/1847 924/1849/1849
f 943/1850/1850 924/1849/1849 925/1851/1851
f 944/1852/1852 925/1851/1851 926/1853/1853
f 945/1854/1854 926/1853/1853 927/1855/1855
f 946/1856/1856 927/1855/1855 928/1857/1857
f 947/1858/1858 948/1859/1859 928/1857/1857
f 949/1860/1860 947/1858/1858 929/1861/1861
f 950/1862/1862 949/1860/1860 930/1863/1863
f 951/1864/1864 950/1862/1862 931/1865/1865
f 952/1866/1866 951/1864/1864 932/1867/1867
f 953/1868/1868 952/1866/1866 933/1869/1869
f 954/1870/1870 953/1868/1868 934/1871/1871
f 934/1871/1871 935/1872/1872 954/1870/1870
f 933/1869/1869 934/1871/1871 953/1868/1868
f 932/1867/1867 933/1869/1869 952/1866/1866
f 931/1865/1865 932/1867/1867 951/1864/1864
f 930/1863/1863 931/1865/1865 950/1862/1862
f 929/1861/1861 930/1863/1863 949/1860/1860
f 928/1857/1857 929/1861/1861 947/1858/1858
f 928/1857/1857 948/1859/1859 946/1856/1856
f 927/1855/1855 946/1856/1856 945/1854/1854
f 926/1853/1853 945/1854/1854 944/1852/1852
f 925/1851/1851 944/1852/1852 943/1850/1850
f 924/1849/1849 943/1850/1850 942/1848/1848
f 923/1847/1847 942/1848/1848 941/1846/1846
f 922/1845/1845 941/1846/1846 940/1844/1844
f 921/1843/1843 940/1844/1844 939/1842/1842
f 920/1841/1841 939/1842/1842 938/1840/1840
f 919/1839/1839 938/1840/1840 937/1837/1837
f 937/1873/1873 938/1874/1874 955/1875/1875
f 938/1874/1874 939/1876/1876 956/1877/1877
f 939/1876/1876 940/1878/1878 957/1879/1879
f 940/1878/1878 941/1880/1880 958/1881/1881
f 941/1880/1880 942/1882/1882 959/1883/1883
f 942/1882/1882 943/1884/1884 960/1885/1885
f 943/1884/1884 944/1886/1886 961/1887/1887
f 944/1886/1886 945/1888/1888 962/1889/1889
f 945/1888/1888 946/1890/1890 963/1891/1891
f 946/1890/1890 948/1892/1892 964/1893/1893
f 947/1894/1894 965/1895/1895 964/1893/1893
f 949/1896/1896 966/1897/1897 965/1895/1895
f 950/1898/1898 967/1899/1899 966/1897/1897
f 951/1900/1900 968/1901/1901 967/1899/1899
f 952/1902/1902 969/1903/1903 968/1901/1901
f 953/1904/1904 970/1905/1905 969/1903/1903
f 954/1906/1906 971/1907/1907 970/1905/1905
f 970/1905/1905 953/1904/1904 954/1906/1906
f 969/1903/1903 952/1902/1902 953/1904/1904
f 968/1901/1901 951/1900/1900 952/1902/1902
f 967/1899/1899 950/1898/1898 951/1900/1900
f 966/1897/1897 949/1896/1896 950/1898/1898
f 965/1895/1895 947/1894/1894 949/1896/1896
f 964/1893/1893 948/1892/1892 947/1894/1894
f 964/1893/1893 963/1891/1891 946/1890/1890
f 963/1891/1891 962/1889/1889 945/1888/1888
f 962/1889/1889 961/1887/1887 944/1886/1886
f 961/1887/1887 960/1885/1885 943/1884/1884
f 960/1885/1885 959/1883/1883 942/1882/1882
f 959/1883/1883 958/1881/1881 941/1880/1880
f 958/1881/1881 957/1879/1879 940/1878/1878
f 957/1879/1879 956/1877/1877 939/1876/1876
f 956/1877/1877 955/1875/1875 938/1874/1874
f 955/1875/1875 972/1908/1908 937/1873/1873
f 973/1909/1909 972/1910/1910 955/1911/1911
f 974/1912/1912 955/1911/1911 956/1913/1913
f 975/1914/1914 956/1913/1913 957/1915/1915
f 976/1916/1916 957/1915/1915 958/1917/1917
f 977/1918/1918 958/1917/1917 959/1919/1919
f 978/1920/1920 959/1919/1919 960/1921/1921
f 979/1922/1922 960/1921/1921 961/1923/1923
f 980/1924/1924 961/1923/1923 962/1925/1925
f 981/1926/1926 962/1925/1925 963/1927/1927
f 982/1928/1928 963/1927/1927 964/1929/1929
f 983/1930/1930 984/1931/1931 964/1929/1929
f 985/1932/1932 983/1930/1930 965/1933/1933
f 986/1934/1934 985/1932/1932 966/1935/1935
f 987/1936/1936 986/1934/1934 967/1937/1937
f 988/1938/1938 987/1936/1936 968/1939/1939
f 989/1940/1940 988/1938/1938 969/1941/1941
f 990/1942/1942 989/1940/1940 970/1943/1943
f 970/1943/1943 971/1944/1944 990/1942/1942
f 969/1941/1941 970/1943/1943 989/1940/1940
f 968/1939/1939 969/1941/1941 988/1938/1938
f 967/1937/1937 968/1939/1939 987/1936/1936
f 966/1935/1935 967/1937/1937 986/1934/1934
f 965/1933/1933 966/1935/1935 985/1932/1932
f 964/1929/1929 965/1933/1933 983/1930/1930
f 964/1929/1929 984/1931/1931 982/1928/1928
f 963/1927/1927 982/1928/1928 981/1926/1926
f 962/1925/1925 981/1926/1926 980/1924/1924
f 961/1923/1923 980/1924/1924 979/1922/1922
f 960/1921/1921 979/1922/1922 978/1920/1920
f 959/1919/1919 978/1920/1920 977/1918/1918
f 958/1917/1917 977/1918/1918 976/1916/1916
f 957/1915/1915 976/1916/1916 975/1914/1914
f 956/1913/1913 975/1914/1914 974/1912/1912
f 955/1911/1911 974/1912/1912 973/1909/1909
f 973/1945/1945 974/1946/1946 991/1947/1947
f 974/1946/1946 975/1948/1948 992/1949/1949
f 975/1948/1948 976/1950/1950 993/1951/1951
f 976/1950/1950 977/1952/1952 994/1953/1953
f 977/1952/1952 978/1954/1954 995/1955/1955
f 978/1954/1954 979/1956/1956 996/1957/1957
f 979/1956/1956 980/1958/1958 997/1959/1959
f 980/1958/1958 981/1960/1960 998/1961/1961
f 981/1960/1960 982/1962/1962 999/1963/1963
f 982/1962/1962 984/1964/1964 1000/1965/1965
f 983/1966/1966 1001/1967/1967 1000/1965/1965
f 985/1968/1968 1002/1969/1969 1001/1967/1967
f 986/1970/1970 1003/1971/1971 1002/1969/1969
f 987/1972/1972 1004/1973/1973 1003/1971/1971
f 988/1974/1974 1005/1975/1975 1004/1973/1973
f 989/1976/1976 1006/1977/1977 1005/1975/1975
f 990/1978/1978 1007/1979/1979 1006/1977/1977
f 1006/1977/1977 989/1976/1976 990/1978/1978
f 1005/1975/1975 988/1974/1974 989/1976/1976
f 1004/1973/1973 987/1972/1972 988/1974/1974
f 1003/1971/1971 986/1970/1970 987/1972/1972
f 1002/1969/1969 985/1968/1968 986/1970/1970
f 1001/1967/1967 983/1966/1966 985/1968/1968
f 1000/1965/1965 984/1964/1964 983/1966/1966
f 1000/1965/1965 999/1963/1963 982/1962/1962
f 999/1963/1963 998/1961/1961 981/1960/1960
f 998/1961/1961 997/1959/1959 980/1958/1958
f 997/1959/1959 996/1957/1957 979/1956/1956
f 996/1957/1957 995/1955/1955 978/1954/1954
f 995/1955/1955 994/1953/1953 977/1952/1952
f 994/1953/1953 993/1951/1951 976/1950/1950
f 993/1951/1951 992/1949/1949 975/1948/1948
f 992/1949/1949 991/1947/1947 974/1946/1946
f 991/1947/1947 1008/1980/1980 973/1945/1945
f 1009/1981/1981 1008/1982/1982 991/1983/1983
f 1010/1984/1984 991/1983/1983 992/1985/1985
f 1011/1986/1986 992/1985/1985 993/1987/1987
f 1012/1988/1988 993/1987/1987 994/1989/1989
f 1013/1990/1990 994/1989/1989 995/1991/1991
f 1014/1992/1992 995/1991/1991 996/1993/1993
f 1015/1994/1994 996/1993/1993 997/1995/1995
f 1016/1996/1996 997/1995/1995 998/1997/1997
f 1017/1998/1998 998/1997/1997 999/1999/1999
f 1018/2000/2000 999/1999/1999 1000/2001/2001
f 1019/2002/2002 1020/2003/2003 1000/2001/2001
f 1021/2004/2004 1019/2002/2002 1001/2005/2005
f 1022/2006/2006 1021/2004/2004 1002/2007/2007
f 1023/2008/2008 1022/2006/2006 1003/2009/2009
f 1024/2010/2010 1023/2008/2008 1004/2011/2011
f 1025/2012/2012 1024/2010/2010 1005/2013/2013
f 1026/2014/2014 1025/2012/2012 1006/2015/2015
f 1006/2015/2015 1007/2016/2016 1026/2014/2014
f 1005/2013/2013 1006/2015/2015 1025/2012/2012
f 1004/2011/2011 1005/2013/2013 1024/2010/2010
f 1003/2009/2009 1004/2011/2011 1023/2008/2008
f 1002/2007/2007 1003/2009/2009 1022/2006/2006
f 1001/2005/2005 1002/2007/2007 1021/2004/2004
f 1000/2001/2001 1001/2005/2005 1019/2002/2002
f 1000/2001/2001 1020/2003/2003 1018/2000/2000
f 999/1999/1999 1018/2000/2000 1017/1998/1998
f 998/1997/1997 1017/1998/1998 1016/1996/1996
f 997/1995/1995 1016/1996/1996 1015/1994/1994
f 996/1993/1993 1015/1994/1994 1014/1992/1992
f 995/1991/1991 1014/1992/1992 1013/1990/1990
f 994/1989/1989 1013/1990/1990 1012/1988/1988
f 993/1987/1987 1012/1988/1988 1011/1986/1986
f 992/1985/1985 1011/1986/1986 1010/1984/1984
f 991/1983/1983 1010/1984/1984 1009/1981/1981
f 1009/2017/2017 1010/2018/2018 1027/2019/2019
f 1010/2018/2018 1011/2020/2020 1028/2021/2021
f 1011/2020/2020 1012/2022/2022 1029/2023/2023
f 1012/2022/2022 1013/2024/2024 1030/2025/2025
f 1013/2024/2024 1014/2026/2026 1031/2027/2027
f 1014/2026/2026 1015/2028/2028 1032/2029/2029
f 1015/2028/2028 1016/2030/2030 1033/2031/2031
f 1016/2030/2030 1017/2032/2032 1034/2033/2033
f 1017/2032/2032 1018/2034/2034 1035/2035/2035
f 1018/2034/2034 1020/2036/2036 1036/2037/2037
f 1019/2038/2038 1037/2039/2039 1036/2037/2037
f 1021/2040/2040 1038/2041/2041 1037/2039/2039
f 1022/2042/2042 1039/2043/2043 1038/2041/2041
f 1023/2044/2044 1040/2045/2045 1039/2043/2043
f 1024/2046/2046 1041/2047/2047 1040/2045/2045
f 1025/2048/2048 1042/2049/2049 1041/2047/2047
f 1026/2050/2050 1043/2051/2051 1042/2049/2049
f 1042/2049/2049 1025/2048/2048 1026/2050/2050
f 1041/2047/2047 1024/2046/2046 1025/2048/2048
f 1040/2045/2045 1023/2044/2044 1024/2046/2046
f 1039/2043/2043 1022/2042/2042 1023/2044/2044
f 1038/2041/2041 1021/2040/2040 1022/2042/2042
f 1037/2039/2039 1019/2038/2038 1021/2040/2040
f 1036/2037/2037 1020/2036/2036 1019/2038/2038
f 1036/2037/2037 1035/2035/2035 1018/2034/2034
f 1035/2035/2035 1034/2033/2033 1017/2032/2032
f 1034/2033/2033 1033/2031/2031 1016/2030/2030
f 1033/2031/2031 1032/2029/2029 1015/2028/2028
f 1032/2029/2029 1031/2027/2027 1014/2026/2026
f 1031/2027/2027 1030/2025/2025 1013/2024/2024
f 1030/2025/2025 1029/2023/2023 1012/2022/2022
f 1029/2023/2023 1028/2021/2021 1011/2020/2020
f 1028/2021/2021 1027/2019/2019 1010/2018/2018
f 1027/2019/2019 1044/2052/2052 1009/2017/2017
f 1045/2053/2053 1044/2054/2054 1027/2055/2055
f 1046/2056/2056 1027/2055/2055 1028/2057/2057
f 1047/2058/2058 1028/2057/2057 1029/2059/2059
f 1048/2060/2060 1029/2059/2059 1030/2061/2061
f 1049/2062/2062 1030/2061/2061 1031/2063/2063
f 1050/2064/2064 1031/2063/2063 1032/2065/2065
f 1051/2066/2066 1032/2065/2065 1033/2067/2067
f 1052/2068/2068 1033/2067/2067 1034/2069/2069
f 1053/2070/2070 1034/2069/2069 1035/2071/2071
f 1054/2072/2072 1035/2071/2071 1036/2073/2073
f 1055/2074/2074 1056/2075/2075 1036/2073/2073
f 1057/2076/2076 1055/2074/2074 1037/2077/2077
f 1058/2078/2078 1057/2076/2076 1038/2079/2079
f 1059/2080/2080 1058/2078/2078 1039/2081/2081
f 1060/2082/2082 1059/2080/2080 1040/2083/2083
f 1061/2084/2084 1060/2082/2082 1041/2085/2085
f 1062/2086/2086 1061/2084/2084 1042/2087/2087
f 1042/2087/2087 1043/2088/2088 1062/2086/2086
f 1041/2085/2085 1042/2087/2087 1061/2084/2084
f 1040/2083/2083 1041/2085/2085 1060/2082/2082
f 1039/2081/2081 1040/2083/2083 1059/2080/2080
f 1038/2079/2079 1039/2081/2081 1058/2078/2078
f 1037/2077/2077 1038/2079/2079 1057/2076/2076
f 1036/2073/2073 1037/2077/2077 1055/2074/2074
f 1036/2073/2073 1056/2075/2075 1054/2072/2072
f 1035/2071/2071 1054/2072/2072 1053/2070/2070
f 1034/2069/2069 1053/2070/2070 1052/2068/2068
f 1033/2067/2067 1052/2068/2068 1051/2066/2066
f 1032/2065/2065 1051/2066/2066 1050/2064/2064
f 1031/2063/2063 1050/2064/2064 1049/2062/2062
f 1030/2061/2061 1049/2062/2062 1048/2060/2060
f 1029/2059/2059 1048/2060/2060 1047/2058/2058
f 1028/2057/2057 1047/2058/2058 1046/2056/2056
f 1027/2055/2055 1046/2056/2056 1045/2053/2053
f 1045/2089/2089 1046/2090/2090 1063/2091/2091
f 1046/2090/2090 1047/2092/2092 1064/2093/2093
f 1047/2092/2092 1048/2094/2094 1065/2095/2095
f 1048/2094/2094 1049/2096/2096 1066/2097/2097
f 1049/2096/2096 1050/2098/2098 1067/2099/2099
f 1050/2098/2098 1051/2100/2100 1068/2101/2101
f 1051/2100/2100 1052/2102/2102 1069/2103/2103
f 1052/2102/2102 1053/2104/2104 1070/2105/2105
f 1053/2104/2104 1054/2106/2106 1071/2107/2107
f 1054/2106/2106 1056/2108/2108 1072/2109/2109
f 1055/2110/2110 1073/2111/2111 1072/2109/2109
f 1057/2112/2112 1074/2113/2113 1073/2111/2111
f 1058/2114/2114 1075/2115/2115 1074/2113/2113
f 1059/2116/2116 1076/2117/2117 1075/2115/2115
f 1060/2118/2118 1077/2119/2119 1076/2117/2117
f 1061/2120/2120 1078/2121/2121 1077/2119/2119
f 1062/2122/2122 1079/2123/2123 1078/2121/2121
f 1078/2121/2121 1061/2120/2120 1062/2122/2122
f 1077/2119/2119 1060/2118/2118 1061/2120/2120
f 1076/2117/2117 1059/2116/2116 1060/2118/2118
f 1075/2115/2115 1058/2114/2114 1059/2116/2116
f 1074/2113/2113 1057/2112/2112 1058/2114/2114
f 1073/2111/2111 1055/2110/2110 1057/2112/2112
f 1072/2109/2109 1056/2108/2108 1055/2110/2110
f 1072/2109/2109 1071/2107/2107 1054/2106/2106
f 1071/2107/2107 1070/2105/2105 1053/2104/2104
f 1070/2105/2105 1069/2103/2103 1052/2102/2102
f 1069/2103/2103 1068/2101/2101 1051/2100/2100
f 1068/2101/2101 1067/2099/2099 1050/2098/2098
f 1067/2099/2099 1066/2097/2097 1049/2096/2096
f 1066/2097/2097 1065/2095/2095 1048/2094/2094
f 1065/2095/2095 1064/2093/2093 1047/2092/2092
f 1064/2093/2093 1063/2091/2091 1046/2090/2090
f 1063/2091/2091 1080/2124/2124 1045/2089/2089
f 1081/2125/2125 1080/2126/2126 1063/2127/2127
f 1082/2128/2128 1063/2127/2127 1064/2129/2129
f 1083/2130/2130 1064/2129/2129 1065/2131/2131
f 1084/2132/2132 1065/2131/2131 1066/2133/2133
f 1085/2134/2134 1066/2133/2133 1067/2135/2135
f 1086/2136/2136 1067/2135/2135 1068/2137/2137
f 1087/2138/2138 1068/2137/2137 1069/2139/2139
f 1088/2140/2140 1069/2139/2139 1070/2141/2141
f 1089/2142/2142 1070/2141/2141 1071/2143/2143
f 1090/2144/2144 1071/2143/2143 1072/2145/2145
f 1091/2146/2146 1092/2147/2147 1072/2145/2145
f 1093/2148/2148 1091/2146/2146 1073/2149/2149
f 1094/2150/2150 1093/2148/2148 1074/2151/2151
f 1095/2152/2152 1094/2150/2150 1075/2153/2153
f 1096/2154/2154 1095/2152/2152 1076/2155/2155
f 1097/2156/2156 1096/2154/2154 1077/2157/2157
f 1098/2158/2158 1097/2156/2156 1078/2159/2159
f 1078/2159/2159 1079/2160/2160 1098/2158/2158
f 1077/2157/2157 1078/2159/2159 1097/2156/2156
f 1076/2155/2155 1077/2157/2157 1096/2154/2154
f 1075/2153/2153 1076/2155/2155 1095/2152/2152
f 1074/2151/2151 1075/2153/2153 1094/2150/2150
f 1073/2149/2149 1074/2151/2151 1093/2148/2148
f 1072/2145/2145 1073/2149/2149 1091/2146/2146
f 1072/2145/2145 1092/2147/2147 1090/2144/2144
f 1071/2143/2143 1090/2144/2144 1089/2142/2142
f 1070/2141/2141 1089/2142/2142 1088/2140/2140
f 1069/2139/2139 1088/2140/2140 1087/2138/2138
f 1068/2137/2137 1087/2138/2138 1086/2136/2136
f 1067/2135/2135 1086/2136/2136 1085/2134/2134
f 1066/2133/2133 1085/2134/2134 1084/2132/2132
f 1065/2131/2131 1084/2132/2132 1083/2130/2130
f 1064/2129/2129 1083/2130/2130 1082/2128/2128
f 1063/2127/2127 1082/2128/2128 1081/2125/2125
f 1081/2161/2161 1082/2162/2162 1099/2163/2163
f 1082/2162/2162 1083/2164/2164 1100/2165/2165
f 1083/2164/2164 1084/2166/2166 1101/2167/2167
f 1084/2166/2166 1085/2168/2168 1102/2169/2169
f 1085/2168/2168 1086/2170/2170 1103/2171/2171
f 1086/2170/2170 1087/2172/2172 1104/2173/2173
f 1087/2172/2172 1088/2174/2174 1105/2175/2175
f 1088/2174/2174 1089/2176/2176 1106/2177/2177
f 1089/2176/2176 1090/2178/2178 1107/2179/2179
f 1090/2178/2178 1092/2180/2180 1108/2181/2181
f 1091/2182/2182 1109/2183/2183 1108/2181/2181
f 1093/2184/2184 1110/2185/2185 1109/2183/2183
f 1094/2186/2186 1111/2187/2187 1110/2185/2185
f 1095/2188/2188 1112/2189/2189 1111/2187/2187
f 1096/2190/2190 1113/2191/2191 1112/2189/2189
f 1097/2192/2192 1114/2193/2193 1113/2191/2191
f 1098/2194/2194 1115/2195/2195 1114/2193/2193
f 1114/2193/2193 1097/2192/2192 1098/2194/2194
f 1113/2191/2191 1096/2190/2190 1097/2192/2192
f 1112/2189/2189 1095/2188/2188 1096/2190/2190
f 1111/2187/2187 1094/2186/2186 1095/2188/2188
f 1110/2185/2185 1093/2184/2184 1094/2186/2186
f 1109/2183/2183 1091/2182/2182 1093/2184/2184
f 1108/2181/2181 1092/2180/2180 1091/2182/2182
f 1108/2181/2181 1107/2179/2179 1090/2178/2178
f 1107/2179/2179 1106/2177/2177 1089/2176/2176
f 1106/2177/2177 1105/2175/2175 1088/2174/2174
f 1105/2175/2175 1104/2173/2173 1087/2172/2172
f 1104/2173/2173 1103/2171/2171 1086/2170/2170
f 1103/2171/2171 1102/2169/2169 1085/2168/2168
f 1102/2169/2169 1101/2167/2167 1084/2166/2166
f 1101/2167/2167 1100/2165/2165 1083/2164/2164
f 1100/2165/2165 1099/2163/2163 1082/2162/2162
f 1099/2163/2163 1116/2196/2196 1081/2161/2161
f 1117/2197/2197 1116/2198/2198 1099/2199/2199
f 1118/2200/2200 1099/2199/2199 1100/2201/2201
f 1119/2202/2202 1100/2201/2201 1101/2203/2203
f 1120/2204/2204 1101/2203/2203 1102/2205/2205
f 1121/2206/2206 1102/2205/2205 1103/2207/2207
f 1122/2208/2208 1103/2207/2207 1104/2209/2209
f 1123/2210/2210 1104/2209/2209 1105/2211/2211
f 1124/2212/2212 1105/2211/2211 1106/2213/2213
f 1125/2214/2214 1106/2213/2213 1107/2215/2215
f 1126/2216/2216 1107/2215/2215 1108/2217/2217
f 1127/2218/2218 1128/2219/2219 1108/2217/2217
f 1129/2220/2220 1127/2218/2218 1109/2221/2221
f 1130/2222/2222 1129/2220/2220 1110/2223/2223
f 1131/2224/2224 1130/2222/2222 1111/2225/2225
f 1132/2226/2226 1131/2224/2224 1112/2227/2227
f 1133/2228/2228 1132/2226/2226 1113/2229/2229
f 1134/2230/2230 1133/2228/2228 1114/2231/2231
f 1114/2231/2231 1115/2232/2232 1134/2230/2230
f 1113/2229/2229 1114/2231/2231 1133/2228/2228
f 1112/2227/2227 1113/2229/2229 1132/2226/2226
f 1111/2225/2225 1112/2227/2227 1131/2224/2224
f 1110/2223/2223 1111/2225/2225 1130/2222/2222
f 1109/2221/2221 1110/2223/2223 1129/2220/2220
f 1108/2217/2217 1109/2221/2221 1127/2218/2218
f 1108/2217/2217 1128/2219/2219 1126/2216/2216
f 1107/2215/2215 1126/2216/2216 1125/2214/2214
f 1106/2213/2213 1125/2214/2214 1124/2212/2212
f 1105/2211/2211 1124/2212/2212 1123/2210/2210
f 1104/2209/2209 1123/2210/2210 1122/2208/2208
f 1103/2207/2207 1122/2208/2208 1121/2206/2206
f 1102/2205/2205 1121/2206/2206 1120/2204/2204
f 1101/2203/2203 1120/2204/2204 1119/2202/2202
f 1100/2201/2201 1119/2202/2202 1118/2200/2200
f 1099/2199/2199 1118/2200/2200 1117/2197/2197
f 1117/2233/2233 1118/2234/2234 1135/2235/2235
f 1118/2234/2234 1119/2236/2236 1136/2237/2237
f 1119/2236/2236 1120/2238/2238 1137/2239/2239
f 1120/2238/2238 1121/2240/2240 1138/2241/2241
f 1121/2240/2240 1122/2242/2242 1139/2243/2243
f 1122/2242/2242 1123/2244/2244 1140/2245/2245
f 1123/2244/2244 1124/2246/2246 1141/2247/2247
f 1124/2246/2246 1125/2248/2248 1142/2249/2249
f 1125/2248/2248 1126/2250/2250 1143/2251/2251
f 1126/2250/2250 1128/2252/2252 1144/2253/2253
f 1127/2254/2254 1145/2255/2255 1144/2253/2253
f 1129/2256/2256 1146/2257/2257 1145/2255/2255
f 1130/2258/2258 1147/2259/2259 1146/2257/2257
f 1131/2260/2260 1148/2261/2261 1147/2259/2259
f 1132/2262/2262 1149/2263/2263 1148/2261/2261
f 1133/2264/2264 1150/2265/2265 1149/2263/2263
f 1134/2266/2266 1151/2267/2267 1150/2265/2265
f 1150/2265/2265 1133/2264/2264 1134/2266/2266
f 1149/2263/2263 1132/2262/2262 1133/2264/2264
f 1148/2261/2261 1131/2260/2260 1132/2262/2262
f 1147/2259/2259 1130/2258/2258 1131/2260/2260
f 1146/2257/2257 1129/2256/2256 1130/2258/2258
f 1145/2255/2255 1127/2254/2254 1129/2256/2256
f 1144/2253/2253 1128/2252/2252 1127/2254/2254
f 1144/2253/2253 1143/2251/2251 1126/2250/2250
f 1143/2251/2251 1142/2249/2249 1125/2248/2248
f 1142/2249/2249 1141/2247/2247 1124/2246/2246
f 1141/2247/2247 1140/2245/2245 1123/2244/2244
f 1140/2245/2245 1139/2243/2243 1122/2242/2242
f 1139/2243/2243 1138/2241/2241 1121/2240/2240
f 1138/2241/2241 1137/2239/2239 1120/2238/2238
f 1137/2239/2239 1136/2237/2237 1119/2236/2236
f 1136/2237/2237 1135/2235/2235 1118/2234/2234
f 1135/2235/2235 1152/2268/2268 1117/2233/2233
f 1153/2269/2269 1152/2270/2270 1135/2271/2271
f 1154/2272/2272 1135/2271/2271 1136/2273/2273
f 1155/2274/2274 1136/2273/2273 1137/2275/2275
f 1156/2276/2276 1137/2275/2275 1138/2277/2277
f 1157/2278/2278 1138/2277/2277 1139/2279/2279
f 1158/2280/2280 1139/2279/2279 1140/2281/2281
f 1159/2282/2282 1140/2281/2281 1141/2283/2283
f 1160/2284/2284 1141/2283/2283 1142/2285/2285
f 1161/2286/2286 1142/2285/2285 1143/2287/2287
f 1162/2288/2288 1143/2287/2287 1144/2289/2289
f 1163/2290/2290 1164/2291/2291 1144/2289/2289
f 1165/2292/2292 1163/2290/2290 1145/2293/2293
f 1166/2294/2294 1165/2292/2292 1146/2295/2295
f 1167/2296/2296 1166/2294/2294 1147/2297/2297
f 1168/2298/2298 1167/2296/2296 1148/2299/2299
f 1169/2300/2300 1168/2298/2298 1149/2301/2301
f 1170/2302/2302 1169/2300/2300 1150/2303/2303
f 1150/2303/2303 1151/2304/2304 1170/2302/2302
f 1149/2301/2301 1150/2303/2303 1169/2300/2300
f 1148/2299/2299 1149/2301/2301 1168/2298/2298
f 1147/2297/2297 1148/2299/2299 1167/2296/2296
f 1146/2295/2295 1147/2297/2297 1166/2294/2294
f 1145/2293/2293 1146/2295/2295 1165/2292/2292
f 1144/2289/2289 1145/2293/2293 1163/2290/2290
f 1144/2289/2289 1164/2291/2291 1162/2288/2288
f 1143/2287/2287 1162/2288/2288 1161/2286/2286
f 1142/2285/2285 1161/2286/2286 1160/2284/2284
f 1141/2283/2283 1160/2284/2284 1159/2282/2282
f 1140/2281/2281 1159/2282/2282 1158/2280/2280
f 1139/2279/2279 1158/2280/2280 1157/2278/2278
f 1138/2277/2277 1157/2278/2278 1156/2276/2276
f 1137/2275/2275 1156/2276/2276 1155/2274/2274
f 1136/2273/2273 1155/2274/2274 1154/2272/2272
f 1135/2271/2271 1154/2272/2272 1153/2269/2269
f 1153/2305/2305 1154/2306/2306 1171/2307/2307
f 1154/2306/2306 1155/2308/2308 1172/2309/2309
f 1155/2308/2308 1156/2310/2310 1173/2311/2311
f 1156/2310/2310 1157/2312/2312 1174/2313/2313
f 1157/2312/2312 1158/2314/2314 1175/2315/2315
f 1158/2314/2314 1159/2316/2316 1176/2317/2317
f 1159/2316/2316 1160/2318/2318 1177/2319/2319
f 1160/2318/2318 1161/2320/2320 1178/2321/2321
f 1161/2320/2320 1162/2322/2322 1179/2323/2323
f 1162/2322/2322 1164/2324/2324 1180/2325/2325
f 1163/2326/2326 1181/2327/2327 1180/2325/2325
f 1165/2328/2328 1182/2329/2329 1181/2327/2327
f 1166/2330/2330 1183/2331/2331 1182/2329/2329
f 1167/2332/2332 1184/2333/2333 1183/2331/2331
f 1168/2334/2334 1185/2335/2335 1184/2333/2333
f 1169/2336/2336 1186/2337/2337 1185/2335/2335
f 1170/2338/2338 1187/2339/2339 1186/2337/2337
f 1186/2337/2337 1169/2336/2336 1170/2338/2338
f 1185/2335/2335 1168/2334/2334 1169/2336/2336
f 1184/2333/2333 1167/2332/2332 1168/2334/2334
f 1183/2331/2331 1166/2330/2330 1167/2332/2332
f 1182/2329/2329 1165/2328/2328 1166/2330/2330
f 1181/2327/2327 1163/2326/2326 1165/2328/2328
f 1180/2325/2325 1164/2324/2324 1163/2326/2326
f 1180/2325/2325 1179/2323/2323 1162/2322/2322
f 1179/2323/2323 1178/2321/2321 1161/2320/2320
f 1178/2321/2321 1177/2319/2319 1160/2318/2318
f 1177/2319/2319 1176/2317/2317 1159/2316/2316
f 1176/2317/2317 1175/2315/2315 1158/2314/2314
f 1175/2315/2315 1174/2313/2313 1157/2312/2312
f 1174/2313/2313 1173/2311/2311 1156/2310/2310
f 1173/2311/2311 1172/2309/2309 1155/2308/2308
f 1172/2309/2309 1171/2307/2307 1154/2306/2306
f 1171/2307/2307 1188/2340/2340 1153/2305/2305
f 1189/2341/2341 1188/2342/2342 1171/2343/2343
f 1190/2344/2344 1171/2343/2343 1172/2345/2345
f 1191/2346/2346 1172/2345/2345 1173/2347/2347
f 1192/2348/2348 1173/2347/2347 1174/2349/2349
f 1193/2350/2350 1174/2349/2349 1175/2351/2351
f 1194/2352/2352 1175/2351/2351 1176/2353/2353
f 1195/2354/2354 1176/2353/2353 1177/2355/2355
f 1196/2356/2356 1177/2355/2355 1178/2357/2357
f 1197/2358/2358 1178/2357/2357 1179/2359/2359
f 1198/2360/2360 1179/2359/2359 1180/2361/2361
f 1199/2362/2362 1200/2363/2363 1180/2361/2361
f 1201/2364/2364 1199/2362/2362 1181/2365/2365
f 1202/2366/2366 1201/2364/2364 1182/2367/2367
f 1203/2368/2368 1202/2366/2366 1183/2369/2369
f 1204/2370/2370 1203/2368/2368 1184/2371/2371
f 1205/2372/2372 1204/2370/2370 1185/2373/2373
f 1206/2374/2374 1205/2372/2372 1186/2375/2375
f 1186/2375/2375 1187/2376/2376 1206/2374/2374
f 1185/2373/2373 1186/2375/2375 1205/2372/2372
f 1184/2371/2371 1185/2373/2373 1204/2370/2370
f 1183/2369/2369 1184/2371/2371 1203/2368/2368
f 1182/2367/2367 1183/2369/2369 1202/2366/2366
f 1181/2365/2365 1182/2367/2367 1201/2364/2364
f 1180/2361/2361 1181/2365/2365 1199/2362/2362
f 1180/2361/2361 1200/2363/2363 1198/2360/2360
f 1179/2359/2359 1198/2360/2360 1197/2358/2358
f 1178/2357/2357 1197/2358/2358 1196/2356/2356
f 1177/2355/2355 1196/2356/2356 1195/2354/2354
f 1176/2353/2353 1195/2354/2354 1194/2352/2352
f 1175/2351/2351 1194/2352/2352 1193/2350/2350
f 1174/2349/2349 1193/2350/2350 1192/2348/2348
f 1173/2347/2347 1192/2348/2348 1191/2346/2346
f 1172/2345/2345 1191/2346/2346 1190/2344/2344
f 1171/2343/2343 1190/2344/2344 1189/2341/2341
f 1189/2377/2377 1190/2378/2378 1207/2379/2379
f 1190/2378/2378 1191/2380/2380 1208/2381/2381
f 1191/2380/2380 1192/2382/2382 1209/2383/2383
f 1192/2382/2382 1193/2384/2384 1210/2385/2385
f 1193/2384/2384 1194/2386/2386 1211/2387/2387
f 1194/2386/2386 1195/2388/2388 1212/2389/2389
f 1195/2388/2388 1196/2390/2390 1213/2391/2391
f 1196/2390/2390 1197/2392/2392 1214/2393/2393
f 1197/2392/2392 1198/2394/2394 1215/2395/2395
f 1198/2394/2394 1200/2396/2396 1216/2397/2397
f 1199/2398/2398 1217/2399/2399 1216/2397/2397
f 1201/2400/2400 1218/2401/2401 1217/2399/2399
f 1202/2402/2402 1219/2403/2403 1218/2401/2401
f 1203/2404/2404 1220/2405/2405 1219/2403/2403
f 1204/2406/2406 1221/2407/2407 1220/2405/2405
f 1205/2408/2408 1222/2409/2409 1221/2407/2407
f 1206/2410/2410 1223/2411/2411 1222/2409/2409
f 1222/2409/2409 1205/2408/2408 1206/2410/2410
f 1221/2407/2407 1204/2406/2406 1205/2408/2408
f 1220/2405/2405 1203/2404/2404 1204/2406/2406
f 1219/2403/2403 1202/2402/2402 1203/2404/2404
f 1218/2401/2401 1201/2400/2400 1202/2402/2402
f 1217/2399/2399 1199/2398/2398 1201/2400/2400
f 1216/2397/2397 1200/2396/2396 1199/2398/2398
f 1216/2397/2397 1215/2395/2395 1198/2394/2394
f 1215/2395/2395 1214/2393/2393 1197/2392/2392
f 1214/2393/2393 1213/2391/2391 1196/2390/2390
f 1213/2391/2391 1212/2389/2389 1195/2388/2388
f 1212/2389/2389 1211/2387/2387 1194/2386/2386
f 1211/2387/2387 1210/2385/2385 1193/2384/2384
f 1210/2385/2385 1209/2383/2383 1192/2382/2382
f 1209/2383/2383 1208/2381/2381 1191/2380/2380
f 1208/2381/2381 1207/2379/2379 1190/2378/2378
f 1207/2379/2379 1224/2412/2412 1189/2377/2377
f 1225/2413/2413 1224/2414/2414 1207/2415/2415
f 1226/2416/2416 1207/2415/2415 1208/2417/2417
f 1227/2418/2418 1208/2417/2417 1209/2419/2419
f 1228/2420/2420 1209/2419/2419 1210/2421/2421
f 1229/2422/2422 1210/2421/2421 1211/2423/2423
f 1230/2424/2424 1211/2423/2423 1212/2425/2425
f 1231/2426/2426 1212/2425/2425 1213/2427/2427
f 1232/2428/2428 1213/2427/2427 1214/2429/2429
f 1233/2430/2430 1214/2429/2429 1215/2431/2431
f 1234/2432/2432 1215/2431/2431 1216/2433/2433
f 1235/2434/2434 1236/2435/2435 1216/2433/2433
f 1237/2436/2436 1235/2434/2434 1217/2437/2437
f 1238/2438/2438 1237/2436/2436 1218/2439/2439
f 1239/2440/2440 1238/2438/2438 1219/2441/2441
f 1240/2442/2442 1239/2440/2440 1220/2443/2443
f 1241/2444/2444 1240/2442/2442 1221/2445/2445
f 1242/2446/2446 1241/2444/2444 1222/2447/2447
f 1222/2447/2447 1223/2448/2448 1242/2446/2446
f 1221/2445/2445 1222/2447/2447 1241/2444/2444
f 1220/2443/2443 1221/2445/2445 1240/2442/2442
f 1219/2441/2441 1220/2443/2443 1239/2440/2440
f 1218/2439/2439 1219/2441/2441 1238/2438/2438
f 1217/2437/2437 1218/2439/2439 1237/2436/2436
f 1216/2433/2433 1217/2437/2437 1235/2434/2434
f 1216/2433/2433 1236/2435/2435 1234/2432/2432
f 1215/2431/2431 1234/2432/2432 1233/2430/2430
f 1214/2429/2429 1233/2430/2430 1232/2428/2428
f 1213/2427/2427 1232/2428/2428 1231/2426/2426
f 1212/2425/2425 1231/2426/2426 1230/2424/2424
f 1211/2423/2423 1230/2424/2424 1229/2422/2422
f 1210/2421/2421 1229/2422/2422 1228/2420/2420
f 1209/2419/2419 1228/2420/2420 1227/2418/2418
f 1208/2417/2417 1227/2418/2418 1226/2416/2416
f 1207/2415/2415 1226/2416/2416 1225/2413/2413
f 1225/2449/2449 1226/2450/2450 1243/2451/2451
f 1226/2450/2450 1227/2452/2452 1244/2453/2453
f 1227/2452/2452 1228/2454/2454 1245/2455/2455
f 1228/2454/2454 1229/2456/2456 1246/2457/2457
f 1229/2456/2456 1230/2458/2458 1247/2459/2459
f 1230/2458/2458 1231/2460/2460 1248/2461/2461
f 1231/2460/2460 1232/2462/2462 1249/2463/2463
f 1232/2462/2462 1233/2464/2464 1250/2465/2465
f 1233/2464/2464 1234/2466/2466 1251/2467/2467
f 1234/2466/2466 1236/2468/2468 1252/2469/2469
f 1235/2470/2470 1253/2471/2471 1252/2469/2469
f 1237/2472/2472 1254/2473/2473 1253/2471/2471
f 1238/2474/2474 1255/2475/2475 1254/2473/2473
f 1239/2476/2476 1256/2477/2477 1255/2475/2475
f 1240/2478/2478 1257/2479/2479 1256/2477/2477
f 1241/2480/2480 1258/2481/2481 1257/2479/2479
f 1242/2482/2482 1259/2483/2483 1258/2481/2481
f 1258/2481/2481 1241/2480/2480 1242/2482/2482
f 1257/2479/2479 1240/2478/2478 1241/2480/2480
f 1256/2477/2477 1239/2476/2476 1240/2478/2478
f 1255/2475/2475 1238/2474/2474 1239/2476/2476
f 1254/2473/2473 1237/2472/2472 1238/2474/2474
f 1253/2471/2471 1235/2470/2470 1237/2472/2472
f 1252/2469/2469 1236/2468/2468 1235/2470/2470
f 1252/2469/2469 1251/2467/2467 1234/2466/2466
f 1251/2467/2467 1250/2465/2465 1233/2464/2464
f 1250/2465/2465 1249/2463/2463 1232/2462/2462
f 1249/2463/2463 1248/2461/2461 1231/2460/2460
f 1248/2461/2461 1247/2459/2459 1230/2458/2458
f 1247/2459/2459 1246/2457/2457 1229/2456/2456
f 1246/2457/2457 1245/2455/2455 1228/2454/2454
f 1245/2455/2455 1244/2453/2453 1227/2452/2452
f 1244/2453/2453 1243/2451/2451 1226/2450/2450
f 1243/2451/2451 1260/2484/2484 1225/2449/2449
f 1261/2485/2485 1260/2486/2486 1243/2487/2487
f 1262/2488/2488 1243/2487/2487 1244/2489/2489
f 1263/2490/2490 1244/2489/2489 1245/2491/2491
f 1264/2492/2492 1245/2491/2491 1246/2493/2493
f 1265/2494/2494 1246/2493/2493 1247/2495/2495
f 1266/2496/2496 1247/2495/2495 1248/2497/2497
f 1267/2498/2498 1248/2497/2497 1249/2499/2499
f 1268/2500/2500 1249/2499/2499 1250/2501/2501
f 1269/2502/2502 1250/2501/2501 1251/2503/2503
f 1270/2504/2504 1251/2503/2503 1252/2505/2505
f 1271/2506/2506 1272/2507/2507 1252/2505/2505
f 1273/2508/2508 1271/2506/2506 1253/2509/2509
f 1274/2510/2510 1273/2508/2508 1254/2511/2511
f 1275/2512/2512 1274/2510/2510 1255/2513/2513
f 1276/2514/2514 1275/2512/2512 1256/2515/2515
f 1277/2516/2516 1276/2514/2514 1257/2517/2517
f 1278/2518/2518 1277/2516/2516 1258/2519/2519
f 1258/2519/2519 1259/2520/2520 1278/2518/2518
f 1257/2517/2517 1258/2519/2519 1277/2516/2516
f 1256/2515/2515 1257/2517/2517 1276/2514/2514
f 1255/2513/2513 1256/2515/2515 1275/2512/2512
f 1254/2511/2511 1255/2513/2513 1274/2510/2510
f 1253/2509/2509 1254/2511/2511 1273/2508/2508
f 1252/2505/2505 1253/2509/2509 1271/2506/2506
f 1252/2505/2505 1272/2507/2507 1270/2504/2504
f 1251/2503/2503 1270/2504/2504 1269/2502/2502
f 1250/2501/2501 1269/2502/2502 1268/2500/2500
f 1249/2499/2499 1268/2500/2500 1267/2498/2498
f 1248/2497/2497 1267/2498/2498 1266/2496/2496
f 1247/2495/2495 1266/2496/2496 1265/2494/2494
f 1246/2493/2493 1265/2494/2494 1264/2492/2492
f 1245/2491/2491 1264/2492/2492 1263/2490/2490
f 1244/2489/2489 1263/2490/2490 1262/2488/2488
f 1243/2487/2487 1262/2488/2488 1261/2485/2485
f 1261/2521/2521 1262/2522/2522 1279/2523/2523
f 1262/2522/2522 1263/2524/2524 1280/2525/2525
f 1263/2524/2524 1264/2526/2526 1281/2527/2527
f 1264/2526/2526 1265/2528/2528 1282/2529/2529
f 1265/2528/2528 1266/2530/2530 1283/2531/2531
f 1266/2530/2530 1267/2532/2532 1284/2533/2533
f 1267/2532/2532 1268/2534/2534 1285/2535/2535
f 1268/2534/2534 1269/2536/2536 1286/2537/2537
f 1269/2536/2536 1270/2538/2538 1287/2539/2539
f 1270/2538/2538 1272/2540/2540 1288/2541/2541
f 1271/2542/2542 1289/2543/2543 1288/2541/2541
f 1273/2544/2544 1290/2545/2545 1289/2543/2543
f 1274/2546/2546 1291/2547/2547 1290/2545/2545
f 1275/2548/2548 1292/2549/2549 1291/2547/2547
f 1276/2550/2550 1293/2551/2551 1292/2549/2549
f 1277/2552/2552 1294/2553/2553 1293/2551/2551
f 1278/2554/2554 1295/2555/2555 1294/2553/2553
f 1294/2553/2553 1277/2552/2552 1278/2554/2554
f 1293/2551/2551 1276/2550/2550 1277/2552/2552
f 1292/2549/2549 1275/2548/2548 1276/2550/2550
f 1291/2547/2547 1274/2546/2546 1275/2548/2548
f 1290/2545/2545 1273/2544/2544 1274/2546/2546
f 1289/2543/2543 1271/2542/2542 1273/2544/2544
f 1288/2541/2541 1272/2540/2540 1271/2542/2542
f 1288/2541/2541 1287/2539/2539 1270/2538/2538
f 1287/2539/2539 1286/2537/2537 1269/2536/2536
f 1286/2537/2537 1285/2535/2535 1268/2534/2534
f 1285/2535/2535 1284/2533/2533 1267/2532/2532
f 1284/2533/2533 1283/2531/2531 1266/2530/2530
f 1283/2531/2531 1282/2529/2529 1265/2528/2528
f 1282/2529/2529 1281/2527/2527 1264/2526/2526
f 1281/2527/2527 1280/2525/2525 1263/2524/2524
f 1280/2525/2525 1279/2523/2523 1262/2522/2522
f 1279/2523/2523 1296/2556/2556 1261/2521/2521
f 1297/2557/2557 1296/2558/2558 1279/2559/2559
f 1298/2560/2560 1279/2559/2559 1280/2561/2561
f 1299/2562/2562 1280/2561/2561 1281/2563/2563
f 1300/2564/2564 1281/2563/2563 1282/2565/2565
f 1301/2566/2566 1282/2565/2565 1283/2567/2567
f 1302/2568/2568 1283/2567/2567 1284/2569/2569
f 1303/2570/2570 1284/2569/2569 1285/2571/2571
f 1304/2572/2572 1285/2571/2571 1286/2573/2573
f 1305/2574/2574 1286/2573/2573 1287/2575/2575
f 1306/2576/2576 1287/2575/2575 1288/2577/2577
f 1307/2578/2578 1308/2579/2579 1288/2577/2577
f 1309/2580/2580 1307/2578/2578 1289/2581/2581
f 1310/2582/2582 1309/2580/2580 1290/2583/2583
f 1311/2584/2584 1310/2582/2582 1291/2585/2585
f 1312/2586/2586 1311/2584/2584 1292/2587/2587
f 1313/2588/2588 1312/2586/2586 1293/2589/2589
f 1314/2590/2590 1313/2588/2588 1294/2591/2591
f 1294/2591/2591 1295/2592/2592 1314/2590/2590
f 1293/2589/2589 1294/2591/2591 1313/2588/2588
f 1292/2587/2587 1293/2589/2589 1312/2586/2586
f 1291/2585/2585 1292/2587/2587 1311/2584/2584
f 1290/2583/2583 1291/2585/2585 1310/2582/2582
f 1289/2581/2581 1290/2583/2583 1309/2580/2580
f 1288/2577/2577 1289/2581/2581 1307/2578/2578
f 1288/2577/2577 1308/2579/2579 1306/2576/2576
f 1287/2575/2575 1306/2576/2576 1305/2574/2574
f 1286/2573/2573 1305/2574/2574 1304/2572/2572
f 1285/2571/2571 1304/2572/2572 1303/2570/2570
f 1284/2569/2569 1303/2570/2570 1302/2568/2568
f 1283/2567/2567 1302/2568/2568 1301/2566/2566
f 1282/2565/2565 1301/2566/2566 1300/2564/2564
f 1281/2563/2563 1300/2564/2564 1299/2562/2562
f 1280/2561/2561 1299/2562/2562 1298/2560/2560
f 1279/2559/2559 1298/2560/2560 1297/2557/2557
f 1297/2593/2593 1298/2594/2594 1315/2595/2595
f 1298/2594/2594 1299/2596/2596 1316/2597/2597
f 1299/2596/2596 1300/2598/2598 1317/2599/2599
f 1300/2598/2598 1301/2600/2600 1318/2601/2601
f 1301/2600/2600 1302/2602/2602 1319/2603/2603
f 1302/2602/2602 1303/2604/2604 1320/2605/2605
f 1303/2604/2604 1304/2606/2606 1321/2607/2607
f 1304/2606/2606 1305/2608/2608 1322/2609/2609
f 1305/2608/2608 1306/2610/2610 1323/2611/2611
f 1306/2610/2610 1308/2612/2612 1324/2613/2613
f 1307/2614/2614 1325/2615/2615 1324/2613/2613
f 1309/2616/2616 1326/2617/2617 1325/2615/2615
f 1310/2618/2618 1327/2619/2619 1326/2617/2617
f 1311/2620/2620 1328/2621/2621 1327/2619/2619
f 1312/2622/2622 1329/2623/2623 1328/2621/2621
f 1313/2624/2624 1330/2625/2625 1329/2623/2623
f 1314/2626/2626 1331/2627/2627 1330/2625/2625
f 1330/2625/2625 1313/2624/2624 1314/2626/2626
f 1329/2623/2623 1312/2622/2622 1313/2624/2624
f 1328/2621/2621 1311/2620/2620 1312/2622/2622
f 1327/2619/2619 1310/2618/2618 1311/2620/2620
f 1326/2617/2617 1309/2616/2616 1310/2618/2618
f 1325/2615/2615 1307/2614/2614 1309/2616/2616
f 1324/2613/2613 1308/2612/2612 1307/2614/2614
f 1324/2613/2613 1323/2611/2611 1306/2610/2610
f 1323/2611/2611 1322/2609/2609 1305/2608/2608
f 1322/2609/2609 1321/2607/2607 1304/2606/2606
f 1321/2607/2607 1320/2605/2605 1303/2604/2604
f 1320/2605/2605 1319/2603/2603 1302/2602/2602
f 1319/2603/2603 1318/2601/2601 1301/2600/2600
f 1318/2601/2601 1317/2599/2599 1300/2598/2598
f 1317/2599/2599 1316/2597/2597 1299/2596/2596
f 1316/2597/2597 1315/2595/2595 1298/2594/2594
f 1315/2595/2595 1332/2628/2628 1297/2593/2593
f 1333/2629/2629 1332/2630/2630 1315/2631/2631
f 1334/2632/2632 1315/2631/2631 1316/2633/2633
f 1335/2634/2634 1316/2633/2633 1317/2635/2635
f 1336/2636/2636 1317/2635/2635 1318/2637/2637
f 1337/2638/2638 1318/2637/2637 1319/2639/2639
f 1338/2640/2640 1319/2639/2639 1320/2641/2641
f 1339/2642/2642 1320/2641/2641 1321/2643/2643
f 1340/2644/2644 1321/2643/2643 1322/2645/2645
f 1341/2646/2646 1322/2645/2645 1323/2647/2647
f 1342/2648/2648 1323/2647/2647 1324/2649/2649
f 1343/2650/2650 1344/2651/2651 1324/2649/2649
f 1345/2652/2652 1343/2650/2650 1325/2653/2653
f 1346/2654/2654 1345/2652/2652 1326/2655/2655
f 1347/2656/2656 1346/2654/2654 1327/2657/2657
f 1348/2658/2658 1347/2656/2656 1328/2659/2659
f 1349/2660/2660 1348/2658/2658 1329/2661/2661
f 1350/2662/2662 1349/2660/2660 1330/2663/2663
f 1330/2663/2663 1331/2664/2664 1350/2662/2662
f 1329/2661/2661 1330/2663/2663 1349/2660/2660
f 1328/2659/2659 1329/2661/2661 1348/2658/2658
f 1327/2657/2657 1328/2659/2659 1347/2656/2656
f 1326/2655/2655 1327/2657/2657 1346/2654/2654
f 1325/2653/2653 1326/2655/2655 1345/2652/2652
f 1324/2649/2649 1325/2653/2653 1343/2650/2650
f 1324/2649/2649 1344/2651/2651 1342/2648/2648
f 1323/2647/2647 1342/2648/2648 1341/2646/2646
f 1322/2645/2645 1341/2646/2646 1340/2644/2644
f 1321/2643/2643 1340/2644/2644 1339/2642/2642
f 1320/2641/2641 1339/2642/2642 1338/2640/2640
f 1319/2639/2639 1338/2640/2640 1337/2638/2638
f 1318/2637/2637 1337/2638/2638 1336/2636/2636
f 1317/2635/2635 1336/2636/2636 1335/2634/2634
f 1316/2633/2633 1335/2634/2634 1334/2632/2632
f 1315/2631/2631 1334/2632/2632 1333/2629/2629
f 1333/2665/2665 1334/2666/2666 1351/2667/2667
f 1334/2666/2666 1335/2668/2668 1352/2669/2669
f 1335/2668/2668 1336/2670/2670 1353/2671/2671
f 1336/2670/2670 1337/2672/2672 1354/2673/2673
f 1337/2672/2672 1338/2674/2674 1355/2675/2675
f 1338/2674/2674 1339/2676/2676 1356/2677/2677
f 1339/2676/2676 1340/2678/2678 1357/2679/2679
f 1340/2678/2678 1341/2680/2680 1358/2681/2681
f 1341/2680/2680 1342/2682/2682 1359/2683/2683
f 1342/2682/2682 1344/2684/2684 1360/2685/2685
f 1343/2686/2686 1361/2687/2687 1360/2685/2685
f 1345/2688/2688 1362/2689/2689 1361/2687/2687
f 1346/2690/2690 1363/2691/2691 1362/2689/2689
f 1347/2692/2692 1364/2693/2693 1363/2691/2691
f 1348/2694/2694 1365/2695/2695 1364/2693/2693
f 1349/2696/2696 1366/2697/2697 1365/2695/2695
f 1350/2698/2698 1367/2699/2699 1366/2697/2697
f 1366/2697/2697 1349/2696/2696 1350/2698/2698
f 1365/2695/2695 1348/2694/2694 1349/2696/2696
f 1364/2693/2693 1347/2692/2692 1348/2694/2694
f 1363/2691/2691 1346/2690/2690 1347/2692/2692
f 1362/2689/2689 1345/2688/2688 1346/2690/2690
f 1361/2687/2687 1343/2686/2686 1345/2688/2688
f 1360/2685/2685 1344/2684/2684 1343/2686/2686
f 1360/2685/2685 1359/2683/2683 1342/2682/2682
f 1359/2683/2683 1358/2681/2681 1341/2680/2680
f 1358/2681/2681 1357/2679/2679 1340/2678/2678
f 1357/2679/2679 1356/2677/2677 1339/2676/2676
f 1356/2677/2677 1355/2675/2675 1338/2674/2674
f 1355/2675/2675 1354/2673/2673 1337/2672/2672
f 1354/2673/2673 1353/2671/2671 1336/2670/2670
f 1353/2671/2671 1352/2669/2669 1335/2668/2668
f 1352/2669/2669 1351/2667/2667 1334/2666/2666
f 1351/2667/2667 1368/2700/2700 1333/2665/2665
f 1369/2701/2701 1368/2702/2702 1351/2703/2703
f 1370/2704/2704 1351/2703/2703 1352/2705/2705
f 1371/2706/2706 1352/2705/2705 1353/2707/2707
f 1372/2708/2708 1353/2707/2707 1354/2709/2709
f 1373/2710/2710 1354/2709/2709 1355/2711/2711
f 1374/2712/2712 1355/2711/2711 1356/2713/2713
f 1375/2714/2714 1356/2713/2713 1357/2715/2715
f 1376/2716/2716 1357/2715/2715 1358/2717/2717
f 1377/2718/2718 1358/2717/2717 1359/2719/2719
f 1378/2720/2720 1359/2719/2719 1360/2721/2721
f 1379/2722/2722 1380/2723/2723 1360/2721/2721
f 1381/2724/2724 1379/2722/2722 1361/2725/2725
f 1382/2726/2726 1381/2724/2724 1362/2727/2727
f 1383/2728/2728 1382/2726/2726 1363/2729/2729
f 1384/2730/2730 1383/2728/2728 1364/2731/2731
f 1385/2732/2732 1384/2730/2730 1365/2733/2733
f 1386/2734/2734 1385/2732/2732 1366/2735/2735
f 1366/2735/2735 1367/2736/2736 1386/2734/2734
f 1365/2733/2733 1366/2735/2735 1385/2732/2732
f 1364/2731/2731 1365/2733/2733 1384/2730/2730
f 1363/2729/2729 1364/2731/2731 1383/2728/2728
f 1362/2727/2727 1363/2729/2729 1382/2726/2726
f 1361/2725/2725 1362/2727/2727 1381/2724/2724
f 1360/2721/2721 1361/2725/2725 1379/2722/2722
f 1360/2721/2721 1380/2723/2723 1378/2720/2720
f 1359/2719/2719 1378/2720/2720 1377/2718/2718
f 1358/2717/2717 1377/2718/2718 1376/2716/2716
f 1357/2715/2715 1376/2716/2716 1375/2714/2714
f 1356/2713/2713 1375/2714/2714 1374/2712/2712
f 1355/2711/2711 1374/2712/2712 1373/2710/2710
f 1354/2709/2709 1373/2710/2710 1372/2708/2708
f 1353/2707/2707 1372/2708/2708 1371/2706/2706
f 1352/2705/2705 1371/2706/2706 1370/2704/2704
f 1351/2703/2703 1370/2704/2704 1369/2701/2701
f 1369/2737/2737 1370/2738/2738 1387/2739/2739
f 1370/2738/2738 1371/2740/2740 1388/2741/2741
f 1371/2740/2740 1372/2742/2742 1389/2743/2743
f 1372/2742/2742 1373/2744/2744 1390/2745/2745
f 1373/2744/2744 1374/2746/2746 1391/2747/2747
f 1374/2746/2746 1375/2748/2748 1392/2749/2749
f 1375/2748/2748 1376/2750/2750 1393/2751/2751
f 1376/2750/2750 1377/2752/2752 1394/2753/2753
f 1377/2752/2752 1378/2754/2754 1395/2755/2755
f 1378/2754/2754 1380/2756/2756 1396/2757/2757
f 1379/2758/2758 1397/2759/2759 1396/2757/2757
f 1381/2760/2760 1398/2761/2761 1397/2759/2759
f 1382/2762/2762 1399/2763/2763 1398/2761/2761
f 1383/2764/2764 1400/2765/2765 1399/2763/2763
f 1384/2766/2766 1401/2767/2767 1400/2765/2765
f 1385/2768/2768 1402/2769/2769 1401/2767/2767
f 1386/2770/2770 1403/2771/2771 1402/2769/2769
f 1402/2769/2769 1385/2768/2768 1386/2770/2770
f 1401/2767/2767 1384/2766/2766 1385/2768/2768
f 1400/2765/2765 1383/2764/2764 1384/2766/2766
f 1399/2763/2763 1382/2762/2762 1383/2764/2764
f 1398/2761/2761 1381/2760/2760 1382/2762/2762
f 1397/2759/2759 1379/2758/2758 1381/2760/2760
f 1396/2757/2757 1380/2756/2756 1379/2758/2758
f 1396/2757/2757 1395/2755/2755 1378/2754/2754
f 1395/2755/2755 1394/2753/2753 1377/2752/2752
f 1394/2753/2753 1393/2751/2751 1376/2750/2750
f 1393/2751/2751 1392/2749/2749 1375/2748/2748
f 1392/2749/2749 1391/2747/2747 1374/2746/2746
f 1391/2747/2747 1390/2745/2745 1373/2744/2744
f 1390/2745/2745 1389/2743/2743 1372/2742/2742
f 1389/2743/2743 1388/2741/2741 1371/2740/2740
f 1388/2741/2741 1387/2739/2739 1370/2738/2738
f 1387/2739/2739 1404/2772/2772 1369/2737/2737
f 1405/2773/2773 1404/2774/2774 1387/2775/2775
f 1406/2776/2776 1387/2775/2775 1388/2777/2777
f 1407/2778/2778 1388/2777/2777 1389/2779/2779
f 1408/2780/2780 1389/2779/2779 1390/2781/2781
f 1409/2782/2782 1390/2781/2781 1391/2783/2783
f 1410/2784/2784 1391/2783/2783 1392/2785/2785
f 1411/2786/2786 1392/2785/2785 1393/2787/2787
f 1412/2788/2788 1393/2787/2787 1394/2789/2789
f 1413/2790/2790 1394/2789/2789 1395/2791/2791
f 1414/2792/2792 1395/2791/2791 1396/2793/2793
f 1415/2794/2794 1416/2795/2795 1396/2793/2793
f 1417/2796/2796 1415/2794/2794 1397/2797/2797
f 1418/2798/2798 1417/2796/2796 1398/2799/2799
f 1419/2800/2800 1418/2798/2798 1399/2801/2801
f 1420/2802/2802 1419/2800/2800 1400/2803/2803
f 1421/2804/2804 1420/2802/2802 1401/2805/2805
f 1422/2806/2806 1421/2804/2804 1402/2807/2807
f 1402/2807/2807 1403/2808/2808 1422/2806/2806
f 1401/2805/2805 1402/2807/2807 1421/2804/2804
f 1400/2803/2803 1401/2805/2805 1420/2802/2802
f 1399/2801/2801 1400/2803/2803 1419/2800/2800
f 1398/2799/2799 1399/2801/2801 1418/2798/2798
f 1397/2797/2797 1398/2799/2799 1417/2796/2796
f 1396/2793/2793 1397/2797/2797 1415/2794/2794
f 1396/2793/2793 1416/2795/2795 1414/2792/2792
f 1395/2791/2791 1414/2792/2792 1413/2790/2790
f 1394/2789/2789 1413/2790/2790 1412/2788/2788
f 1393/2787/2787 1412/2788/2788 1411/2786/2786
f 1392/2785/2785 1411/2786/2786 1410/2784/2784
f 1391/2783/2783 1410/2784/2784 1409/2782/2782
f 1390/2781/2781 1409/2782/2782 1408/2780/2780
f 1389/2779/2779 1408/2780/2780 1407/2778/2778
f 1388/2777/2777 1407/2778/2778 1406/2776/2776
f 1387/2775/2775 1406/2776/2776 1405/2773/2773
f 1405/2809/2809 1406/2810/2810 1423/2811/2811
f 1406/2810/2810 1407/2812/2812 1424/2813/2813
f 1407/2812/2812 1408/2814/2814 1425/2815/2815
f 1408/2814/2814 1409/2816/2816 1426/2817/2817
f 1409/2816/2816 1410/2818/2818 1427/2819/2819
f 1410/2818/2818 1411/2820/2820 1428/2821/2821
f 1411/2820/2820 1412/2822/2822 1429/2823/2823
f 1412/2822/2822 1413/2824/2824 1430/2825/2825
f 1413/2824/2824 1414/2826/2826 1431/2827/2827
f 1414/2826/2826 1416/2828/2828 1432/2829/2829
f 1415/2830/2830 1433/2831/2831 1432/2829/2829
f 1417/2832/2832 1434/2833/2833 1433/2831/2831
f 1418/2834/2834 1435/2835/2835 1434/2833/2833
f 1419/2836/2836 1436/2837/2837 1435/2835/2835
f 1420/2838/2838 1437/2839/2839 1436/2837/2837
f 1421/2840/2840 1438/2841/2841 1437/2839/2839
f 1422/2842/2842 1439/2843/2843 1438/2841/2841
f 1438/2841/2841 1421/2840/2840 1422/2842/2842
f 1437/2839/2839 1420/2838/2838 1421/2840/2840
f 1436/2837/2837 1419/2836/2836 1420/2838/2838
f 1435/2835/2835 1418/2834/2834 1419/2836/2836
f 1434/2833/2833 1417/2832/2832 1418/2834/2834
f 1433/2831/2831 1415/2830/2830 1417/2832/2832
f 1432/2829/2829 1416/2828/2828 1415/2830/2830
f 1432/2829/2829 1431/2827/2827 1414/2826/2826
f 1431/2827/2827 1430/2825/2825 1413/2824/2824
f 1430/2825/2825 1429/2823/2823 1412/2822/2822
f 1429/2823/2823 1428/2821/2821 1411/2820/2820
f 1428/2821/2821 1427/2819/2819 1410/2818/2818
f 1427/2819/2819 1426/2817/2817 1409/2816/2816
f 1426/2817/2817 1425/2815/2815 1408/2814/2814
f 1425/2815/2815 1424/2813/2813 1407/2812/2812
f 1424/2813/2813 1423/2811/2811 1406/2810/2810
f 1423/2811/2811 1440/2844/2844 1405/2809/2809
f 1441/2845/2845 1440/2846/2846 1423/2847/2847
f 1442/2848/2848 1423/2847/2847 1424/2849/2849
f 1443/2850/2850 1424/2849/2849 1425/2851/2851
f 1444/2852/2852 1425/2851/2851 1426/2853/2853
f 1445/2854/2854 1426/2853/2853 1427/2855/2855
f 1446/2856/2856 1427/2855/2855 1428/2857/2857
f 1447/2858/2858 1428/2857/2857 1429/2859/2859
f 1448/2860/2860 1429/2859/2859 1430/2861/2861
f 1449/2862/2862 1430/2861/2861 1431/2863/2863
f 1450/2864/2864 1431/2863/2863 1432/2865/2865
f 1451/2866/2866 1452/2867/2867 1432/2865/2865
f 1453/2868/2868 1451/2866/2866 1433/2869/2869
f 1454/2870/2870 1453/2868/2868 1434/2871/2871
f 1455/2872/2872 1454/2870/2870 1435/2873/2873
f 1456/2874/2874 1455/2872/2872 1436/2875/2875
f 1457/2876/2876 1456/2874/2874 1437/2877/2877
f 1458/2878/2878 1457/2876/2876 1438/2879/2879
f 1438/2879/2879 1439/2880/2880 1458/2878/2878
f 1437/2877/2877 1438/2879/2879 1457/2876/2876
f 1436/2875/2875 1437/2877/2877 1456/2874/2874
f 1435/2873/2873 1436/2875/2875 1455/2872/2872
f 1434/2871/2871 1435/2873/2873 1454/2870/2870
f 1433/2869/2869 1434/2871/2871 1453/2868/2868
f 1432/2865/2865 1433/2869/2869 1451/2866/2866
f 1432/2865/2865 1452/2867/2867 1450/2864/2864
f 1431/2863/2863 1450/2864/2864 1449/2862/2862
f 1430/2861/2861 1449/2862/2862 1448/2860/2860
f 1429/2859/2859 1448/2860/2860 1447/2858/2858
f 1428/2857/2857 1447/2858/2858 1446/2856/2856
f 1427/2855/2855 1446/2856/2856 1445/2854/2854
f 1426/2853/2853 1445/2854/2854 1444/2852/2852
f 1425/2851/2851 1444/2852/2852 1443/2850/2850
f 1424/2849/2849 1443/2850/2850 1442/2848/2848
f 1423/2847/2847 1442/2848/2848 1441/2845/2845
f 1441/2881/2881 1442/2882/2882 1459/2883/2883
f 1442/2882/2882 1443/2884/2884 1460/2885/2885
f 1443/2884/2884 1444/2886/2886 1461/2887/2887
f 1444/2886/2886 1445/2888/2888 1462/2889/2889
f 1445/2888/2888 1446/2890/2890 1463/2891/2891
f 1446/2890/2890 1447/2892/2892 1464/2893/2893
f 1447/2892/2892 1448/2894/2894 1465/2895/2895
f 1448/2894/2894 1449/2896/2896 1466/2897/2897
f 1449/2896/2896 1450/2898/2898 1467/2899/2899
f 1450/2898/2898 1452/2900/2900 1468/2901/2901
f 1451/2902/2902 1469/2903/2903 1468/2901/2901
f 1453/2904/2904 1470/2905/2905 1469/2903/2903
f 1454/2906/2906 1471/2907/2907 1470/2905/2905
f 1455/2908/2908 1472/2909/2909 1471/2907/2907
f 1456/2910/2910 1473/2911/2911 1472/2909/2909
f 1457/2912/2912 1474/2913/2913 1473/2911/2911
f 1458/2914/2914 1475/2915/2915 1474/2913/2913
f 1474/2913/2913 1457/2912/2912 1458/2914/2914
f 1473/2911/2911 1456/2910/2910 1457/2912/2912
f 1472/2909/2909 1455/2908/2908 1456/2910/2910
f 1471/2907/2907 1454/2906/2906 1455/2908/2908
f 1470/2905/2905 1453/2904/2904 1454/2906/2906
f 1469/2903/2903 1451/2902/2902 1453/2904/2904
f 1468/2901/2901 1452/2900/2900 1451/2902/2902
f 1468/2901/2901 1467/2899/2899 1450/2898/2898
f 1467/2899/2899 1466/2897/2897 1449/2896/2896
f 1466/2897/2897 1465/2895/2895 1448/2894/2894
f 1465/2895/2895 1464/2893/2893 1447/2892/2892
f 1464/2893/2893 1463/2891/2891 1446/2890/2890
f 1463/2891/2891 1462/2889/2889 1445/2888/2888
f 1462/2889/2889 1461/2887/2887 1444/2886/2886
f 1461/2887/2887 1460/2885/2885 1443/2884/2884
f 1460/2885/2885 1459/2883/2883 1442/2882/2882
f 1459/2883/2883 1476/2916/2916 1441/2881/2881
f 1477/2917/2917 1476/2918/2918 1459/2919/2919
f 1478/2920/2920 1459/2919/2919 1460/2921/2921
f 1479/2922/2922 1460/2921/2921 1461/2923/2923
f 1480/2924/2924 1461/2923/2923 1462/2925/2925
f 1481/2926/2926 1462/2925/2925 1463/2927/2927
f 1482/2928/2928 1463/2927/2927 1464/2929/2929
f 1483/2930/2930 1464/2929/2929 1465/2931/2931
f 1484/2932/2932 1465/2931/2931 1466/2933/2933
f 1485/2934/2934 1466/2933/2933 1467/2935/2935
f 1486/2936/2936 1467/2935/2935 1468/2937/2937
f 1487/2938/2938 1488/2939/2939 1468/2937/2937
f 1489/2940/2940 1487/2938/2938 1469/2941/2941
f 1490/2942/2942 1489/2940/2940 1470/2943/2943
f 1491/2944/2944 1490/2942/2942 1471/2945/2945
f 1492/2946/2946 1491/2944/2944 1472/2947/2947
f 1493/2948/2948 1492/2946/2946 1473/2949/2949
f 1494/2950/2950 1493/2948/2948 1474/2951/2951
f 1474/2951/2951 1475/2952/2952 1494/2950/2950
f 1473/2949/2949 1474/2951/2951 1493/2948/2948
f 1472/2947/2947 1473/2949/2949 1492/2946/2946
f 1471/2945/2945 1472/2947/2947 1491/2944/2944
f 1470/2943/2943 1471/2945/2945 1490/2942/2942
f 1469/2941/2941 1470/2943/2943 1489/2940/2940
f 1468/2937/2937 1469/2941/2941 1487/2938/2938
f 1468/2937/2937 1488/2939/2939 1486/2936/2936
f 1467/2935/2935 1486/2936/2936 1485/2934/2934
f 1466/2933/2933 1485/2934/2934 1484/2932/2932
f 1465/2931/2931 1484/2932/2932 1483/2930/2930
f 1464/2929/2929 1483/2930/2930 1482/2928/2928
f 1463/2927/2927 1482/2928/2928 1481/2926/2926
f 1462/2925/2925 1481/2926/2926 1480/2924/2924
f 1461/2923/2923 1480/2924/2924 1479/2922/2922
f 1460/2921/2921 1479/2922/2922 1478/2920/2920
f 1459/2919/2919 1478/2920/2920 1477/2917/2917
f 1477/2953/2953 1478/2954/2954 1495/2955/2955
f 1478/2954/2954 1479/2956/2956 1496/2957/2957
f 1479/2956/2956 1480/2958/2958 1497/2959/2959
f 1480/2958/2958 1481/2960/2960 1498/2961/2961
f 1481/2960/2960 1482/2962/2962 1499/2963/2963
f 1482/2962/2962 1483/2964/2964 1500/2965/2965
f 1483/2964/2964 1484/2966/2966 1501/2967/2967
f 1484/2966/2966 1485/2968/2968 1502/2969/2969
f 1485/2968/2968 1486/2970/2970 1503/2971/2971
f 1486/2970/2970 1488/2972/2972 1504/2973/2973
f 1487/2974/2974 1505/2975/2975 1504/2973/2973
f 1489/2976/2976 1506/2977/2977 1505/2975/2975
f 1490/2978/2978 1507/2979/2979 1506/2977/2977
f 1491/2980/2980 1508/2981/2981 1507/2979/2979
f 1492/2982/2982 1509/2983/2983 1508/2981/2981
f 1493/2984/2984 1510/2985/2985 1509/2983/2983
f 1494/2986/2986 1511/2987/2987 1510/2985/2985
f 1510/2985/2985 1493/2984/2984 1494/2986/2986
f 1509/2983/2983 1492/2982/2982 1493/2984/2984
f 1508/2981/2981 1491/2980/2980 1492/2982/2982
f 1507/2979/2979 1490/2978/2978 1491/2980/2980
f 1506/2977/2977 1489/2976/2976 1490/2978/2978
f 1505/2975/2975 1487/2974/2974 1489/2976/2976
f 1504/2973/2973 1488/2972/2972 1487/2974/2974
f 1504/2973/2973 1503/2971/2971 1486/2970/2970
f 1503/2971/2971 1502/2969/2969 1485/2968/2968
f 1502/2969/2969 1501/2967/2967 1484/2966/2966
f 1501/2967/2967 1500/2965/2965 1483/2964/2964
f 1500/2965/2965 1499/2963/2963 1482/2962/2962
f 1499/2963/2963 1498/2961/2961 1481/2960/2960
f 1498/2961/2961 1497/2959/2959 1480/2958/2958
f 1497/2959/2959 1496/2957/2957 1479/2956/2956
f 1496/2957/2957 1495/2955/2955 1478/2954/2954
f 1495/2955/2955 1512/2988/2988 1477/2953/2953
f 1513/2989/2989 1512/2990/2990 1495/2991/2991
f 1514/2992/2992 1495/2991/2991 1496/2993/2993
f 1515/2994/2994 1496/2993/2993 1497/2995/2995
f 1516/2996/2996 1497/2995/2995 1498/2997/2997
f 1517/2998/2998 1498/2997/2997 1499/2999/2999
f 1518/3000/3000 1499/2999/2999 1500/3001/3001
f 1519/3002/3002 1500/3001/3001 1501/3003/3003
f 1520/3004/3004 1501/3003/3003 1502/3005/3005
f 1521/3006/3006 1502/3005/3005 1503/3007/3007
f 1522/3008/3008 1503/3007/3007 1504/3009/3009
f 1523/3010/3010 1524/3011/3011 1504/3009/3009
f 1525/3012/3012 1523/3010/3010 1505/3013/3013
f 1526/3014/3014 1525/3012/3012 1506/3015/3015
f 1527/3016/3016 1526/3014/3014 1507/3017/3017
f 1528/3018/3018 1527/3016/3016 1508/3019/3019
f 1529/3020/3020 1528/3018/3018 1509/3021/3021
f 1530/3022/3022 1529/3020/3020 1510/3023/3023
f 1510/3023/3023 1511/3024/3024 1530/3022/3022
f 1509/3021/3021 1510/3023/3023 1529/3020/3020
f 1508/3019/3019 1509/3021/3021 1528/3018/3018
f 1507/3017/3017 1508/3019/3019 1527/3016/3016
f 1506/3015/3015 1507/3017/3017 1526/3014/3014
f 1505/3013/3013 1506/3015/3015 1525/3012/3012
f 1504/3009/3009 1505/3013/3013 1523/3010/3010
f 1504/3009/3009 1524/3011/3011 1522/3008/3008
f 1503/3007/3007 1522/3008/3008 1521/3006/3006
f 1502/3005/3005 1521/3006/3006 1520/3004/3004
f 1501/3003/3003 1520/3004/3004 1519/3002/3002
f 1500/3001/3001 1519/3002/3002 1518/3000/3000
f 1499/2999/2999 1518/3000/3000 1517/2998/2998
f 1498/2997/2997 1517/2998/2998 1516/2996/2996
f 1497/2995/2995 1516/2996/2996 1515/2994/2994
f 1496/2993/2993 1515/2994/2994 1514/2992/2992
f 1495/2991/2991 1514/2992/2992 1513/2989/2989
f 1513/3025/3025 1514/3026/3026 1531/3027/3027
f 1514/3026/3026 1515/3028/3028 1532/3029/3029
f 1515/3028/3028 1516/3030/3030 1533/3031/3031
f 1516/3030/3030 1517/3032/3032 1534/3033/3033
f 1517/3032/3032 1518/3034/3034 1535/3035/3035
f 1518/3034/3034 1519/3036/3036 1536/3037/3037
f 1519/3036/3036 1520/3038/3038 1537/3039/3039
f 1520/3038/3038 1521/3040/3040 1538/3041/3041
f 1521/3040/3040 1522/3042/3042 1539/3043/3043
f 1522/3042/3042 1524/3044/3044 1540/3045/3045
f 1523/3046/3046 1541/3047/3047 1540/3045/3045
f 1525/3048/3048 1542/3049/3049 1541/3047/3047
f 1526/3050/3050 1543/3051/3051 1542/3049/3049
f 1527/3052/3052 1544/3053/3053 1543/3051/3051
f 1528/3054/3054 1545/3055/3055 1544/3053/3053
f 1529/3056/3056 1546/3057/3057 1545/3055/3055
f 1530/3058/3058 1547/3059/3059 1546/3057/3057
f 1546/3057/3057 1529/3056/3056 1530/3058/3058
f 1545/3055/3055 1528/3054/3054 1529/3056/3056
f 1544/3053/3053 1527/3052/3052 1528/3054/3054
f 1543/3051/3051 1526/3050/3050 1527/3052/3052
f 1542/3049/3049 1525/3048/3048 1526/3050/3050
f 1541/3047/3047 1523/3046/3046 1525/3048/3048
f 1540/3045/3045 1524/3044/3044 1523/3046/3046
f 1540/3045/3045 1539/3043/3043 1522/3042/3042
f 1539/3043/3043 1538/3041/3041 1521/3040/3040
f 1538/3041/3041 1537/3039/3039 1520/3038/3038
f 1537/3039/3039 1536/3037/3037 1519/3036/3036
f 1536/3037/3037 1535/3035/3035 1518/3034/3034
f 1535/3035/3035 1534/3033/3033 1517/3032/3032
f 1534/3033/3033 1533/3031/3031 1516/3030/3030
f 1533/3031/3031 1532/3029/3029 1515/3028/3028
f 1532/3029/3029 1531/3027/3027 1514/3026/3026
f 1531/3027/3027 1548/3060/3060 1513/3025/3025
f 1549/3061/3061 1548/3062/3062 1531/3063/3063
f 1550/3064/3064 1531/3063/3063 1532/3065/3065
f 1551/3066/3066 1532/3065/3065 1533/3067/3067
f 1552/3068/3068 1533/3067/3067 1534/3069/3069
f 1553/3070/3070 1534/3069/3069 1535/3071/3071
f 1554/3072/3072 1535/3071/3071 1536/3073/3073
f 1555/3074/3074 1536/3073/3073 1537/3075/3075
f 1556/3076/3076 1537/3075/3075 1538/3077/3077
f 1557/3078/3078 1538/3077/3077 1539/3079/3079
f 1558/3080/3080 1539/3079/3079 1540/3081/3081
f 1559/3082/3082 1560/3083/3083 1540/3081/3081
f 1561/3084/3084 1559/3082/3082 1541/3085/3085
f 1562/3086/3086 1561/3084/3084 1542/3087/3087
f 1563/3088/3088 1562/3086/3086 1543/3089/3089
f 1564/3090/3090 1563/3088/3088 1544/3091/3091
f 1565/3092/3092 1564/3090/3090 1545/3093/3093
f 1566/3094/3094 1565/3092/3092 1546/3095/3095
f 1546/3095/3095 1547/3096/3096 1566/3094/3094
f 1545/3093/3093 1546/3095/3095 1565/3092/3092
f 1544/3091/3091 1545/3093/3093 1564/3090/3090
f 1543/3089/3089 1544/3091/3091 1563/3088/3088
f 1542/3087/3087 1543/3089/3089 1562/3086/3086
f 1541/3085/3085 1542/3087/3087 1561/3084/3084
f 1540/3081/3081 1541/3085/3085 1559/3082/3082
f 1540/3081/3081 1560/3083/3083 1558/3080/3080
f 1539/3079/3079 1558/3080/3080 1557/3078/3078
f 1538/3077/3077 1557/3078/3078 1556/3076/3076
f 1537/3075/3075 1556/3076/3076 1555/3074/3074
f 1536/3073/3073 1555/3074/3074 1554/3072/3072
f 1535/3071/3071 1554/3072/3072 1553/3070/3070
f 1534/3069/3069 1553/3070/3070 1552/3068/3068
f 1533/3067/3067 1552/3068/3068 1551/3066/3066
f 1532/3065/3065 1551/3066/3066 1550/3064/3064
f 1531/3063/3063 1550/3064/3064 1549/3061/3061
f 1549/3097/3097 1550/3098/3098 1567/3099/3099
f 1550/3098/3098 1551/3100/3100 1568/3101/3101
f 1551/3100/3100 1552/3102/3102 1569/3103/3103
f 1552/3102/3102 1553/3104/3104 1570/3105/3105
f 1553/3104/3104 1554/3106/3106 1571/3107/3107
f 1554/3106/3106 1555/3108/3108 1572/3109/3109
f 1555/3108/3108 1556/3110/3110 1573/3111/3111
f 1556/3110/3110 1557/3112/3112 1574/3113/3113
f 1557/3112/3112 1558/3114/3114 1575/3115/3115
f 1558/3114/3114 1560/3116/3116 1576/3117/3117
f 1559/3118/3118 1577/3119/3119 1576/3117/3117
f 1561/3120/3120 1578/3121/3121 1577/3119/3119
f 1562/3122/3122 1579/3123/3123 1578/3121/3121
f 1563/3124/3124 1580/3125/3125 1579/3123/3123
f 1564/3126/3126 1581/3127/3127 1580/3125/3125
f 1565/3128/3128 1582/3129/3129 1581/3127/3127
f 1566/3130/3130 1583/3131/3131 1582/3129/3129
f 1582/3129/3129 1565/3128/3128 1566/3130/3130
f 1581/3127/3127 1564/3126/3126 1565/3128/3128
f 1580/3125/3125 1563/3124/3124 1564/3126/3126
f 1579/3123/3123 1562/3122/3122 1563/3124/3124
f 1578/3121/3121 1561/3120/3120 1562/3122/3122
f 1577/3119/3119 1559/3118/3118 1561/3120/3120
f 1576/3117/3117 1560/3116/3116 1559/3118/3118
f 1576/3117/3117 1575/3115/3115 1558/3114/3114
f 1575/3115/3115 1574/3113/3113 1557/3112/3112
f 1574/3113/3113 1573/3111/3111 1556/3110/3110
f 1573/3111/3111 1572/3109/3109 1555/3108/3108
f 1572/3109/3109 1571/3107/3107 1554/3106/3106
f 1571/3107/3107 1570/3105/3105 1553/3104/3104
f 1570/3105/3105 1569/3103/3103 1552/3102/3102
f 1569/3103/3103 1568/3101/3101 1551/3100/3100
f 1568/3101/3101 1567/3099/3099 1550/3098/3098
f 1567/3099/3099 1584/3132/3132 1549/3097/3097
f 1585/3133/3133 1584/3134/3134 1567/3135/3135
f 1586/3136/3136 1567/3135/3135 1568/3137/3137
f 1587/3138/3138 1568/3137/3137 1569/3139/3139
f 1588/3140/3140 1569/3139/3139 1570/3141/3141
f 1589/3142/3142 1570/3141/3141 1571/3143/3143
f 1590/3144/3144 1571/3143/3143 1572/3145/3145
f 1591/3146/3146 1572/3145/3145 1573/3147/3147
f 1592/3148/3148 1573/3147/3147 1574/3149/3149
f 1593/3150/3150 1574/3149/3149 1575/3151/3151
f 1594/3152/3152 1575/3151/3151 1576/3153/3153
f 1595/3154/3154 1596/3155/3155 1576/3153/3153
f 1597/3156/3156 1595/3154/3154 1577/3157/3157
f 1598/3158/3158 1597/3156/3156 1578/3159/3159
f 1599/3160/3160 1598/3158/3158 1579/3161/3161
f 1600/3162/3162 1599/3160/3160 1580/3163/3163
f 1601/3164/3164 1600/3162/3162 1581/3165/3165
f 1602/3166/3166 1601/3164/3164 1582/3167/3167
f 1582/3167/3167 1583/3168/3168 1602/3166/3166
f 1581/3165/3165 1582/3167/3167 1601/3164/3164
f 1580/3163/3163 1581/3165/3165 1600/3162/3162
f 1579/3161/3161 1580/3163/3163 1599/3160/3160
f 1578/3159/3159 1579/3161/3161 1598/3158/3158
f 1577/3157/3157 1578/3159/3159 1597/3156/3156
f 1576/3153/3153 1577/3157/3157 1595/3154/3154
f 1576/3153/3153 1596/3155/3155 1594/3152/3152
f 1575/3151/3151 1594/3152/3152 1593/3150/3150
f 1574/3149/3149 1593/3150/3150 1592/3148/3148
f 1573/3147/3147 1592/3148/3148 1591/3146/3146
f 1572/3145/3145 1591/3146/3146 1590/3144/3144
f 1571/3143/3143 1590/3144/3144 1589/3142/3142
f 1570/3141/3141 1589/3142/3142 1588/3140/3140
f 1569/3139/3139 1588/3140/3140 1587/3138/3138
f 1568/3137/3137 1587/3138/3138 1586/3136/3136
f 1567/3135/3135 1586/3136/3136 1585/3133/3133
f 1585/3169/3169 1586/3170/3170 1603/3171/3171
f 1586/3170/3170 1587/3172/3172 1604/3173/3173
f 1587/3172/3172 1588/3174/3174 1605/3175/3175
f 1588/3174/3174 1589/3176/3176 1606/3177/3177
f 1589/3176/3176 1590/3178/3178 1607/3179/3179
f 1590/3178/3178 1591/3180/3180 1608/3181/3181
f 1591/3180/3180 1592/3182/3182 1609/3183/3183
f 1592/3182/3182 1593/3184/3184 1610/3185/3185
f 1593/3184/3184 1594/3186/3186 1611/3187/3187
f 1594/3186/3186 1596/3188/3188 1612/3189/3189
f 1595/3190/3190 1613/3191/3191 1612/3189/3189
f 1597/3192/3192 1614/3193/3193 1613/3191/3191
f 1598/3194/3194 1615/3195/3195 1614/3193/3193
f 1599/3196/3196 1616/3197/3197 1615/3195/3195
f 1600/3198/3198 1617/3199/3199 1616/3197/3197
f 1601/3200/3200 1618/3201/3201 1617/3199/3199
f 1602/3202/3202 1619/3203/3203 1618/3201/3201
f 1618/3201/3201 1601/3200/3200 1602/3202/3202
f 1617/3199/3199 1600/3198/3198 1601/3200/3200
f 1616/3197/3197 1599/3196/3196 1600/3198/3198
f 1615/3195/3195 1598/3194/3194 1599/3196/3196
f 1614/3193/3193 1597/3192/3192 1598/3194/3194
f 1613/3191/3191 1595/3190/3190 1597/3192/3192
f 1612/3189/3189 1596/3188/3188 1595/3190/3190
f 1612/3189/3189 1611/3187/3187 1594/3186/3186
f 1611/3187/3187 1610/3185/3185 1593/3184/3184
f 1610/3185/3185 1609/3183/3183 1592/3182/3182
f 1609/3183/3183 1608/3181/3181 1591/3180/3180
f 1608/3181/3181 1607/3179/3179 1590/3178/3178
f 1607/3179/3179 1606/3177/3177 1589/3176/3176
f 1606/3177/3177 1605/3175/3175 1588/3174/3174
f 1605/3175/3175 1604/3173/3173 1587/3172/3172
f 1604/3173/3173 1603/3171/3171 1586/3170/3170
f 1603/3171/3171 1620/3204/3204 1585/3169/3169
f 1621/3205/3205 1620/3206/3206 1603/3207/3207
f 1622/3208/3208 1603/3207/3207 1604/3209/3209
f 1623/3210/3210 1604/3209/3209 1605/3211/3211
f 1624/3212/3212 1605/3211/3211 1606/3213/3213
f 1625/3214/3214 1606/3213/3213 1607/3215/3215
f 1626/3216/3216 1607/3215/3215 1608/3217/3217
f 1627/3218/3218 1608/3217/3217 1609/3219/3219
f 1628/3220/3220 1609/3219/3219 1610/3221/3221
f 1629/3222/3222 1610/3221/3221 1611/3223/3223
f 1630/3224/3224 1611/3223/3223 1612/3225/3225
f 1631/3226/3226 1632/3227/3227 1612/3225/3225
f 1633/3228/3228 1631/3226/3226 1613/3229/3229
f 1634/3230/3230 1633/3228/3228 1614/3231/3231
f 1635/3232/3232 1634/3230/3230 1615/3233/3233
f 1636/3234/3234 1635/3232/3232 1616/3235/3235
f 1637/3236/3236 1636/3234/3234 1617/3237/3237
f 1638/3238/3238 1637/3236/3236 1618/3239/3239
f 1618/3239/3239 1619/3240/3240 1638/3238/3238
f 1617/3237/3237 1618/3239/3239 1637/3236/3236
f 1616/3235/3235 1617/3237/3237 1636/3234/3234
f 1615/3233/3233 1616/3235/3235 1635/3232/3232
f 1614/3231/3231 1615/3233/3233 1634/3230/3230
f 1613/3229/3229 1614/3231/3231 1633/3228/3228
f 1612/3225/3225 1613/3229/3229 1631/3226/3226
f 1612/3225/3225 1632/3227/3227 1630/3224/3224
f 1611/3223/3223 1630/3224/3224 1629/3222/3222
f 1610/3221/3221 1629/3222/3222 1628/3220/3220
f 1609/3219/3219 1628/3220/3220 1627/3218/3218
f 1608/3217/3217 1627/3218/3218 1626/3216/3216
f 1607/3215/3215 1626/3216/3216 1625/3214/3214
f 1606/3213/3213 1625/3214/3214 1624/3212/3212
f 1605/3211/3211 1624/3212/3212 1623/3210/3210
f 1604/3209/3209 1623/3210/3210 1622/3208/3208
f 1603/3207/3207 1622/3208/3208 1621/3205/3205
f 1621/3241/3241 1622/3242/3242 1639/3243/3243
f 1622/3242/3242 1623/3244/3244 1640/3245/3245
f 1623/3244/3244 1624/3246/3246 1641/3247/3247
f 1624/3246/3246 1625/3248/3248 1642/3249/3249
f 1625/3248/3248 1626/3250/3250 1643/3251/3251
f 1626/3250/3250 1627/3252/3252 1644/3253/3253
f 1627/3252/3252 1628/3254/3254 1645/3255/3255
f 1628/3254/3254 1629/3256/3256 1646/3257/3257
f 1629/3256/3256 1630/3258/3258 1647/3259/3259
f 1630/3258/3258 1632/3260/3260 1648/3261/3261
f 1631/3262/3262 1649/3263/3263 1648/3261/3261
f 1633/3264/3264 1650/3265/3265 1649/3263/3263
f 1634/3266/3266 1651/3267/3267 1650/3265/3265
f 1635/3268/3268 1652/3269/3269 1651/3267/3267
f 1636/3270/3270 1653/3271/3271 1652/3269/3269
f 1637/3272/3272 1654/3273/3273 1653/3271/3271
f 1638/3274/3274 1655/3275/3275 1654/3273/3273
f 1654/3273/3273 1637/3272/3272 1638/3274/3274
f 1653/3271/3271 1636/3270/3270 1637/3272/3272
f 1652/3269/3269 1635/3268/3268 1636/3270/3270
f 1651/3267/3267 1634/3266/3266 1635/3268/3268
f 1650/3265/3265 1633/3264/3264 1634/3266/3266
f 1649/3263/3263 1631/3262/3262 1633/3264/3264
f 1648/3261/3261 1632/3260/3260 1631/3262/3262
f 1648/3261/3261 1647/3259/3259 1630/3258/3258
f 1647/3259/3259 1646/3257/3257 1629/3256/3256
f 1646/3257/3257 1645/3255/3255 1628/3254/3254
f 1645/3255/3255 1644/3253/3253 1627/3252/3252
f 1644/3253/3253 1643/3251/3251 1626/3250/3250
f 1643/3251/3251 1642/3249/3249 1625/3248/3248
f 1642/3249/3249 1641/3247/3247 1624/3246/3246
f 1641/3247/3247 1640/3245/3245 1623/3244/3244
f 1640/3245/3245 1639/3243/3243 1622/3242/3242
f 1639/3243/3243 1656/3276/3276 1621/3241/3241
f 1657/3277/3277 1656/3278/3278 1639/3279/3279
f 1658/3280/3280 1639/3279/3279 1640/3281/3281
f 1659/3282/3282 1640/3281/3281 1641/3283/3283
f 1660/3284/3284 1641/3283/3283 1642/3285/3285
f 1661/3286/3286 1642/3285/3285 1643/3287/3287
f 1662/3288/3288 1643/3287/3287 1644/3289/3289
f 1663/3290/3290 1644/3289/3289 1645/3291/3291
f 1664/3292/3292 1645/3291/3291 1646/3293/3293
f 1665/3294/3294 1646/3293/3293 1647/3295/3295
f 1666/3296/3296 1647/3295/3295 1648/3297/3297
f 1667/3298/3298 1668/3299/3299 1648/3297/3297
f 1669/3300/3300 1667/3298/3298 1649/3301/3301
f 1670/3302/3302 1669/3300/3300 1650/3303/3303
f 1671/3304/3304 1670/3302/3302 1651/3305/3305
f 1672/3306/3306 1671/3304/3304 1652/3307/3307
f 1673/3308/3308 1672/3306/3306 1653/3309/3309
f 1674/3310/3310 1673/3308/3308 1654/3311/3311
f 1654/3311/3311 1655/3312/3312 1674/3310/3310
f 1653/3309/3309 1654/3311/3311 1673/3308/3308
f 1652/3307/3307 1653/3309/3309 1672/3306/3306
f 1651/3305/3305 1652/3307/3307 1671/3304/3304
f 1650/3303/3303 1651/3305/3305 1670/3302/3302
f 1649/3301/3301 1650/3303/3303 1669/3300/3300
f 1648/3297/3297 1649/3301/3301 1667/3298/3298
f 1648/3297/3297 1668/3299/3299 1666/3296/3296
f 1647/3295/3295 1666/3296/3296 1665/3294/3294
f 1646/3293/3293 1665/3294/3294 1664/3292/3292
f 1645/3291/3291 1664/3292/3292 1663/3290/3290
f 1644/3289/3289 1663/3290/3290 1662/3288/3288
f 1643/3287/3287 1662/3288/3288 1661/3286/3286
f 1642/3285/3285 1661/3286/3286 1660/3284/3284
f 1641/3283/3283 1660/3284/3284 1659/3282/3282
f 1640/3281/3281 1659/3282/3282 1658/3280/3280
f 1639/3279/3279 1658/3280/3280 1657/3277/3277
f 1657/3313/3313 1658/3314/3314 1675/3315/3315
f 1658/3314/3314 1659/3316/3316 1676/3317/3317
f 1659/3316/3316 1660/3318/3318 1677/3319/3319
f 1660/3318/3318 1661/3320/3320 1678/3321/3321
f 1661/3320/3320 1662/3322/3322 1679/3323/3323
f 1662/3322/3322 1663/3324/3324 1680/3325/3325
f 1663/3324/3324 1664/3326/3326 1681/3327/3327
f 1664/3326/3326 1665/3328/3328 1682/3329/3329
f 1665/3328/3328 1666/3330/3330 1683/3331/3331
f 1666/3330/3330 1668/3332/3332 1684/3333/3333
f 1667/3334/3334 1685/3335/3335 1684/3333/3333
f 1669/3336/3336 1686/3337/3337 1685/3335/3335
f 1670/3338/3338 1687/3339/3339 1686/3337/3337
f 1671/3340/3340 1688/3341/3341 1687/3339/3339
f 1672/3342/3342 1689/3343/3343 1688/3341/3341
f 1673/3344/3344 1690/3345/3345 1689/3343/3343
f 1674/3346/3346 1691/3347/3347 1690/3345/3345
f 1690/3345/3345 1673/3344/3344 1674/3346/3346
f 1689/3343/3343 1672/3342/3342 1673/3344/3344
f 1688/3341/3341 1671/3340/3340 1672/3342/3342
f 1687/3339/3339 1670/3338/3338 1671/3340/3340
f 1686/3337/3337 1669/3336/3336 1670/3338/3338
f 1685/3335/3335 1667/3334/3334 1669/3336/3336
f 1684/3333/3333 1668/3332/3332 1667/3334/3334
f 1684/3333/3333 1683/3331/3331 1666/3330/3330
f 1683/3331/3331 1682/3329/3329 1665/3328/3328
f 1682/3329/3329 1681/3327/3327 1664/3326/3326
f 1681/3327/3327 1680/3325/3325 1663/3324/3324
f 1680/3325/3325 1679/3323/3323 1662/3322/3322
f 1679/3323/3323 1678/3321/3321 1661/3320/3320
f 1678/3321/3321 1677/3319/3319 1660/3318/3318
f 1677/3319/3319 1676/3317/3317 1659/3316/3316
f 1676/3317/3317 1675/3315/3315 1658/3314/3314
f 1675/3315/3315 1692/3348/3348 1657/3313/3313
f 1693/3349/3349 1692/3350/3350 1675/3351/3351
f 1694/3352/3352 1675/3351/3351 1676/3353/3353
f 1695/3354/3354 1676/3353/3353 1677/3355/3355
f 1696/3356/3356 1677/3355/3355 1678/3357/3357
f 1697/3358/3358 1678/3357/3357 1679/3359/3359
f 1698/3360/3360 1679/3359/3359 1680/3361/3361
f 1699/3362/3362 1680/3361/3361 1681/3363/3363
f 1700/3364/3364 1681/3363/3363 1682/3365/3365
f 1701/3366/3366 1682/3365/3365 1683/3367/3367
f 1702/3368/3368 1683/3367/3367 1684/3369/3369
f 1703/3370/3370 1704/3371/3371 1684/3369/3369
f 1705/3372/3372 1703/3370/3370 1685/3373/3373
f 1706/3374/3374 1705/3372/3372 1686/3375/3375
f 1707/3376/3376 1706/3374/3374 1687/3377/3377
f 1708/3378/3378 1707/3376/3376 1688/3379/3379
f 1709/3380/3380 1708/3378/3378 1689/3381/3381
f 1710/3382/3382 1709/3380/3380 1690/3383/3383
f 1690/3383/3383 1691/3384/3384 1710/3382/3382
f 1689/3381/3381 1690/3383/3383 1709/3380/3380
f 1688/3379/3379 1689/3381/3381 1708/3378/3378
f 1687/3377/3377 1688/3379/3379 1707/3376/3376
f 1686/3375/3375 1687/3377/3377 1706/3374/3374
f 1685/3373/3373 1686/3375/3375 1705/3372/3372
f 1684/3369/3369 1685/3373/3373 1703/3370/3370
f 1684/3369/3369 1704/3371/3371 1702/3368/3368
f 1683/3367/3367 1702/3368/3368 1701/3366/3366
f 1682/3365/3365 1701/3366/3366 1700/3364/3364
f 1681/3363/3363 1700/3364/3364 1699/3362/3362
f 1680/3361/3361 1699/3362/3362 1698/3360/3360
f 1679/3359/3359 1698/3360/3360 1697/3358/3358
f 1678/3357/3357 1697/3358/3358 1696/3356/3356
f 1677/3355/3355 1696/3356/3356 1695/3354/3354
f 1676/3353/3353 1695/3354/3354 1694/3352/3352
f 1675/3351/3351 1694/3352/3352 1693/3349/3349
f 1693/3385/3385 1694/3386/3386 1711/3387/3387
f 1694/3386/3386 1695/3388/3388 1712/3389/3389
f 1695/3388/3388 1696/3390/3390 1713/3391/3391
f 1696/3390/3390 1697/3392/3392 1714/3393/3393
f 1697/3392/3392 1698/3394/3394 1715/3395/3395
f 1698/3394/3394 1699/3396/3396 1716/3397/3397
f 1699/3396/3396 1700/3398/3398 1717/3399/3399
f 1700/3398/3398 1701/3400/3400 1718/3401/3401
f 1701/3400/3400 1702/3402/3402 1719/3403/3403
f 1702/3402/3402 1704/3404/3404 1720/3405/3405
f 1703/3406/3406 1721/3407/3407 1720/3405/3405
f 1705/3408/3408 1722/3409/3409 1721/3407/3407
f 1706/3410/3410 1723/3411/3411 1722/3409/3409
f 1707/3412/3412 1724/3413/3413 1723/3411/3411
f 1708/3414/3414 1725/3415/3415 1724/3413/3413
f 1709/3416/3416 1726/3417/3417 1725/3415/3415
f 1710/3418/3418 1727/3419/3419 1726/3417/3417
f 1726/3417/3417 1709/3416/3416 1710/3418/3418
f 1725/3415/3415 1708/3414/3414 1709/3416/3416
f 1724/3413/3413 1707/3412/3412 1708/3414/3414
f 1723/3411/3411 1706/3410/3410 1707/3412/3412
f 1722/3409/3409 1705/3408/3408 1706/3410/3410
f 1721/3407/3407 1703/3406/3406 1705/3408/3408
f 1720/3405/3405 1704/3404/3404 1703/3406/3406
f 1720/3405/3405 1719/3403/3403 1702/3402/3402
f 1719/3403/3403 1718/3401/3401 1701/3400/3400
f 1718/3401/3401 1717/3399/3399 1700/3398/3398
f 1717/3399/3399 1716/3397/3397 1699/3396/3396
f 1716/3397/3397 1715/3395/3395 1698/3394/3394
f 1715/3395/3395 1714/3393/3393 1697/3392/3392
f 1714/3393/3393 1713/3391/3391 1696/3390/3390
f 1713/3391/3391 1712/3389/3389 1695/3388/3388
f 1712/3389/3389 1711/3387/3387 1694/3386/3386
f 1711/3387/3387 1728/3420/3420 1693/3385/3385
f 1729/3421/3421 1728/3422/3422 1711/3423/3423
f 1730/3424/3424 1711/3423/3423 1712/3425/3425
f 1731/3426/3426 1712/3425/3425 1713/3427/3427
f 1732/3428/3428 1713/3427/3427 1714/3429/3429
f 1733/3430/3430 1714/3429/3429 1715/3431/3431
f 1734/3432/3432 1715/3431/3431 1716/3433/3433
f 1735/3434/3434 1716/3433/3433 1717/3435/3435
f 1736/3436/3436 1717/3435/3435 1718/3437/3437
f 1737/3438/3438 1718/3437/3437 1719/3439/3439
f 1738/3440/3440 1719/3439/3439 1720/3441/3441
f 1739/3442/3442 1740/3443/3443 1720/3441/3441
f 1741/3444/3444 1739/3442/3442 1721/3445/3445
f 1742/3446/3446 1741/3444/3444 1722/3447/3447
f 1743/3448/3448 1742/3446/3446 1723/3449/3449
f 1744/3450/3450 1743/3448/3448 1724/3451/3451
f 1745/3452/3452 1744/3450/3450 1725/3453/3453
f 1746/3454/3454 1745/3452/3452 1726/3455/3455
f 1726/3455/3455 1727/3456/3456 1746/3454/3454
f 1725/3453/3453 1726/3455/3455 1745/3452/3452
f 1724/3451/3451 1725/3453/3453 1744/3450/3450
f 1723/3449/3449 1724/3451/3451 1743/3448/3448
f 1722/3447/3447 1723/3449/3449 1742/3446/3446
f 1721/3445/3445 1722/3447/3447 1741/3444/3444
f 1720/3441/3441 1721/3445/3445 1739/3442/3442
f 1720/3441/3441 1740/3443/3443 1738/3440/3440
f 1719/3439/3439 1738/3440/3440 1737/3438/3438
f 1718/3437/3437 1737/3438/3438 1736/3436/3436
f 1717/3435/3435 1736/3436/3436 1735/3434/3434
f 1716/3433/3433 1735/3434/3434 1734/3432/3432
f 1715/3431/3431 1734/3432/3432 1733/3430/3430
f 1714/3429/3429 1733/3430/3430 1732/3428/3428
f 1713/3427/3427 1732/3428/3428 1731/3426/3426
f 1712/3425/3425 1731/3426/3426 1730/3424/3424
f 1711/3423/3423 1730/3424/3424 1729/3421/3421
f 1729/3457/3457 1730/3458/3458 1747/3459/3459
f 1730/3458/3458 1731/3460/3460 1748/3461/3461
f 1731/3460/3460 1732/3462/3462 1749/3463/3463
f 1732/3462/3462 1733/3464/3464 1750/3465/3465
f 1733/3464/3464 1734/3466/3466 1751/3467/3467
f 1734/3466/3466 1735/3468/3468 1752/3469/3469
f 1735/3468/3468 1736/3470/3470 1753/3471/3471
f 1736/3470/3470 1737/3472/3472 1754/3473/3473
f 1737/3472/3472 1738/3474/3474 1755/3475/3475
f 1738/3474/3474 1740/3476/3476 1756/3477/3477
f 1739/3478/3478 1757/3479/3479 1756/3477/3477
f 1741/3480/3480 1758/3481/3481 1757/3479/3479
f 1742/3482/3482 1759/3483/3483 1758/3481/3481
f 1743/3484/3484 1760/3485/3485 1759/3483/3483
f 1744/3486/3486 1761/3487/3487 1760/3485/3485
f 1745/3488/3488 1762/3489/3489 1761/3487/3487
f 1746/3490/3490 1763/3491/3491 1762/3489/3489
f 1762/3489/3489 1745/3488/3488 1746/3490/3490
f 1761/3487/3487 1744/3486/3486 1745/3488/3488
f 1760/3485/3485 1743/3484/3484 1744/3486/3486
f 1759/3483/3483 1742/3482/3482 1743/3484/3484
f 1758/3481/3481 1741/3480/3480 1742/3482/3482
f 1757/3479/3479 1739/3478/3478 1741/3480/3480
f 1756/3477/3477 1740/3476/3476 1739/3478/3478
f 1756/3477/3477 1755/3475/3475 1738/3474/3474
f 1755/3475/3475 1754/3473/3473 1737/3472/3472
f 1754/3473/3473 1753/3471/3471 1736/3470/3470
f 1753/3471/3471 1752/3469/3469 1735/3468/3468
f 1752/3469/3469 1751/3467/3467 1734/3466/3466
f 1751/3467/3467 1750/3465/3465 1733/3464/3464
f 1750/3465/3465 1749/3463/3463 1732/3462/3462
f 1749/3463/3463 1748/3461/3461 1731/3460/3460
f 1748/3461/3461 1747/3459/3459 1730/3458/3458
f 1747/3459/3459 1764/3492/3492 1729/3457/3457
f 1765/3493/3493 1764/3494/3494 1747/3495/3495
f 1766/3496/3496 1747/3495/3495 1748/3497/3497
f 1767/3498/3498 1748/3497/3497 1749/3499/3499
f 1768/3500/3500 1749/3499/3499 1750/3501/3501
f 1769/3502/3502 1750/3501/3501 1751/3503/3503
f 1770/3504/3504 1751/3503/3503 1752/3505/3505
f 1771/3506/3506 1752/3505/3505 1753/3507/3507
f 1772/3508/3508 1753/3507/3507 1754/3509/3509
f 1773/3510/3510 1754/3509/3509 1755/3511/3511
f 1774/3512/3512 1755/3511/3511 1756/3513/3513
f 1775/3514/3514 1776/3515/3515 1756/3513/3513
f 1777/3516/3516 1775/3514/3514 1757/3517/3517
f 1778/3518/3518 1777/3516/3516 1758/3519/3519
f 1779/3520/3520 1778/3518/3518 1759/3521/3521
f 1780/3522/3522 1779/3520/3520 1760/3523/3523
f 1781/3524/3524 1780/3522/3522 1761/3525/3525
f 1782/3526/3526 1781/3524/3524 1762/3527/3527
f 1762/3527/3527 1763/3528/3528 1782/3526/3526
f 1761/3525/3525 1762/3527/3527 1781/3524/3524
f 1760/3523/3523 1761/3525/3525 1780/3522/3522
f 1759/3521/3521 1760/3523/3523 1779/3520/3520
f 1758/3519/3519 1759/3521/3521 1778/3518/3518
f 1757/3517/3517 1758/3519/3519 1777/3516/3516
f 1756/3513/3513 1757/3517/3517 1775/3514/3514
f 1756/3513/3513 1776/3515/3515 1774/3512/3512
f 1755/3511/3511 1774/3512/3512 1773/3510/3510
f 1754/3509/3509 1773/3510/3510 1772/3508/3508
f 1753/3507/3507 1772/3508/3508 1771/3506/3506
f 1752/3505/3505 1771/3506/3506 1770/3504/3504
f 1751/3503/3503 1770/3504/3504 1769/3502/3502
f 1750/3501/3501 1769/3502/3502 1768/3500/3500
f 1749/3499/3499 1768/3500/3500 1767/3498/3498
f 1748/3497/3497 1767/3498/3498 1766/3496/3496
f 1747/3495/3495 1766/3496/3496 1765/3493/3493
f 1765/3529/3529 1766/3530/3530 1783/3531/3531
f 1766/3530/3530 1767/3532/3532 1784/3533/3533
f 1767/3532/3532 1768/3534/3534 1785/3535/3535
f 1768/3534/3534 1769/3536/3536 1786/3537/3537
f 1769/3536/3536 1770/3538/3538 1787/3539/3539
f 1770/3538/3538 1771/3540/3540 1788/3541/3541
f 1771/3540/3540 1772/3542/3542 1789/3543/3543
f 1772/3542/3542 1773/3544/3544 1790/3545/3545
f 1773/3544/3544 1774/3546/3546 1791/3547/3547
f 1774/3546/3546 1776/3548/3548 1792/3549/3549
f 1775/3550/3550 1793/3551/3551 1792/3549/3549
f 1777/3552/3552 1794/3553/3553 1793/3551/3551
f 1778/3554/3554 1795/3555/3555 1794/3553/3553
f 1779/3556/3556 1796/3557/3557 1795/3555/3555
f 1780/3558/3558 1797/3559/3559 1796/3557/3557
f 1781/3560/3560 1798/3561/3561 1797/3559/3559
f 1782/3562/3562 1799/3563/3563 1798/3561/3561
f 1798/3561/3561 1781/3560/3560 1782/3562/3562
f 1797/3559/3559 1780/3558/3558 1781/3560/3560
f 1796/3557/3557 1779/3556/3556 1780/3558/3558
f 1795/3555/3555 1778/3554/3554 1779/3556/3556
f 1794/3553/3553 1777/3552/3552 1778/3554/3554
f 1793/3551/3551 1775/3550/3550 1777/3552/3552
f 1792/3549/3549 1776/3548/3548 1775/3550/3550
f 1792/3549/3549 1791/3547/3547 1774/3546/3546
f 1791/3547/3547 1790/3545/3545 1773/3544/3544
f 1790/3545/3545 1789/3543/3543 1772/3542/3542
f 1789/3543/3543 1788/3541/3541 1771/3540/3540
f 1788/3541/3541 1787/3539/3539 1770/3538/3538
f 1787/3539/3539 1786/3537/3537 1769/3536/3536
f 1786/3537/3537 1785/3535/3535 1768/3534/3534
f 1785/3535/3535 1784/3533/3533 1767/3532/3532
f 1784/3533/3533 1783/3531/3531 1766/3530/3530
f 1783/3531/3531 1800/3564/3564 1765/3529/3529
f 1801/3565/3565 1800/3566/3566 1783/3567/3567
f 1802/3568/3568 1783/3567/3567 1784/3569/3569
f 1803/3570/3570 1784/3569/3569 1785/3571/3571
f 1804/3572/3572 1785/3571/3571 1786/3573/3573
f 1805/3574/3574 1786/3573/3573 1787/3575/3575
f 1806/3576/3576 1787/3575/3575 1788/3577/3577
f 1807/3578/3578 1788/3577/3577 1789/3579/3579
f 1808/3580/3580 1789/3579/3579 1790/3581/3581
f 1809/3582/3582 1790/3581/3581 1791/3583/3583
f 1810/3584/3584 1791/3583/3583 1792/3585/3585
f 1811/3586/3586 1812/3587/3587 1792/3585/3585
f 1813/3588/3588 1811/3586/3586 1793/3589/3589
f 1814/3590/3590 1813/3588/3588 1794/3591/3591
f 1815/3592/3592 1814/3590/3590 1795/3593/3593
f 1816/3594/3594 1815/3592/3592 1796/3595/3595
f 1817/3596/3596 1816/3594/3594 1797/3597/3597
f 1818/3598/3598 1817/3596/3596 1798/3599/3599
f 1798/3599/3599 1799/3600/3600 1818/3598/3598
f 1797/3597/3597 1798/3599/3599 1817/3596/3596
f 1796/3595/3595 1797/3597/3597 1816/3594/3594
f 1795/3593/3593 1796/3595/3595 1815/3592/3592
f 1794/3591/3591 1795/3593/3593 1814/3590/3590
f 1793/3589/3589 1794/3591/3591 1813/3588/3588
f 1792/3585/3585 1793/3589/3589 1811/3586/3586
f 1792/3585/3585 1812/3587/3587 1810/3584/3584
f 1791/3583/3583 1810/3584/3584 1809/3582/3582
f 1790/3581/3581 1809/3582/3582 1808/3580/3580
f 1789/3579/3579 1808/3580/3580 1807/3578/3578
f 1788/3577/3577 1807/3578/3578 1806/3576/3576
f 1787/3575/3575 1806/3576/3576 1805/3574/3574
f 1786/3573/3573 1805/3574/3574 1804/3572/3572
f 1785/3571/3571 1804/3572/3572 1803/3570/3570
f 1784/3569/3569 1803/3570/3570 1802/3568/3568
f 1783/3567/3567 1802/3568/3568 1801/3565/3565
f 1801/3601/3601 1802/3602/3602 1819/3603/3603
f 1802/3602/3602 1803/3604/3604 1820/3605/3605
f 1803/3604/3604 1804/3606/3606 1821/3607/3607
f 1804/3606/3606 1805/3608/3608 1822/3609/3609
f 1805/3608/3608 1806/3610/3610 1823/3611/3611
f 1806/3610/3610 1807/3612/3612 1824/3613/3613
f 1807/3612/3612 1808/3614/3614 1825/3615/3615
f 1808/3614/3614 1809/3616/3616 1826/3617/3617
f 1809/3616/3616 1810/3618/3618 1827/3619/3619
f 1810/3618/3618 1812/3620/3620 1828/3621/3621
f 1811/3622/3622 1829/3623/3623 1828/3621/3621
f 1813/3624/3624 1830/3625/3625 1829/3623/3623
f 1814/3626/3626 1831/3627/3627 1830/3625/3625
f 1815/3628/3628 1832/3629/3629 1831/3627/3627
f 1816/3630/3630 1833/3631/3631 1832/3629/3629
f 1817/3632/3632 1834/3633/3633 1833/3631/3631
f 1818/3634/3634 1835/3635/3635 1834/3633/3633
f 1834/3633/3633 1817/3632/3632 1818/3634/3634
f 1833/3631/3631 1816/3630/3630 1817/3632/3632
f 1832/3629/3629 1815/3628/3628 1816/3630/3630
f 1831/3627/3627 1814/3626/3626 1815/3628/3628
f 1830/3625/3625 1813/3624/3624 1814/3626/3626
f 1829/3623/3623 1811/3622/3622 1813/3624/3624
f 1828/3621/3621 1812/3620/3620 1811/3622/3622
f 1828/3621/3621 1827/3619/3619 1810/3618/3618
f 1827/3619/3619 1826/3617/3617 1809/3616/3616
f 1826/3617/3617 1825/3615/3615 1808/3614/3614
f 1825/3615/3615 1824/3613/3613 1807/3612/3612
f 1824/3613/3613 1823/3611/3611 1806/3610/3610
f 1823/3611/3611 1822/3609/3609 1805/3608/3608
f 1822/3609/3609 1821/3607/3607 1804/3606/3606
f 1821/3607/3607 1820/3605/3605 1803/3604/3604
f 1820/3605/3605 1819/3603/3603 1802/3602/3602
f 1819/3603/3603 1836/3636/3636 1801/3601/3601
f 1837/3637/3637 1836/3638/3638 1819/3639/3639
f 1838/3640/3640 1819/3639/3639 1820/3641/3641
f 1839/3642/3642 1820/3641/3641 1821/3643/3643
f 1840/3644/3644 1821/3643/3643 1822/3645/3645
f 1841/3646/3646 1822/3645/3645 1823/3647/3647
f 1842/3648/3648 1823/3647/3647 1824/3649/3649
f 1843/3650/3650 1824/3649/3649 1825/3651/3651
f 1844/3652/3652 1825/3651/3651 1826/3653/3653
f 1845/3654/3654 1826/3653/3653 1827/3655/3655
f 1846/3656/3656 1827/3655/3655 1828/3657/3657
f 1847/3658/3658 1848/3659/3659 1828/3657/3657
f 1849/3660/3660 1847/3658/3658 1829/3661/3661
f 1850/3662/3662 1849/3660/3660 1830/3663/3663
f 1851/3664/3664 1850/3662/3662 1831/3665/3665
f 1852/3666/3666 1851/3664/3664 1832/3667/3667
f 1853/3668/3668 1852/3666/3666 1833/3669/3669
f 1854/3670/3670 1853/3668/3668 1834/3671/3671
f 1834/3671/3671 1835/3672/3672 1854/3670/3670
f 1833/3669/3669 1834/3671/3671 1853/3668/3668
f 1832/3667/3667 1833/3669/3669 1852/3666/3666
f 1831/3665/3665 1832/3667/3667 1851/3664/3664
f 1830/3663/3663 1831/3665/3665 1850/3662/3662
f 1829/3661/3661 1830/3663/3663 1849/3660/3660
f 1828/3657/3657 1829/3661/3661 1847/3658/3658
f 1828/3657/3657 1848/3659/3659 1846/3656/3656
f 1827/3655/3655 1846/3656/3656 1845/3654/3654
f 1826/3653/3653 1845/3654/3654 1844/3652/3652
f 1825/3651/3651 1844/3652/3652 1843/3650/3650
f 1824/3649/3649 1843/3650/3650 1842/3648/3648
f 1823/3647/3647 1842/3648/3648 1841/3646/3646
f 1822/3645/3645 1841/3646/3646 1840/3644/3644
f 1821/3643/3643 1840/3644/3644 1839/3642/3642
f 1820/3641/3641 1839/3642/3642 1838/3640/3640
f 1819/3639/3639 1838/3640/3640 1837/3637/3637
f 1837/3673/3673 1838/3674/3674 1855/3675/3675
f 1838/3674/3674 1839/3676/3676 1856/3677/3677
f 1839/3676/3676 1840/3678/3678 1857/3679/3679
f 1840/3678/3678 1841/3680/3680 1858/3681/3681
f 1841/3680/3680 1842/3682/3682 1859/3683/3683
f 1842/3682/3682 1843/3684/3684 1860/3685/3685
f 1843/3684/3684 1844/3686/3686 1861/3687/3687
f 1844/3686/3686 1845/3688/3688 1862/3689/3689
f 1845/3688/3688 1846/3690/3690 1863/3691/3691
f 1846/3690/3690 1848/3692/3692 1864/3693/3693
f 1847/3694/3694 1865/3695/3695 1864/3693/3693
f 1849/3696/3696 1866/3697/3697 1865/3695/3695
f 1850/3698/3698 1867/3699/3699 1866/3697/3697
f 1851/3700/3700 1868/3701/3701 1867/3699/3699
f 1852/3702/3702 1869/3703/3703 1868/3701/3701
f 1853/3704/3704 1870/3705/3705 1869/3703/3703
f 1854/3706/3706 1871/3707/3707 1870/3705/3705
f 1870/3705/3705 1853/3704/3704 1854/3706/3706
f 1869/3703/3703 1852/3702/3702 1853/3704/3704
f 1868/3701/3701 1851/3700/3700 1852/3702/3702
f 1867/3699/3699 1850/3698/3698 1851/3700/3700
f 1866/3697/3697 1849/3696/3696 1850/3698/3698
f 1865/3695/3695 1847/3694/3694 1849/3696/3696
f 1864/3693/3693 1848/3692/3692 1847/3694/3694
f 1864/3693/3693 1863/3691/3691 1846/3690/3690
f 1863/3691/3691 1862/3689/3689 1845/3688/3688
f 1862/3689/3689 1861/3687/3687 1844/3686/3686
f 1861/3687/3687 1860/3685/3685 1843/3684/3684
f 1860/3685/3685 1859/3683/3683 1842/3682/3682
f 1859/3683/3683 1858/3681/3681 1841/3680/3680
f 1858/3681/3681 1857/3679/3679 1840/3678/3678
f 1857/3679/3679 1856/3677/3677 1839/3676/3676
f 1856/3677/3677 1855/3675/3675 1838/3674/3674
f 1855/3675/3675 1872/3708/3708 1837/3673/3673
f 1873/3709/3709 1872/3710/3710 1855/3711/3711
f 1874/3712/3712 1855/3711/3711 1856/3713/3713
f 1875/3714/3714 1856/3713/3713 1857/3715/3715
f 1876/3716/3716 1857/3715/3715 1858/3717/3717
f 1877/3718/3718 1858/3717/3717 1859/3719/3719
f 1878/3720/3720 1859/3719/3719 1860/3721/3721
f 1879/3722/3722 1860/3721/3721 1861/3723/3723
f 1880/3724/3724 1861/3723/3723 1862/3725/3725
f 1881/3726/3726 1862/3725/3725 1863/3727/3727
f 1882/3728/3728 1863/3727/3727 1864/3729/3729
f 1883/3730/3730 1884/3731/3731 1864/3729/3729
f 1885/3732/3732 1883/3730/3730 1865/3733/3733
f 1886/3734/3734 1885/3732/3732 1866/3735/3735
f 1887/3736/3736 1886/3734/3734 1867/3737/3737
f 1888/3738/3738 1887/3736/3736 1868/3739/3739
f 1889/3740/3740 1888/3738/3738 1869/3741/3741
f 1890/3742/3742 1889/3740/3740 1870/3743/3743
f 1870/3743/3743 1871/3744/3744 1890/3742/3742
f 1869/3741/3741 1870/3743/3743 1889/3740/3740
f 1868/3739/3739 1869/3741/3741 1888/3738/3738
f 1867/3737/3737 1868/3739/3739 1887/3736/3736
f 1866/3735/3735 1867/3737/3737 1886/3734/3734
f 1865/3733/3733 1866/3735/3735 1885/3732/3732
f 1864/3729/3729 1865/3733/3733 1883/3730/3730
f 1864/3729/3729 1884/3731/3731 1882/3728/3728
f 1863/3727/3727 1882/3728/3728 1881/3726/3726
f 1862/3725/3725 1881/3726/3726 1880/3724/3724
f 1861/3723/3723 1880/3724/3724 1879/3722/3722
f 1860/3721/3721 1879/3722/3722 1878/3720/3720
f 1859/3719/3719 1878/3720/3720 1877/3718/3718
f 1858/3717/3717 1877/3718/3718 1876/3716/3716
f 1857/3715/3715 1876/3716/3716 1875/3714/3714
f 1856/3713/3713 1875/3714/3714 1874/3712/3712
f 1855/3711/3711 1874/3712/3712 1873/3709/3709
f 1873/3745/3745 1874/3746/3746 1891/3747/3747
f 1874/3746/3746 1875/3748/3748 1892/3749/3749
f 1875/3748/3748 1876/3750/3750 1893/3751/3751
f 1876/3750/3750 1877/3752/3752 1894/3753/3753
f 1877/3752/3752 1878/3754/3754 1895/3755/3755
f 1878/3754/3754 1879/3756/3756 1896/3757/3757
f 1879/3756/3756 1880/3758/3758 1897/3759/3759
f 1880/3758/3758 1881/3760/3760 1898/3761/3761
f 1881/3760/3760 1882/3762/3762 1899/3763/3763
f 1882/3762/3762 1884/3764/3764 1900/3765/3765
f 1883/3766/3766 1901/3767/3767 1900/3765/3765
f 1885/3768/3768 1902/3769/3769 1901/3767/3767
f 1886/3770/3770 1903/3771/3771 1902/3769/3769
f 1887/3772/3772 1904/3773/3773 1903/3771/3771
f 1888/3774/3774 1905/3775/3775 1904/3773/3773
f 1889/3776/3776 1906/3777/3777 1905/3775/3775
f 1890/3778/3778 1907/3779/3779 1906/3777/3777
f 1906/3777/3777 1889/3776/3776 1890/3778/3778
f 1905/3775/3775 1888/3774/3774 1889/3776/3776
f 1904/3773/3773 1887/3772/3772 1888/3774/3774
f 1903/3771/3771 1886/3770/3770 1887/3772/3772
f 1902/3769/3769 1885/3768/3768 1886/3770/3770
f 1901/3767/3767 1883/3766/3766 1885/3768/3768
f 1900/3765/3765 1884/3764/3764 1883/3766/3766
f 1900/3765/3765 1899/3763/3763 1882/3762/3762
f 1899/3763/3763 1898/3761/3761 1881/3760/3760
f 1898/3761/3761 1897/3759/3759 1880/3758/3758
f 1897/3759/3759 1896/3757/3757 1879/3756/3756
f 1896/3757/3757 1895/3755/3755 1878/3754/3754
f 1895/3755/3755 1894/3753/3753 1877/3752/3752
f 1894/3753/3753 1893/3751/3751 1876/3750/3750
f 1893/3751/3751 1892/3749/3749 1875/3748/3748
f 1892/3749/3749 1891/3747/3747 1874/3746/3746
f 1891/3747/3747 1908/3780/3780 1873/3745/3745
f 1909/3781/3781 1908/3782/3782 1891/3783/3783
f 1910/3784/3784 1891/3783/3783 1892/3785/3785
f 1911/3786/3786 1892/3785/3785 1893/3787/3787
f 1912/3788/3788 1893/3787/3787 1894/3789/3789
f 1913/3790/3790 1894/3789/3789 1895/3791/3791
f 1914/3792/3792 1895/3791/3791 1896/3793/3793
f 1915/3794/3794 1896/3793/3793 1897/3795/3795
f 1916/3796/3796 1897/3795/3795 1898/3797/3797
f 1917/3798/3798 1898/3797/3797 1899/3799/3799
f 1918/3800/3800 1899/3799/3799 1900/3801/3801
f 1919/3802/3802 1920/3803/3803 1900/3801/3801
f 1921/3804/3804 1919/3802/3802 1901/3805/3805
f 1922/3806/3806 1921/3804/3804 1902/3807/3807
f 1923/3808/3808 1922/3806/3806 1903/3809/3809
f 1924/3810/3810 1923/3808/3808 1904/3811/3811
f 1925/3812/3812 1924/3810/3810 1905/3813/3813
f 1926/3814/3814 1925/3812/3812 1906/3815/3815
f 1906/3815/3815 1907/3816/3816 1926/3814/3814
f 1905/3813/3813 1906/3815/3815 1925/3812/3812
f 1904/3811/3811 1905/3813/3813 1924/3810/3810
f 1903/3809/3809 1904/3811/3811 1923/3808/3808
f 1902/3807/3807 1903/3809/3809 1922/3806/3806
f 1901/3805/3805 1902/3807/3807 1921/3804/3804
f 1900/3801/3801 1901/3805/3805 1919/3802/3802
f 1900/3801/3801 1920/3803/3803 1918/3800/3800
f 1899/3799/3799 1918/3800/3800 1917/3798/3798
f 1898/3797/3797 1917/3798/3798 1916/3796/3796
f 1897/3795/3795 1916/3796/3796 1915/3794/3794
f 1896/3793/3793 1915/3794/3794 1914/3792/3792
f 1895/3791/3791 1914/3792/3792 1913/3790/3790
f 1894/3789/3789 1913/3790/3790 1912/3788/3788
f 1893/3787/3787 1912/3788/3788 1911/3786/3786
f 1892/3785/3785 1911/3786/3786 1910/3784/3784
f 1891/3783/3783 1910/3784/3784 1909/3781/3781
f 1909/3817/3817 1910/3818/3818 1927/3819/3819
f 1910/3818/3818 1911/3820/3820 1928/3821/3821
f 1911/3820/3820 1912/3822/3822 1929/3823/3823
f 1912/3822/3822 1913/3824/3824 1930/3825/3825
f 1913/3824/3824 1914/3826/3826 1931/3827/3827
f 1914/3826/3826 1915/3828/3828 1932/3829/3829
f 1915/3828/3828 1916/3830/3830 1933/3831/3831
f 1916/3830/3830 1917/3832/3832 1934/3833/3833
f 1917/3832/3832 1918/3834/3834 1935/3835/3835
f 1918/3834/3834 1920/3836/3836 1936/3837/3837
f 1919/3838/3838 1937/3839/3839 1936/3837/3837
f 1921/3840/3840 1938/3841/3841 1937/3839/3839
f 1922/3842/3842 1939/3843/3843 1938/3841/3841
f 1923/3844/3844 1940/3845/3845 1939/3843/3843
f 1924/3846/3846 1941/3847/3847 1940/3845/3845
f 1925/3848/3848 1942/3849/3849 1941/3847/3847
f 1926/3850/3850 1943/3851/3851 1942/3849/3849
f 1942/3849/3849 1925/3848/3848 1926/3850/3850
f 1941/3847/3847 1924/3846/3846 1925/3848/3848
f 1940/3845/3845 1923/3844/3844 1924/3846/3846
f 1939/3843/3843 1922/3842/3842 1923/3844/3844
f 1938/3841/3841 1921/3840/3840 1922/3842/3842
f 1937/3839/3839 1919/3838/3838 1921/3840/3840
f 1936/3837/3837 1920/3836/3836 1919/3838/3838
f 1936/3837/3837 1935/3835/3835 1918/3834/3834
f 1935/3835/3835 1934/3833/3833 1917/3832/3832
f 1934/3833/3833 1933/3831/3831 1916/3830/3830
f 1933/3831/3831 1932/3829/3829 1915/3828/3828
f 1932/3829/3829 1931/3827/3827 1914/3826/3826
f 1931/3827/3827 1930/3825/3825 1913/3824/3824
f 1930/3825/3825 1929/3823/3823 1912/3822/3822
f 1929/3823/3823 1928/3821/3821 1911/3820/3820
f 1928/3821/3821 1927/3819/3819 1910/3818/3818
f 1927/3819/3819 1944/3852/3852 1909/3817/3817
f 1945/3853/3853 1944/3854/3854 1927/3855/3855
f 1946/3856/3856 1927/3855/3855 1928/3857/3857
f 1947/3858/3858 1928/3857/3857 1929/3859/3859
f 1948/3860/3860 1929/3859/3859 1930/3861/3861
f 1949/3862/3862 1930/3861/3861 1931/3863/3863
f 1950/3864/3864 1931/3863/3863 1932/3865/3865
f 1951/3866/3866 1932/3865/3865 1933/3867/3867
f 1952/3868/3868 1933/3867/3867 1934/3869/3869
f 1953/3870/3870 1934/3869/3869 1935/3871/3871
f 1954/3872/3872 1935/3871/3871 1936/3873/3873
f 1955/3874/3874 1956/3875/3875 1936/3873/3873
f 1957/3876/3876 1955/3874/3874 1937/3877/3877
f 1958/3878/3878 1957/3876/3876 1938/3879/3879
f 1959/3880/3880 1958/3878/3878 1939/3881/3881
f 1960/3882/3882 1959/3880/3880 1940/3883/3883
f 1961/3884/3884 1960/3882/3882 1941/3885/3885
f 1962/3886/3886 1961/3884/3884 1942/3887/3887
f 1942/3887/3887 1943/3888/3888 1962/3886/3886
f 1941/3885/3885 1942/3887/3887 1961/3884/3884
f 1940/3883/3883 1941/3885/3885 1960/3882/3882
f 1939/3881/3881 1940/3883/3883 1959/3880/3880
f 1938/3879/3879 1939/3881/3881 1958/3878/3878
f 1937/3877/3877 1938/3879/3879 1957/3876/3876
f 1936/3873/3873 1937/3877/3877 1955/3874/3874
f 1936/3873/3873 1956/3875/3875 1954/3872/3872
f 1935/3871/3871 1954/3872/3872 1953/3870/3870
f 1934/3869/3869 1953/3870/3870 1952/3868/3868
f 1933/3867/3867 1952/3868/3868 1951/3866/3866
f 1932/3865/3865 1951/3866/3866 1950/3864/3864
f 1931/3863/3863 1950/3864/3864 1949/3862/3862
f 1930/3861/3861 1949/3862/3862 1948/3860/3860
f 1929/3859/3859 1948/3860/3860 1947/3858/3858
f 1928/3857/3857 1947/3858/3858 1946/3856/3856
f 1927/3855/3855 1946/3856/3856 1945/3853/3853
f 1945/3889/3889 1946/3890/3890 1963/3891/3891
f 1946/3890/3890 1947/3892/3892 1964/3893/3893
f 1947/3892/3892 1948/3894/3894 1965/3895/3895
f 1948/3894/3894 1949/3896/3896 1966/3897/3897
f 1949/3896/3896 1950/3898/3898 1967/3899/3899
f 1950/3898/3898 1951/3900/3900 1968/3901/3901
f 1951/3900/3900 1952/3902/3902 1969/3903/3903
f 1952/3902/3902 1953/3904/3904 1970/3905/3905
f 1953/3904/3904 1954/3906/3906 1971/3907/3907
f 1954/3906/3906 1956/3908/3908 1972/3909/3909
f 1955/3910/3910 1973/3911/3911 1972/3909/3909
f 1957/3912/3912 1974/3913/3913 1973/3911/3911
f 1958/3914/3914 1975/3915/3915 1974/3913/3913
f 1959/3916/3916 1976/3917/3917 1975/3915/3915
f 1960/3918/3918 1977/3919/3919 1976/3917/3917
f 1961/3920/3920 1978/3921/3921 1977/3919/3919
f 1962/3922/3922 1979/3923/3923 1978/3921/3921
f 1978/3921/3921 1961/3920/3920 1962/3922/3922
f 1977/3919/3919 1960/3918/3918 1961/3920/3920
f 1976/3917/3917 1959/3916/3916 1960/3918/3918
f 1975/3915/3915 1958/3914/3914 1959/3916/3916
f 1974/3913/3913 1957/3912/3912 1958/3914/3914
f 1973/3911/3911 1955/3910/3910 1957/3912/3912
f 1972/3909/3909 1956/3908/3908 1955/3910/3910
f 1972/3909/3909 1971/3907/3907 1954/3906/3906
f 1971/3907/3907 1970/3905/3905 1953/3904/3904
f 1970/3905/3905 1969/3903/3903 1952/3902/3902
f 1969/3903/3903 1968/3901/3901 1951/3900/3900
f 1968/3901/3901 1967/3899/3899 1950/3898/3898
f 1967/3899/3899 1966/3897/3897 1949/3896/3896
f 1966/3897/3897 1965/3895/3895 1948/3894/3894
f 1965/3895/3895 1964/3893/3893 1947/3892/3892
f 1964/3893/3893 1963/3891/3891 1946/3890/3890
f 1963/3891/3891 1980/3924/3924 1945/3889/3889
f 1981/3925/3925 1980/3926/3926 1963/3927/3927
f 1982/3928/3928 1963/3927/3927 1964/3929/3929
f 1983/3930/3930 1964/3929/3929 1965/3931/3931
f 1984/3932/3932 1965/3931/3931 1966/3933/3933
f 1985/3934/3934 1966/3933/3933 1967/3935/3935
f 1986/3936/3936 1967/3935/3935 1968/3937/3937
f 1987/3938/3938 1968/3937/3937 1969/3939/3939
f 1988/3940/3940 1969/3939/3939 1970/3941/3941
f 1989/3942/3942 1970/3941/3941 1971/3943/3943
f 1990/3944/3944 1971/3943/3943 1972/3945/3945
f 1991/3946/3946 1992/3947/3947 1972/3945/3945
f 1993/3948/3948 1991/3946/3946 1973/3949/3949
f 1994/3950/3950 1993/3948/3948 1974/3951/3951
f 1995/3952/3952 1994/3950/3950 1975/3953/3953
f 1996/3954/3954 1995/3952/3952 1976/3955/3955
f 1997/3956/3956 1996/3954/3954 1977/3957/3957
f 1998/3958/3958 1997/3956/3956 1978/3959/3959
f 1978/3959/3959 1979/3960/3960 1998/3958/3958
f 1977/3957/3957 1978/3959/3959 1997/3956/3956
f 1976/3955/3955 1977/3957/3957 1996/3954/3954
f 1975/3953/3953 1976/3955/3955 1995/3952/3952
f 1974/3951/3951 1975/3953/3953 1994/3950/3950
f 1973/3949/3949 1974/3951/3951 1993/3948/3948
f 1972/3945/3945 1973/3949/3949 1991/3946/3946
f 1972/3945/3945 1992/3947/3947 1990/3944/3944
f 1971/3943/3943 1990/3944/3944 1989/3942/3942
f 1970/3941/3941 1989/3942/3942 1988/3940/3940
f 1969/3939/3939 1988/3940/3940 1987/3938/3938
f 1968/3937/3937 1987/3938/3938 1986/3936/3936
f 1967/3935/3935 1986/3936/3936 1985/3934/3934
f 1966/3933/3933 1985/3934/3934 1984/3932/3932
f 1965/3931/3931 1984/3932/3932 1983/3930/3930
f 1964/3929/3929 1983/3930/3930 1982/3928/3928
f 1963/3927/3927 1982/3928/3928 1981/3925/3925
f 1981/3961/3961 1982/3962/3962 1999/3963/3963
f 1982/3962/3962 1983/3964/3964 2000/3965/3965
f 1983/3964/3964 1984/3966/3966 2001/3967/3967
f 1984/3966/3966 1985/3968/3968 2002/3969/3969
f 1985/3968/3968 1986/3970/3970 2003/3971/3971
f 1986/3970/3970 1987/3972/3972 2004/3973/3973
f 1987/3972/3972 1988/3974/3974 2005/3975/3975
f 1988/3974/3974 1989/3976/3976 2006/3977/3977
f 1989/3976/3976 1990/3978/3978 2007/3979/3979
f 1990/3978/3978 1992/3980/3980 2008/3981/3981
f 1991/3982/3982 2009/3983/3983 2008/3981/3981
f 1993/3984/3984 2010/3985/3985 2009/3983/3983
f 1994/3986/3986 2011/3987/3987 2010/3985/3985
f 1995/3988/3988 2012/3989/3989 2011/3987/3987
f 1996/3990/3990 2013/3991/3991 2012/3989/3989
f 1997/3992/3992 2014/3993/3993 2013/3991/3991
f 1998/3994/3994 2015/3995/3995 2014/3993/3993
f 2014/3993/3993 1997/3992/3992 1998/3994/3994
f 2013/3991/3991 1996/3990/3990 1997/3992/3992
f 2012/3989/3989 1995/3988/3988 1996/3990/3990
f 2011/3987/3987 1994/3986/3986 1995/3988/3988
f 2010/3985/3985 1993/3984/3984 1994/3986/3986
f 2009/3983/3983 1991/3982/3982 1993/3984/3984
f 2008/3981/3981 1992/3980/3980 1991/3982/3982
f 2008/3981/3981 2007/3979/3979 1990/3978/3978
f 2007/3979/3979 2006/3977/3977 1989/3976/3976
f 2006/3977/3977 2005/3975/3975 1988/3974/3974
f 2005/3975/3975 2004/3973/3973 1987/3972/3972
f 2004/3973/3973 2003/3971/3971 1986/3970/3970
f 2003/3971/3971 2002/3969/3969 1985/3968/3968
f 2002/3969/3969 2001/3967/3967 1984/3966/3966
f 2001/3967/3967 2000/3965/3965 1983/3964/3964
f 2000/3965/3965 1999/3963/3963 1982/3962/3962
f 1999/3963/3963 2016/3996/3996 1981/3961/3961
f 2017/3997/3997 2016/3998/3998 1999/3999/3999
f 2018/4000/4000 1999/3999/3999 2000/4001/4001
f 2019/4002/4002 2000/4001/4001 2001/4003/4003
f 2020/4004/4004 2001/4003/4003 2002/4005/4005
f 2021/4006/4006 2002/4005/4005 2003/4007/4007
f 2022/4008/4008 2003/4007/4007 2004/4009/4009
f 2023/4010/4010 2004/4009/4009 2005/4011/4011
f 2024/4012/4012 2005/4011/4011 2006/4013/4013
f 2025/4014/4014 2006/4013/4013 2007/4015/4015
f 2026/4016/4016 2007/4015/4015 2008/4017/4017
f 2027/4018/4018 2028/4019/4019 2008/4017/4017
f 2029/4020/4020 2027/4018/4018 2009/4021/4021
f 2030/4022/4022 2029/4020/4020 2010/4023/4023
f 2031/4024/4024 2030/4022/4022 2011/4025/4025
f 2032/4026/4026 2031/4024/4024 2012/4027/4027
f 2033/4028/4028 2032/4026/4026 2013/4029/4029
f 2034/4030/4030 2033/4028/4028 2014/4031/4031
f 2014/4031/4031 2015/4032/4032 2034/4030/4030
f 2013/4029/4029 2014/4031/4031 2033/4028/4028
f 2012/4027/4027 2013/4029/4029 2032/4026/4026
f 2011/4025/4025 2012/4027/4027 2031/4024/4024
f 2010/4023/4023 2011/4025/4025 2030/4022/4022
f 2009/4021/4021 2010/4023/4023 2029/4020/4020
f 2008/4017/4017 2009/4021/4021 2027/4018/4018
f 2008/4017/4017 2028/4019/4019 2026/4016/4016
f 2007/4015/4015 2026/4016/4016 2025/4014/4014
f 2006/4013/4013 2025/4014/4014 2024/4012/4012
f 2005/4011/4011 2024/4012/4012 2023/4010/4010
f 2004/4009/4009 2023/4010/4010 2022/4008/4008
f 2003/4007/4007 2022/4008/4008 2021/4006/4006
f 2002/4005/4005 2021/4006/4006 2020/4004/4004
f 2001/4003/4003 2020/4004/4004 2019/4002/4002
f 2000/4001/4001 2019/4002/4002 2018/4000/4000
f 1999/3999/3999 2018/4000/4000 2017/3997/3997
f 2017/4033/4033 2018/4034/4034 2035/4035/4035
f 2018/4034/4034 2019/4036/4036 2036/4037/4037
f 2019/4036/4036 2020/4038/4038 2037/4039/4039
f 2020/4038/4038 2021/4040/4040 2038/4041/4041
f 2021/4040/4040 2022/4042/4042 2039/4043/4043
f 2022/4042/4042 2023/4044/4044 2040/4045/4045
f 2023/4044/4044 2024/4046/4046 2041/4047/4047
f 2024/4046/4046 2025/4048/4048 2042/4049/4049
f 2025/4048/4048 2026/4050/4050 2043/4051/4051
f 2026/4050/4050 2028/4052/4052 2044/4053/4053
f 2027/4054/4054 2045/4055/4055 2044/4053/4053
f 2029/4056/4056 2046/4057/4057 2045/4055/4055
f 2030/4058/4058 2047/4059/4059 2046/4057/4057
f 2031/4060/4060 2048/4061/4061 2047/4059/4059
f 2032/4062/4062 2049/4063/4063 2048/4061/4061
f 2033/4064/4064 2050/4065/4065 2049/4063/4063
f 2034/4066/4066 2051/4067/4067 2050/4065/4065
f 2050/4065/4065 2033/4064/4064 2034/4066/4066
f 2049/4063/4063 2032/4062/4062 2033/4064/4064
f 2048/4061/4061 2031/4060/4060 2032/4062/4062
f 2047/4059/4059 2030/4058/4058 2031/4060/4060
f 2046/4057/4057 2029/4056/4056 2030/4058/4058
f 2045/4055/4055 2027/4054/4054 2029/4056/4056
f 2044/4053/4053 2028/4052/4052 2027/4054/4054
f 2044/4053/4053 2043/4051/4051 2026/4050/4050
f 2043/4051/4051 2042/4049/4049 2025/4048/4048
f 2042/4049/4049 2041/4047/4047 2024/4046/4046
f 2041/4047/4047 2040/4045/4045 2023/4044/4044
f 2040/4045/4045 2039/4043/4043 2022/4042/4042
f 2039/4043/4043 2038/4041/4041 2021/4040/4040
f 2038/4041/4041 2037/4039/4039 2020/4038/4038
f 2037/4039/4039 2036/4037/4037 2019/4036/4036
f 2036/4037/4037 2035/4035/4035 2018/4034/4034
f 2035/4035/4035 2052/4068/4068 2017/4033/4033
f 2053/4069/4069 2052/4070/4070 2035/4071/4071
f 2054/4072/4072 2035/4071/4071 2036/4073/4073
f 2055/4074/4074 2036/4073/4073 2037/4075/4075
f 2056/4076/4076 2037/4075/4075 2038/4077/4077
f 2057/4078/4078 2038/4077/4077 2039/4079/4079
f 2058/4080/4080 2039/4079/4079 2040/4081/4081
f 2059/4082/4082 2040/4081/4081 2041/4083/4083
f 2060/4084/4084 2041/4083/4083 2042/4085/4085
f 2061/4086/4086 2042/4085/4085 2043/4087/4087
f 2062/4088/4088 2043/4087/4087 2044/4089/4089
f 2063/4090/4090 2064/4091/4091 2044/4089/4089
f 2065/4092/4092 2063/4090/4090 2045/4093/4093
f 2066/4094/4094 2065/4092/4092 2046/4095/4095
f 2067/4096/4096 2066/4094/4094 2047/4097/4097
f 2068/4098/4098 2067/4096/4096 2048/4099/4099
f 2069/4100/4100 2068/4098/4098 2049/4101/4101
f 2070/4102/4102 2069/4100/4100 2050/4103/4103
f 2050/4103/4103 2051/4104/4104 2070/4102/4102
f 2049/4101/4101 2050/4103/4103 2069/4100/4100
f 2048/4099/4099 2049/4101/4101 2068/4098/4098
f 2047/4097/4097 2048/4099/4099 2067/4096/4096
f 2046/4095/4095 2047/4097/4097 2066/4094/4094
f 2045/4093/4093 2046/4095/4095 2065/4092/4092
f 2044/4089/4089 2045/4093/4093 2063/4090/4090
f 2044/4089/4089 2064/4091/4091 2062/4088/4088
f 2043/4087/4087 2062/4088/4088 2061/4086/4086
f 2042/4085/4085 2061/4086/4086 2060/4084/4084
f 2041/4083/4083 2060/4084/4084 2059/4082/4082
f 2040/4081/4081 2059/4082/4082 2058/4080/4080
f 2039/4079/4079 2058/4080/4080 2057/4078/4078
f 2038/4077/4077 2057/4078/4078 2056/4076/4076
f 2037/4075/4075 2056/4076/4076 2055/4074/4074
f 2036/4073/4073 2055/4074/4074 2054/4072/4072
f 2035/4071/4071 2054/4072/4072 2053/4069/4069
f 2053/4105/4105 2054/4106/4106 2071/4107/4107
f 2054/4106/4106 2055/4108/4108 2072/4109/4109
f 2055/4108/4108 2056/4110/4110 2073/4111/4111
f 2056/4110/4110 2057/4112/4112 2074/4113/4113
f 2057/4112/4112 2058/4114/4114 2075/4115/4115
f 2058/4114/4114 2059/4116/4116 2076/4117/4117
f 2059/4116/4116 2060/4118/4118 2077/4119/4119
f 2060/4118/4118 2061/4120/4120 2078/4121/4121
f 2061/4120/4120 2062/4122/4122 2079/4123/4123
f 2062/4122/4122 2064/4124/4124 2080/4125/4125
f 2063/4126/4126 2081/4127/4127 2080/4125/4125
f 2065/4128/4128 2082/4129/4129 2081/4127/4127
f 2066/4130/4130 2083/4131/4131 2082/4129/4129
f 2067/4132/4132 2084/4133/4133 2083/4131/4131
f 2068/4134/4134 2085/4135/4135 2084/4133/4133
f 2069/4136/4136 2086/4137/4137 2085/4135/4135
f 2070/4138/4138 2087/4139/4139 2086/4137/4137
f 2086/4137/4137 2069/4136/4136 2070/4138/4138
f 2085/4135/4135 2068/4134/4134 2069/4136/4136
f 2084/4133/4133 2067/4132/4132 2068/4134/4134
f 2083/4131/4131 2066/4130/4130 2067/4132/4132
f 2082/4129/4129 2065/4128/4128 2066/4130/4130
f 2081/4127/4127 2063/4126/4126 2065/4128/4128
f 2080/4125/4125 2064/4124/4124 2063/4126/4126
f 2080/4125/4125 2079/4123/4123 2062/4122/4122
f 2079/4123/4123 2078/4121/4121 2061/4120/4120
f 2078/4121/4121 2077/4119/4119 2060/4118/4118
f 2077/4119/4119 2076/4117/4117 2059/4116/4116
f 2076/4117/4117 2075/4115/4115 2058/4114/4114
f 2075/4115/4115 2074/4113/4113 2057/4112/4112
f 2074/4113/4113 2073/4111/4111 2056/4110/4110
f 2073/4111/4111 2072/4109/4109 2055/4108/4108
f 2072/4109/4109 2071/4107/4107 2054/4106/4106
f 2071/4107/4107 2088/4140/4140 2053/4105/4105
f 2089/4141/4141 2088/4142/4142 2071/4143/4143
f 2090/4144/4144 2071/4143/4143 2072/4145/4145
f 2091/4146/4146 2072/4145/4145 2073/4147/4147
f 2092/4148/4148 2073/4147/4147 2074/4149/4149
f 2093/4150/4150 2074/4149/4149 2075/4151/4151
f 2094/4152/4152 2075/4151/4151 2076/4153/4153
f 2095/4154/4154 2076/4153/4153 2077/4155/4155
f 2096/4156/4156 2077/4155/4155 2078/4157/4157
f 2097/4158/4158 2078/4157/4157 2079/4159/4159
f 2098/4160/4160 2079/4159/4159 2080/4161/4161
f 2099/4162/4162 2100/4163/4163 2080/4161/4161
f 2101/4164/4164 2099/4162/4162 2081/4165/4165
f 2102/4166/4166 2101/4164/4164 2082/4167/4167
f 2103/4168/4168 2102/4166/4166 2083/4169/4169
f 2104/4170/4170 2103/4168/4168 2084/4171/4171
f 2105/4172/4172 2104/4170/4170 2085/4173/4173
f 2106/4174/4174 2105/4172/4172 2086/4175/4175
f 2086/4175/4175 2087/4176/4176 2106/4174/4174
f 2085/4173/4173 2086/4175/4175 2105/4172/4172
f 2084/4171/4171 2085/4173/4173 2104/4170/4170
f 2083/4169/4169 2084/4171/4171 2103/4168/4168
f 2082/4167/4167 2083/4169/4169 2102/4166/4166
f 2081/4165/4165 2082/4167/4167 2101/4164/4164
f 2080/4161/4161 2081/4165/4165 2099/4162/4162
f 2080/4161/4161 2100/4163/4163 2098/4160/4160
f 2079/4159/4159 2098/4160/4160 2097/4158/4158
f 2078/4157/4157 2097/4158/4158 2096/4156/4156
f 2077/4155/4155 2096/4156/4156 2095/4154/4154
f 2076/4153/4153 2095/4154/4154 2094/4152/4152
f 2075/4151/4151 2094/4152/4152 2093/4150/4150
f 2074/4149/4149 2093/4150/4150 2092/4148/4148
f 2073/4147/4147 2092/4148/4148 2091/4146/4146
f 2072/4145/4145 2091/4146/4146 2090/4144/4144
f 2071/4143/4143 2090/4144/4144 2089/4141/4141
f 2089/4177/4177 2090/4178/4178 2107/4179/4179
f 2090/4178/4178 2091/4180/4180 2108/4181/4181
f 2091/4180/4180 2092/4182/4182 2109/4183/4183
f 2092/4182/4182 2093/4184/4184 2110/4185/4185
f 2093/4184/4184 2094/4186/4186 2111/4187/4187
f 2094/4186/4186 2095/4188/4188 2112/4189/4189
f 2095/4188/4188 2096/4190/4190 2113/4191/4191
f 2096/4190/4190 2097/4192/4192 2114/4193/4193
f 2097/4192/4192 2098/4194/4194 2115/4195/4195
f 2098/4194/4194 2100/4196/4196 2116/4197/4197
f 2099/4198/4198 2117/4199/4199 2116/4197/4197
f 2101/4200/4200 2118/4201/4201 2117/4199/4199
f 2102/4202/4202 2119/4203/4203 2118/4201/4201
f 2103/4204/4204 2120/4205/4205 2119/4203/4203
f 2104/4206/4206 2121/4207/4207 2120/4205/4205
f 2105/4208/4208 2122/4209/4209 2121/4207/4207
f 2106/4210/4210 2123/4211/4211 2122/4209/4209
f 2122/4209/4209 2105/4208/4208 2106/4210/4210
f 2121/4207/4207 2104/4206/4206 2105/4208/4208
f 2120/4205/4205 2103/4204/4204 2104/4206/4206
f 2119/4203/4203 2102/4202/4202 2103/4204/4204
f 2118/4201/4201 2101/4200/4200 2102/4202/4202
f 2117/4199/4199 2099/4198/4198 2101/4200/4200
f 2116/4197/4197 2100/4196/4196 2099/4198/4198
f 2116/4197/4197 2115/4195/4195 2098/4194/4194
f 2115/4195/4195 2114/4193/4193 2097/4192/4192
f 2114/4193/4193 2113/4191/4191 2096/4190/4190
f 2113/4191/4191 2112/4189/4189 2095/4188/4188
f 2112/4189/4189 2111/4187/4187 2094/4186/4186
f 2111/4187/4187 2110/4185/4185 2093/4184/4184
f 2110/4185/4185 2109/4183/4183 2092/4182/4182
f 2109/4183/4183 2108/4181/4181 2091/4180/4180
f 2108/4181/4181 2107/4179/4179 2090/4178/4178
f 2107/4179/4179 2124/4212/4212 2089/4177/4177
f 2125/4213/4213 2124/4214/4214 2107/4215/4215
f 2126/4216/4216 2107/4215/4215 2108/4217/4217
f 2127/4218/4218 2108/4217/4217 2109/4219/4219
f 2128/4220/4220 2109/4219/4219 2110/4221/4221
f 2129/4222/4222 2110/4221/4221 2111/4223/4223
f 2130/4224/4224 2111/4223/4223 2112/4225/4225
f 2131/4226/4226 2112/4225/4225 2113/4227/4227
f 2132/4228/4228 2113/4227/4227 2114/4229/4229
f 2133/4230/4230 2114/4229/4229 2115/4231/4231
f 2134/4232/4232 2115/4231/4231 2116/4233/4233
f 2135/4234/4234 2136/4235/4235 2116/4233/4233
f 2137/4236/4236 2135/4234/4234 2117/4237/4237
f 2138/4238/4238 2137/4236/4236 2118/4239/4239
f 2139/4240/4240 2138/4238/4238 2119/4241/4241
f 2140/4242/4242 2139/4240/4240 2120/4243/4243
f 2141/4244/4244 2140/4242/4242 2121/4245/4245
f 2142/4246/4246 2141/4244/4244 2122/4247/4247
f 2122/4247/4247 2123/4248/4248 2142/4246/4246
f 2121/4245/4245 2122/4247/4247 2141/4244/4244
f 2120/4243/4243 2121/4245/4245 2140/4242/4242
f 2119/4241/4241 2120/4243/4243 2139/4240/4240
f 2118/4239/4239 2119/4241/4241 2138/4238/4238
f 2117/4237/4237 2118/4239/4239 2137/4236/4236
f 2116/4233/4233 2117/4237/4237 2135/4234/4234
f 2116/4233/4233 2136/4235/4235 2134/4232/4232
f 2115/4231/4231 2134/4232/4232 2133/4230/4230
f 2114/4229/4229 2133/4230/4230 2132/4228/4228
f 2113/4227/4227 2132/4228/4228 2131/4226/4226
f 2112/4225/4225 2131/4226/4226 2130/4224/4224
f 2111/4223/4223 2130/4224/4224 2129/4222/4222
f 2110/4221/4221 2129/4222/4222 2128/4220/4220
f 2109/4219/4219 2128/4220/4220 2127/4218/4218
f 2108/4217/4217 2127/4218/4218 2126/4216/4216
f 2107/4215/4215 2126/4216/4216 2125/4213/4213
f 2125/4249/4249 2126/4250/4250 2143/4251/4251
f 2126/4250/4250 2127/4252/4252 2144/4253/4253
f 2127/4252/4252 2128/4254/4254 2145/4255/4255
f 2128/4254/4254 2129/4256/4256 2146/4257/4257
f 2129/4256/4256 2130/4258/4258 2147/4259/4259
f 2130/4258/4258 2131/4260/4260 2148/4261/4261
f 2131/4260/4260 2132/4262/4262 2149/4263/4263
f 2132/4262/4262 2133/4264/4264 2150/4265/4265
f 2133/4264/4264 2134/4266/4266 2151/4267/4267
f 2134/4266/4266 2136/4268/4268 2152/4269/4269
f 2135/4270/4270 2153/4271/4271 2152/4269/4269
f 2137/4272/4272 2154/4273/4273 2153/4271/4271
f 2138/4274/4274 2155/4275/4275 2154/4273/4273
f 2139/4276/4276 2156/4277/4277 2155/4275/4275
f 2140/4278/4278 2157/4279/4279 2156/4277/4277
f 2141/4280/4280 2158/4281/4281 2157/4279/4279
f 2142/4282/4282 2159/4283/4283 2158/4281/4281
f 2158/4281/4281 2141/4280/4280 2142/4282/4282
f 2157/4279/4279 2140/4278/4278 2141/4280/4280
f 2156/4277/4277 2139/4276/4276 2140/4278/4278
f 2155/4275/4275 2138/4274/4274 2139/4276/4276
f 2154/4273/4273 2137/4272/4272 2138/4274/4274
f 2153/4271/4271 2135/4270/4270 2137/4272/4272
f 2152/4269/4269 2136/4268/4268 2135/4270/4270
f 2152/4269/4269 2151/4267/4267 2134/4266/4266
f 2151/4267/4267 2150/4265/4265 2133/4264/4264
f 2150/4265/4265 2149/4263/4263 2132/4262/4262
f 2149/4263/4263 2148/4261/4261 2131/4260/4260
f 2148/4261/4261 2147/4259/4259 2130/4258/4258
f 2147/4259/4259 2146/4257/4257 2129/4256/4256
f 2146/4257/4257 2145/4255/4255 2128/4254/4254
f 2145/4255/4255 2144/4253/4253 2127/4252/4252
f 2144/4253/4253 2143/4251/4251 2126/4250/4250
f 2143/4251/4251 2160/4284/4284 2125/4249/4249
f 2161/4285/4285 2160/4286/4286 2143/4287/4287
f 2162/4288/4288 2143/4287/4287 2144/4289/4289
f 2163/4290/4290 2144/4289/4289 2145/4291/4291
f 2164/4292/4292 2145/4291/4291 2146/4293/4293
f 2165/4294/4294 2146/4293/4293 2147/4295/4295
f 2166/4296/4296 2147/4295/4295 2148/4297/4297
f 2167/4298/4298 2148/4297/4297 2149/4299/4299
f 2168/4300/4300 2149/4299/4299 2150/4301/4301
f 2169/4302/4302 2150/4301/4301 2151/4303/4303
f 2170/4304/4304 2151/4303/4303 2152/4305/4305
f 2171/4306/4306 2172/4307/4307 2152/4305/4305
f 2173/4308/4308 2171/4306/4306 2153/4309/4309
f 2174/4310/4310 2173/4308/4308 2154/4311/4311
f 2175/4312/4312 2174/4310/4310 2155/4313/4313
f 2176/4314/4314 2175/4312/4312 2156/4315/4315
f 2177/4316/4316 2176/4314/4314 2157/4317/4317
f 2178/4318/4318 2177/4316/4316 2158/4319/4319
f 2158/4319/4319 2159/4320/4320 2178/4318/4318
f 2157/4317/4317 2158/4319/4319 2177/4316/4316
f 2156/4315/4315 2157/4317/4317 2176/4314/4314
f 2155/4313/4313 2156/4315/4315 2175/4312/4312
f 2154/4311/4311 2155/4313/4313 2174/4310/4310
f 2153/4309/4309 2154/4311/4311 2173/4308/4308
f 2152/4305/4305 2153/4309/4309 2171/4306/4306
f 2152/4305/4305 2172/4307/4307 2170/4304/4304
f 2151/4303/4303 2170/4304/4304 2169/4302/4302
f 2150/4301/4301 2169/4302/4302 2168/4300/4300
f 2149/4299/4299 2168/4300/4300 2167/4298/4298
f 2148/4297/4297 2167/4298/4298 2166/4296/4296
f 2147/4295/4295 2166/4296/4296 2165/4294/4294
f 2146/4293/4293 2165/4294/4294 2164/4292/4292
f 2145/4291/4291 2164/4292/4292 2163/4290/4290
f 2144/4289/4289 2163/4290/4290 2162/4288/4288
f 2143/4287/4287 2162/4288/4288 2161/4285/4285
f 2161/4321/4321 2162/4322/4322 2179/4323/4323
f 2162/4322/4322 2163/4324/4324 2180/4325/4325
f 2163/4324/4324 2164/4326/4326 2181/4327/4327
f 2164/4326/4326 2165/4328/4328 2182/4329/4329
f 2165/4328/4328 2166/4330/4330 2183/4331/4331
f 2166/4330/4330 2167/4332/4332 2184/4333/4333
f 2167/4332/4332 2168/4334/4334 2185/4335/4335
f 2168/4334/4334 2169/4336/4336 2186/4337/4337
f 2169/4336/4336 2170/4338/4338 2187/4339/4339
f 2170/4338/4338 2172/4340/4340 2188/4341/4341
f 2171/4342/4342 2189/4343/4343 2188/4341/4341
f 2173/4344/4344 2190/4345/4345 2189/4343/4343
f 2174/4346/4346 2191/4347/4347 2190/4345/4345
f 2175/4348/4348 2192/4349/4349 2191/4347/4347
f 2176/4350/4350 2193/4351/4351 2192/4349/4349
f 2177/4352/4352 2194/4353/4353 2193/4351/4351
f 2178/4354/4354 2195/4355/4355 2194/4353/4353
f 2194/4353/4353 2177/4352/4352 2178/4354/4354
f 2193/4351/4351 2176/4350/4350 2177/4352/4352
f 2192/4349/4349 2175/4348/4348 2176/4350/4350
f 2191/4347/4347 2174/4346/4346 2175/4348/4348
f 2190/4345/4345 2173/4344/4344 2174/4346/4346
f 2189/4343/4343 2171/4342/4342 2173/4344/4344
f 2188/4341/4341 2172/4340/4340 2171/4342/4342
f 2188/4341/4341 2187/4339/4339 2170/4338/4338
f 2187/4339/4339 2186/4337/4337 2169/4336/4336
f 2186/4337/4337 2185/4335/4335 2168/4334/4334
f 2185/4335/4335 2184/4333/4333 2167/4332/4332
f 2184/4333/4333 2183/4331/4331 2166/4330/4330
f 2183/4331/4331 2182/4329/4329 2165/4328/4328
f 2182/4329/4329 2181/4327/4327 2164/4326/4326
f 2181/4327/4327 2180/4325/4325 2163/4324/4324
f 2180/4325/4325 2179/4323/4323 2162/4322/4322
f 2179/4323/4323 2196/4356/4356 2161/4321/4321
f 2197/4357/4357 2196/4358/4358 2179/4359/4359
f 2198/4360/4360 2179/4359/4359 2180/4361/4361
f 2199/4362/4362 2180/4361/4361 2181/4363/4363
f 2200/4364/4364 2181/4363/4363 2182/4365/4365
f 2201/4366/4366 2182/4365/4365 2183/4367/4367
f 2202/4368/4368 2183/4367/4367 2184/4369/4369
f 2203/4370/4370 2184/4369/4369 2185/4371/4371
f 2204/4372/4372 2185/4371/4371 2186/4373/4373
f 2205/4374/4374 2186/4373/4373 2187/4375/4375
f 2206/4376/4376 2187/4375/4375 2188/4377/4377
f 2207/4378/4378 2208/4379/4379 2188/4377/4377
f 2209/4380/4380 2207/4378/4378 2189/4381/4381
f 2210/4382/4382 2209/4380/4380 2190/4383/4383
f 2211/4384/4384 2210/4382/4382 2191/4385/4385
f 2212/4386/4386 2211/4384/4384 2192/4387/4387
f 2213/4388/4388 2212/4386/4386 2193/4389/4389
f 2214/4390/4390 2213/4388/4388 2194/4391/4391
f 2194/4391/4391 2195/4392/4392 2214/4390/4390
f 2193/4389/4389 2194/4391/4391 2213/4388/4388
f 2192/4387/4387 2193/4389/4389 2212/4386/4386
f 2191/4385/4385 2192/4387/4387 2211/4384/4384
f 2190/4383/4383 2191/4385/4385 2210/4382/4382
f 2189/4381/4381 2190/4383/4383 2209/4380/4380
f 2188/4377/4377 2189/4381/4381 2207/4378/4378
f 2188/4377/4377 2208/4379/4379 2206/4376/4376
f 2187/4375/4375 2206/4376/4376 2205/4374/4374
f 2186/4373/4373 2205/4374/4374 2204/4372/4372
f 2185/4371/4371 2204/4372/4372 2203/4370/4370
f 2184/4369/4369 2203/4370/4370 2202/4368/4368
f 2183/4367/4367 2202/4368/4368 2201/4366/4366
f 2182/4365/4365 2201/4366/4366 2200/4364/4364
f 2181/4363/4363 2200/4364/4364 2199/4362/4362
f 2180/4361/4361 2199/4362/4362 2198/4360/4360
f 2179/4359/4359 2198/4360/4360 2197/4357/4357
f 2197/4393/4393 2198/4394/4394 2215/4395/4395
f 2198/4394/4394 2199/4396/4396 2216/4397/4397
f 2199/4396/4396 2200/4398/4398 2217/4399/4399
f 2200/4398/4398 2201/4400/4400 2218/4401/4401
f 2201/4400/4400 2202/4402/4402 2219/4403/4403
f 2202/4402/4402 2203/4404/4404 2220/4405/4405
f 2203/4404/4404 2204/4406/4406 2221/4407/4407
f 2204/4406/4406 2205/4408/4408 2222/4409/4409
f 2205/4408/4408 2206/4410/4410 2223/4411/4411
f 2206/4410/4410 2208/4412/4412 2224/4413/4413
f 2207/4414/4414 2225/4415/4415 2224/4413/4413
f 2209/4416/4416 2226/4417/4417 2225/4415/4415
f 2210/4418/4418 2227/4419/4419 2226/4417/4417
f 2211/4420/4420 2228/4421/4421 2227/4419/4419
f 2212/4422/4422 2229/4423/4423 2228/4421/4421
f 2213/4424/4424 2230/4425/4425 2229/4423/4423
f 2214/4426/4426 2231/4427/4427 2230/4425/4425
f 2230/4425/4425 2213/4424/4424 2214/4426/4426
f 2229/4423/4423 2212/4422/4422 2213/4424/4424
f 2228/4421/4421 2211/4420/4420 2212/4422/4422
f 2227/4419/4419 2210/4418/4418 2211/4420/4420
f 2226/4417/4417 2209/4416/4416 2210/4418/4418
f 2225/4415/4415 2207/4414/4414 2209/4416/4416
f 2224/4413/4413 2208/4412/4412 2207/4414/4414
f 2224/4413/4413 2223/4411/4411 2206/4410/4410
f 2223/4411/4411 2222/4409/4409 2205/4408/4408
f 2222/4409/4409 2221/4407/4407 2204/4406/4406
f 2221/4407/4407 2220/4405/4405 2203/4404/4404
f 2220/4405/4405 2219/4403/4403 2202/4402/4402
f 2219/4403/4403 2218/4401/4401 2201/4400/4400
f 2218/4401/4401 2217/4399/4399 2200/4398/4398
f 2217/4399/4399 2216/4397/4397 2199/4396/4396
f 2216/4397/4397 2215/4395/4395 2198/4394/4394
f 2215/4395/4395 2232/4428/4428 2197/4393/4393
f 2233/4429/4429 2232/4430/4430 2215/4431/4431
f 2234/4432/4432 2215/4431/4431 2216/4433/4433
f 2235/4434/4434 2216/4433/4433 2217/4435/4435
f 2236/4436/4436 2217/4435/4435 2218/4437/4437
f 2237/4438/4438 2218/4437/4437 2219/4439/4439
f 2238/4440/4440 2219/4439/4439 2220/4441/4441
f 2239/4442/4442 2220/4441/4441 2221/4443/4443
f 2240/4444/4444 2221/4443/4443 2222/4445/4445
f 2241/4446/4446 2222/4445/4445 2223/4447/4447
f 2242/4448/4448 2223/4447/4447 2224/4449/4449
f 2243/4450/4450 2244/4451/4451 2224/4449/4449
f 2245/4452/4452 2243/4450/4450 2225/4453/4453
f 2246/4454/4454 2245/4452/4452 2226/4455/4455
f 2247/4456/4456 2246/4454/4454 2227/4457/4457
f 2248/4458/4458 2247/4456/4456 2228/4459/4459
f 2249/4460/4460 2248/4458/4458 2229/4461/4461
f 2250/4462/4462 2249/4460/4460 2230/4463/4463
f 2230/4463/4463 2231/4464/4464 2250/4462/4462
f 2229/4461/4461 2230/4463/4463 2249/4460/4460
f 2228/4459/4459 2229/4461/4461 2248/4458/4458
f 2227/4457/4457 2228/4459/4459 2247/4456/4456
f 2226/4455/4455 2227/4457/4457 2246/4454/4454
f 2225/4453/4453 2226/4455/4455 2245/4452/4452
f 2224/4449/4449 2225/4453/4453 2243/4450/4450
f 2224/4449/4449 2244/4451/4451 2242/4448/4448
f 2223/4447/4447 2242/4448/4448 2241/4446/4446
f 2222/4445/4445 2241/4446/4446 2240/4444/4444
f 2221/4443/4443 2240/4444/4444 2239/4442/4442
f 2220/4441/4441 2239/4442/4442 2238/4440/4440
f 2219/4439/4439 2238/4440/4440 2237/4438/4438
f 2218/4437/4437 2237/4438/4438 2236/4436/4436
f 2217/4435/4435 2236/4436/4436 2235/4434/4434
f 2216/4433/4433 2235/4434/4434 2234/4432/4432
f 2215/4431/4431 2234/4432/4432 2233/4429/4429
f 2233/4465/4465 2234/4466/4466 2251/4467/4467
f 2234/4466/4466 2235/4468/4468 2252/4469/4469
f 2235/4468/4468 2236/4470/4470 2253/4471/4471
f 2236/4470/4470 2237/4472/4472 2254/4473/4473
f 2237/4472/4472 2238/4474/4474 2255/4475/4475
f 2238/4474/4474 2239/4476/4476 2256/4477/4477
f 2239/4476/4476 2240/4478/4478 2257/4479/4479
f 2240/4478/4478 2241/4480/4480 2258/4481/4481
f 2241/4480/4480 2242/4482/4482 2259/4483/4483
f 2242/4482/4482 2244/4484/4484 2260/4485/4485
f 2243/4486/4486 2261/4487/4487 2260/4485/4485
f 2245/4488/4488 2262/4489/4489 2261/4487/4487
f 2246/4490/4490 2263/4491/4491 2262/4489/4489
f 2247/4492/4492 2264/4493/4493 2263/4491/4491
f 2248/4494/4494 2265/4495/4495 2264/4493/4493
f 2249/4496/4496 2266/4497/4497 2265/4495/4495
f 2250/4498/4498 2267/4499/4499 2266/4497/4497
f 2266/4497/4497 2249/4496/4496 2250/4498/4498
f 2265/4495/4495 2248/4494/4494 2249/4496/4496
f 2264/4493/4493 2247/4492/4492 2248/4494/4494
f 2263/4491/4491 2246/4490/4490 2247/4492/4492
f 2262/4489/4489 2245/4488/4488 2246/4490/4490
f 2261/4487/4487 2243/4486/4486 2245/4488/4488
f 2260/4485/4485 2244/4484/4484 2243/4486/4486
f 2260/4485/4485 2259/4483/4483 2242/4482/4482
f 2259/4483/4483 2258/4481/4481 2241/4480/4480
f 2258/4481/4481 2257/4479/4479 2240/4478/4478
f 2257/4479/4479 2256/4477/4477 2239/4476/4476
f 2256/4477/4477 2255/4475/4475 2238/4474/4474
f 2255/4475/4475 2254/4473/4473 2237/4472/4472
f 2254/4473/4473 2253/4471/4471 2236/4470/4470
f 2253/4471/4471 2252/4469/4469 2235/4468/4468
f 2252/4469/4469 2251/4467/4467 2234/4466/4466
f 2251/4467/4467 2268/4500/4500 2233/4465/4465
f 2269/4501/4501 2268/4502/4502 2251/4503/4503
f 2270/4504/4504 2251/4503/4503 2252/4505/4505
f 2271/4506/4506 2252/4505/4505 2253/4507/4507
f 2272/4508/4508 2253/4507/4507 2254/4509/4509
f 2273/4510/4510 2254/4509/4509 2255/4511/4511
f 2274/4512/4512 2255/4511/4511 2256/4513/4513
f 2275/4514/4514 2256/4513/4513 2257/4515/4515
f 2276/4516/4516 2257/4515/4515 2258/4517/4517
f 2277/4518/4518 2258/4517/4517 2259/4519/4519
f 2278/4520/4520 2259/4519/4519 2260/4521/4521
f 2279/4522/4522 2280/4523/4523 2260/4521/4521
f 2281/4524/4524 2279/4522/4522 2261/4525/4525
f 2282/4526/4526 2281/4524/4524 2262/4527/4527
f 2283/4528/4528 2282/4526/4526 2263/4529/4529
f 2284/4530/4530 2283/4528/4528 2264/4531/4531
f 2285/4532/4532 2284/4530/4530 2265/4533/4533
f 2286/4534/4534 2285/4532/4532 2266/4535/4535
f 2266/4535/4535 2267/4536/4536 2286/4534/4534
f 2265/4533/4533 2266/4535/4535 2285/4532/4532
f 2264/4531/4531 2265/4533/4533 2284/4530/4530
f 2263/4529/4529 2264/4531/4531 2283/4528/4528
f 2262/4527/4527 2263/4529/4529 2282/4526/4526
f 2261/4525/4525 2262/4527/4527 2281/4524/4524
f 2260/4521/4521 2261/4525/4525 2279/4522/4522
f 2260/4521/4521 2280/4523/4523 2278/4520/4520
f 2259/4519/4519 2278/4520/4520 2277/4518/4518
f 2258/4517/4517 2277/4518/4518 2276/4516/4516
f 2257/4515/4515 2276/4516/4516 2275/4514/4514
f 2256/4513/4513 2275/4514/4514 2274/4512/4512
f 2255/4511/4511 2274/4512/4512 2273/4510/4510
f 2254/4509/4509 2273/4510/4510 2272/4508/4508
f 2253/4507/4507 2272/4508/4508 2271/4506/4506
f 2252/4505/4505 2271/4506/4506 2270/4504/4504
f 2251/4503/4503 2270/4504/4504 2269/4501/4501
f 2269/4537/4537 2270/4538/4538 2287/4539/4539
f 2270/4538/4538 2271/4540/4540 2288/4541/4541
f 2271/4540/4540 2272/4542/4542 2289/4543/4543
f 2272/4542/4542 2273/4544/4544 2290/4545/4545
f 2273/4544/4544 2274/4546/4546 2291/4547/4547
f 2274/4546/4546 2275/4548/4548 2292/4549/4549
f 2275/4548/4548 2276/4550/4550 2293/4551/4551
f 2276/4550/4550 2277/4552/4552 2294/4553/4553
f 2277/4552/4552 2278/4554/4554 2295/4555/4555
f 2278/4554/4554 2280/4556/4556 2296/4557/4557
f 2279/4558/4558 2297/4559/4559 2296/4557/4557
f 2281/4560/4560 2298/4561/4561 2297/4559/4559
f 2282/4562/4562 2299/4563/4563 2298/4561/4561
f 2283/4564/4564 2300/4565/4565 2299/4563/4563
f 2284/4566/4566 2301/4567/4567 2300/4565/4565
f 2285/4568/4568 2302/4569/4569 2301/4567/4567
f 2286/4570/4570 2303/4571/4571 2302/4569/4569
f 2302/4569/4569 2285/4568/4568 2286/4570/4570
f 2301/4567/4567 2284/4566/4566 2285/4568/4568
f 2300/4565/4565 2283/4564/4564 2284/4566/4566
f 2299/4563/4563 2282/4562/4562 2283/4564/4564
f 2298/4561/4561 2281/4560/4560 2282/4562/4562
f 2297/4559/4559 2279/4558/4558 2281/4560/4560
f 2296/4557/4557 2280/4556/4556 2279/4558/4558
f 2296/4557/4557 2295/4555/4555 2278/4554/4554
f 2295/4555/4555 2294/4553/4553 2277/4552/4552
f 2294/4553/4553 2293/4551/4551 2276/4550/4550
f 2293/4551/4551 2292/4549/4549 2275/4548/4548
f 2292/4549/4549 2291/4547/4547 2274/4546/4546
f 2291/4547/4547 2290/4545/4545 2273/4544/4544
f 2290/4545/4545 2289/4543/4543 2272/4542/4542
f 2289/4543/4543 2288/4541/4541 2271/4540/4540
f 2288/4541/4541 2287/4539/4539 2270/4538/4538
f 2287/4539/4539 2304/4572/4572 2269/4537/4537
f 2305/4573/4573 2304/4574/4574 2287/4575/4575
f 2306/4576/4576 2287/4575/4575 2288/4577/4577
f 2307/4578/4578 2288/4577/4577 2289/4579/4579
f 2308/4580/4580 2289/4579/4579 2290/4581/4581
f 2309/4582/4582 2290/4581/4581 2291/4583/4583
f 2310/4584/4584 2291/4583/4583 2292/4585/4585
f 2311/4586/4586 2292/4585/4585 2293/4587/4587
f 2312/4588/4588 2293/4587/4587 2294/4589/4589
f 2313/4590/4590 2294/4589/4589 2295/4591/4591
f 2314/4592/4592 2295/4591/4591 2296/4593/4593
f 2315/4594/4594 2316/4595/4595 2296/4593/4593
f 2317/4596/4596 2315/4594/4594 2297/4597/4597
f 2318/4598/4598 2317/4596/4596 2298/4599/4599
f 2319/4600/4600 2318/4598/4598 2299/4601/4601
f 2320/4602/4602 2319/4600/4600 2300/4603/4603
f 2321/4604/4604 2320/4602/4602 2301/4605/4605
f 2322/4606/4606 2321/4604/4604 2302/4607/4607
f 2302/4607/4607 2303/4608/4608 2322/4606/4606
f 2301/4605/4605 2302/4607/4607 2321/4604/4604
f 2300/4603/4603 2301/4605/4605 2320/4602/4602
f 2299/4601/4601 2300/4603/4603 2319/4600/4600
f 2298/4599/4599 2299/4601/4601 2318/4598/4598
f 2297/4597/4597 2298/4599/4599 2317/4596/4596
f 2296/4593/4593 2297/4597/4597 2315/4594/4594
f 2296/4593/4593 2316/4595/4595 2314/4592/4592
f 2295/4591/4591 2314/4592/4592 2313/4590/4590
f 2294/4589/4589 2313/4590/4590 2312/4588/4588
f 2293/4587/4587 2312/4588/4588 2311/4586/4586
f 2292/4585/4585 2311/4586/4586 2310/4584/4584
f 2291/4583/4583 2310/4584/4584 2309/4582/4582
f 2290/4581/4581 2309/4582/4582 2308/4580/4580
f 2289/4579/4579 2308/4580/4580 2307/4578/4578
f 2288/4577/4577 2307/4578/4578 2306/4576/4576
f 2287/4575/4575 2306/4576/4576 2305/4573/4573
f 2305/4609/4609 2306/4610/4610 2323/4611/4611
f 2306/4610/4610 2307/4612/4612 2324/4613/4613
f 2307/4612/4612 2308/4614/4614 2325/4615/4615
f 2308/4614/4614 2309/4616/4616 2326/4617/4617
f 2309/4616/4616 2310/4618/4618 2327/4619/4619
f 2310/4618/4618 2311/4620/4620 2328/4621/4621
f 2311/4620/4620 2312/4622/4622 2329/4623/4623
f 2312/4622/4622 2313/4624/4624 2330/4625/4625
f 2313/4624/4624 2314/4626/4626 2331/4627/4627
f 2314/4626/4626 2316/4628/4628 2332/4629/4629
f 2315/4630/4630 2333/4631/4631 2332/4629/4629
f 2317/4632/4632 2334/4633/4633 2333/4631/4631
f 2318/4634/4634 2335/4635/4635 2334/4633/4633
f 2319/4636/4636 2336/4637/4637 2335/4635/4635
f 2320/4638/4638 2337/4639/4639 2336/4637/4637
f 2321/4640/4640 2338/4641/4641 2337/4639/4639
f 2322/4642/4642 2339/4643/4643 2338/4641/4641
f 2338/4641/4641 2321/4640/4640 2322/4642/4642
f 2337/4639/4639 2320/4638/4638 2321/4640/4640
f 2336/4637/4637 2319/4636/4636 2320/4638/4638
f 2335/4635/4635 2318/4634/4634 2319/4636/4636
f 2334/4633/4633 2317/4632/4632 2318/4634/4634
f 2333/4631/4631 2315/4630/4630 2317/4632/4632
f 2332/4629/4629 2316/4628/4628 2315/4630/4630
f 2332/4629/4629 2331/4627/4627 2314/4626/4626
f 2331/4627/4627 2330/4625/4625 2313/4624/4624
f 2330/4625/4625 2329/4623/4623 2312/4622/4622
f 2329/4623/4623 2328/4621/4621 2311/4620/4620
f 2328/4621/4621 2327/4619/4619 2310/4618/4618
f 2327/4619/4619 2326/4617/4617 2309/4616/4616
f 2326/4617/4617 2325/4615/4615 2308/4614/4614
f 2325/4615/4615 2324/4613/4613 2307/4612/4612
f 2324/4613/4613 2323/4611/4611 2306/4610/4610
f 2323/4611/4611 2340/4644/4644 2305/4609/4609
f 2341/4645/4645 2340/4646/4646 2323/4647/4647
f 2342/4648/4648 2323/4647/4647 2324/4649/4649
f 2343/4650/4650 2324/4649/4649 2325/4651/4651
f 2344/4652/4652 2325/4651/4651 2326/4653/4653
f 2345/4654/4654 2326/4653/4653 2327/4655/4655
f 2346/4656/4656 2327/4655/4655 2328/4657/4657
f 2347/4658/4658 2328/4657/4657 2329/4659/4659
f 2348/4660/4660 2329/4659/4659 2330/4661/4661
f 2349/4662/4662 2330/4661/4661 2331/4663/4663
f 2350/4664/4664 2331/4663/4663 2332/4665/4665
f 2351/4666/4666 2352/4667/4667 2332/4665/4665
f 2353/4668/4668 2351/4666/4666 2333/4669/4669
f 2354/4670/4670 2353/4668/4668 2334/4671/4671
f 2355/4672/4672 2354/4670/4670 2335/4673/4673
f 2356/4674/4674 2355/4672/4672 2336/4675/4675
f 2357/4676/4676 2356/4674/4674 2337/4677/4677
f 2358/4678/4678 2357/4676/4676 2338/4679/4679
f 2338/4679/4679 2339/4680/4680 2358/4678/4678
f 2337/4677/4677 2338/4679/4679 2357/4676/4676
f 2336/4675/4675 2337/4677/4677 2356/4674/4674
f 2335/4673/4673 2336/4675/4675 2355/4672/4672
f 2334/4671/4671 2335/4673/4673 2354/4670/4670
f 2333/4669/4669 2334/4671/4671 2353/4668/4668
f 2332/4665/4665 2333/4669/4669 2351/4666/4666
f 2332/4665/4665 2352/4667/4667 2350/4664/4664
f 2331/4663/4663 2350/4664/4664 2349/4662/4662
f 2330/4661/4661 2349/4662/4662 2348/4660/4660
f 2329/4659/4659 2348/4660/4660 2347/4658/4658
f 2328/4657/4657 2347/4658/4658 2346/4656/4656
f 2327/4655/4655 2346/4656/4656 2345/4654/4654
f 2326/4653/4653 2345/4654/4654 2344/4652/4652
f 2325/4651/4651 2344/4652/4652 2343/4650/4650
f 2324/4649/4649 2343/4650/4650 2342/4648/4648
f 2323/4647/4647 2342/4648/4648 2341/4645/4645
f 2341/4681/4681 2342/4682/4682 2359/4683/4683
f 2342/4682/4682 2343/4684/4684 2360/4685/4685
f 2343/4684/4684 2344/4686/4686 2361/4687/4687
f 2344/4686/4686 2345/4688/4688 2362/4689/4689
f 2345/4688/4688 2346/4690/4690 2363/4691/4691
f 2346/4690/4690 2347/4692/4692 2364/4693/4693
f 2347/4692/4692 2348/4694/4694 2365/4695/4695
f 2348/4694/4694 2349/4696/4696 2366/4697/4697
f 2349/4696/4696 2350/4698/4698 2367/4699/4699
f 2350/4698/4698 2352/4700/4700 2368/4701/4701
f 2351/4702/4702 2369/4703/4703 2368/4701/4701
f 2353/4704/4704 2370/4705/4705 2369/4703/4703
f 2354/4706/4706 2371/4707/4707 2370/4705/4705
f 2355/4708/4708 2372/4709/4709 2371/4707/4707
f 2356/4710/4710 2373/4711/4711 2372/4709/4709
f 2357/4712/4712 2374/4713/4713 2373/4711/4711
f 2358/4714/4714 2375/4715/4715 2374/4713/4713
f 2374/4713/4713 2357/4712/4712 2358/4714/4714
f 2373/4711/4711 2356/4710/4710 2357/4712/4712
f 2372/4709/4709 2355/4708/4708 2356/4710/4710
f 2371/4707/4707 2354/4706/4706 2355/4708/4708
f 2370/4705/4705 2353/4704/4704 2354/4706/4706
f 2369/4703/4703 2351/4702/4702 2353/4704/4704
f 2368/4701/4701 2352/4700/4700 2351/4702/4702
f 2368/4701/4701 2367/4699/4699 2350/4698/4698
f 2367/4699/4699 2366/4697/4697 2349/4696/4696
f 2366/4697/4697 2365/4695/4695 2348/4694/4694
f 2365/4695/4695 2364/4693/4693 2347/4692/4692
f 2364/4693/4693 2363/4691/4691 2346/4690/4690
f 2363/4691/4691 2362/4689/4689 2345/4688/4688
f 2362/4689/4689 2361/4687/4687 2344/4686/4686
f 2361/4687/4687 2360/4685/4685 2343/4684/4684
f 2360/4685/4685 2359/4683/4683 2342/4682/4682
f 2359/4683/4683 2376/4716/4716 2341/4681/4681
f 2377/4717/4717 2376/4718/4718 2359/4719/4719
f 2378/4720/4720 2359/4719/4719 2360/4721/4721
f 2379/4722/4722 2360/4721/4721 2361/4723/4723
f 2380/4724/4724 2361/4723/4723 2362/4725/4725
f 2381/4726/4726 2362/4725/4725 2363/4727/4727
f 2382/4728/4728 2363/4727/4727 2364/4729/4729
f 2383/4730/4730 2364/4729/4729 2365/4731/4731
f 2384/4732/4732 2365/4731/4731 2366/4733/4733
f 2385/4734/4734 2366/4733/4733 2367/4735/4735
f 2386/4736/4736 2367/4735/4735 2368/4737/4737
f 2387/4738/4738 2388/4739/4739 2368/4737/4737
f 2389/4740/4740 2387/4738/4738 2369/4741/4741
f 2390/4742/4742 2389/4740/4740 2370/4743/4743
f 2391/4744/4744 2390/4742/4742 2371/4745/4745
f 2392/4746/4746 2391/4744/4744 2372/4747/4747
f 2393/4748/4748 2392/4746/4746 2373/4749/4749
f 2394/4750/4750 2393/4748/4748 2374/4751/4751
f 2374/4751/4751 2375/4752/4752 2394/4750/4750
f 2373/4749/4749 2374/4751/4751 2393/4748/4748
f 2372/4747/4747 2373/4749/4749 2392/4746/4746
f 2371/4745/4745 2372/4747/4747 2391/4744/4744
f 2370/4743/4743 2371/4745/4745 2390/4742/4742
f 2369/4741/4741 2370/4743/4743 2389/4740/4740
f 2368/4737/4737 2369/4741/4741 2387/4738/4738
f 2368/4737/4737 2388/4739/4739 2386/4736/4736
f 2367/4735/4735 2386/4736/4736 2385/4734/4734
f 2366/4733/4733 2385/4734/4734 2384/4732/4732
f 2365/4731/4731 2384/4732/4732 2383/4730/4730
f 2364/4729/4729 2383/4730/4730 2382/4728/4728
f 2363/4727/4727 2382/4728/4728 2381/4726/4726
f 2362/4725/4725 2381/4726/4726 2380/4724/4724
f 2361/4723/4723 2380/4724/4724 2379/4722/4722
f 2360/4721/4721 2379/4722/4722 2378/4720/4720
f 2359/4719/4719 2378/4720/4720 2377/4717/4717
f 2377/4753/4753 2378/4754/4754 2395/4755/4755
f 2378/4754/4754 2379/4756/4756 2396/4757/4757
f 2379/4756/4756 2380/4758/4758 2397/4759/4759
f 2380/4758/4758 2381/4760/4760 2398/4761/4761
f 2381/4760/4760 2382/4762/4762 2399/4763/4763
f 2382/4762/4762 2383/4764/4764 2400/4765/4765
f 2383/4764/4764 2384/4766/4766 2401/4767/4767
f 2384/4766/4766 2385/4768/4768 2402/4769/4769
f 2385/4768/4768 2386/4770/4770 2403/4771/4771
f 2386/4770/4770 2388/4772/4772 2404/4773/4773
f 2387/4774/4774 2405/4775/4775 2404/4773/4773
f 2389/4776/4776 2406/4777/4777 2405/4775/4775
f 2390/4778/4778 2407/4779/4779 2406/4777/4777
f 2391/4780/4780 2408/4781/4781 2407/4779/4779
f 2392/4782/4782 2409/4783/4783 2408/4781/4781
f 2393/4784/4784 2410/4785/4785 2409/4783/4783
f 2394/4786/4786 2411/4787/4787 2410/4785/4785
f 2410/4785/4785 2393/4784/4784 2394/4786/4786
f 2409/4783/4783 2392/4782/4782 2393/4784/4784
f 2408/4781/4781 2391/4780/4780 2392/4782/4782
f 2407/4779/4779 2390/4778/4778 2391/4780/4780
f 2406/4777/4777 2389/4776/4776 2390/4778/4778
f 2405/4775/4775 2387/4774/4774 2389/4776/4776
f 2404/4773/4773 2388/4772/4772 2387/4774/4774
f 2404/4773/4773 2403/4771/4771 2386/4770/4770
f 2403/4771/4771 2402/4769/4769 2385/4768/4768
f 2402/4769/4769 2401/4767/4767 2384/4766/4766
f 2401/4767/4767 2400/4765/4765 2383/4764/4764
f 2400/4765/4765 2399/4763/4763 2382/4762/4762
f 2399/4763/4763 2398/4761/4761 2381/4760/4760
f 2398/4761/4761 2397/4759/4759 2380/4758/4758
f 2397/4759/4759 2396/4757/4757 2379/4756/4756
f 2396/4757/4757 2395/4755/4755 2378/4754/4754
f 2395/4755/4755 2412/4788/4788 2377/4753/4753
f 2413/4789/4789 2412/4790/4790 2395/4791/4791
f 2414/4792/4792 2395/4791/4791 2396/4793/4793
f 2415/4794/4794 2396/4793/4793 2397/4795/4795
f 2416/4796/4796 2397/4795/4795 2398/4797/4797
f 2417/4798/4798 2398/4797/4797 2399/4799/4799
f 2418/4800/4800 2399/4799/4799 2400/4801/4801
f 2419/4802/4802 2400/4801/4801 2401/4803/4803
f 2420/4804/4804 2401/4803/4803 2402/4805/4805
f 2421/4806/4806 2402/4805/4805 2403/4807/4807
f 2422/4808/4808 2403/4807/4807 2404/4809/4809
f 2423/4810/4810 2424/4811/4811 2404/4809/4809
f 2425/4812/4812 2423/4810/4810 2405/4813/4813
f 2426/4814/4814 2425/4812/4812 2406/4815/4815
f 2427/4816/4816 2426/4814/4814 2407/4817/4817
f 2428/4818/4818 2427/4816/4816 2408/4819/4819
f 2429/4820/4820 2428/4818/4818 2409/4821/4821
f 2430/4822/4822 2429/4820/4820 2410/4823/4823
f 2410/4823/4823 2411/4824/4824 2430/4822/4822
f 2409/4821/4821 2410/4823/4823 2429/4820/4820
f 2408/4819/4819 2409/4821/4821 2428/4818/4818
f 2407/4817/4817 2408/4819/4819 2427/4816/4816
f 2406/4815/4815 2407/4817/4817 2426/4814/4814
f 2405/4813/4813 2406/4815/4815 2425/4812/4812
f 2404/4809/4809 2405/4813/4813 2423/4810/4810
f 2404/4809/4809 2424/4811/4811 2422/4808/4808
f 2403/4807/4807 2422/4808/4808 2421/4806/4806
f 2402/4805/4805 2421/4806/4806 2420/4804/4804
f 2401/4803/4803 2420/4804/4804 2419/4802/4802
f 2400/4801/4801 2419/4802/4802 2418/4800/4800
f 2399/4799/4799 2418/4800/4800 2417/4798/4798
f 2398/4797/4797 2417/4798/4798 2416/4796/4796
f 2397/4795/4795 2416/4796/4796 2415/4794/4794
f 2396/4793/4793 2415/4794/4794 2414/4792/4792
f 2395/4791/4791 2414/4792/4792 2413/4789/4789
f 2413/4825/4825 2414/4826/4826 2431/4827/4827
f 2414/4826/4826 2415/4828/4828 2432/4829/4829
f 2415/4828/4828 2416/4830/4830 2433/4831/4831
f 2416/4830/4830 2417/4832/4832 2434/4833/4833
f 2417/4832/4832 2418/4834/4834 2435/4835/4835
f 2418/4834/4834 2419/4836/4836 2436/4837/4837
f 2419/4836/4836 2420/4838/4838 2437/4839/4839
f 2420/4838/4838 2421/4840/4840 2438/4841/4841
f 2421/4840/4840 2422/4842/4842 2439/4843/4843
f 2422/4842/4842 2424/4844/4844 2440/4845/4845
f 2423/4846/4846 2441/4847/4847 2440/4845/4845
f 2425/4848/4848 2442/4849/4849 2441/4847/4847
f 2426/4850/4850 2443/4851/4851 2442/4849/4849
f 2427/4852/4852 2444/4853/4853 2443/4851/4851
f 2428/4854/4854 2445/4855/4855 2444/4853/4853
f 2429/4856/4856 2446/4857/4857 2445/4855/4855
f 2430/4858/4858 2447/4859/4859 2446/4857/4857
f 2446/4857/4857 2429/4856/4856 2430/4858/4858
f 2445/4855/4855 2428/4854/4854 2429/4856/4856
f 2444/4853/4853 2427/4852/4852 2428/4854/4854
f 2443/4851/4851 2426/4850/4850 2427/4852/4852
f 2442/4849/4849 2425/4848/4848 2426/4850/4850
f 2441/4847/4847 2423/4846/4846 2425/4848/4848
f 2440/4845/4845 2424/4844/4844 2423/4846/4846
f 2440/4845/4845 2439/4843/4843 2422/4842/4842
f 2439/4843/4843 2438/4841/4841 2421/4840/4840
f 2438/4841/4841 2437/4839/4839 2420/4838/4838
f 2437/4839/4839 2436/4837/4837 2419/4836/4836
f 2436/4837/4837 2435/4835/4835 2418/4834/4834
f 2435/4835/4835 2434/4833/4833 2417/4832/4832
f 2434/4833/4833 2433/4831/4831 2416/4830/4830
f 2433/4831/4831 2432/4829/4829 2415/4828/4828
f 2432/4829/4829 2431/4827/4827 2414/4826/4826
f 2431/4827/4827 2448/4860/4860 2413/4825/4825
f 2449/4861/4861 2448/4862/4862 2431/4863/4863
f 2450/4864/4864 2431/4863/4863 2432/4865/4865
f 2451/4866/4866 2432/4865/4865 2433/4867/4867
f 2452/4868/4868 2433/4867/4867 2434/4869/4869
f 2453/4870/4870 2434/4869/4869 2435/4871/4871
f 2454/4872/4872 2435/4871/4871 2436/4873/4873
f 2455/4874/4874 2436/4873/4873 2437/4875/4875
f 2456/4876/4876 2437/4875/4875 2438/4877/4877
f 2457/4878/4878 2438/4877/4877 2439/4879/4879
f 2458/4880/4880 2439/4879/4879 2440/4881/4881
f 2459/4882/4882 2460/4883/4883 2440/4881/4881
f 2461/4884/4884 2459/4882/4882 2441/4885/4885
f 2462/4886/4886 2461/4884/4884 2442/4887/4887
f 2463/4888/4888 2462/4886/4886 2443/4889/4889
f 2464/4890/4890 2463/4888/4888 2444/4891/4891
f 2465/4892/4892 2464/4890/4890 2445/4893/4893
f 2466/4894/4894 2465/4892/4892 2446/4895/4895
f 2446/4895/4895 2447/4896/4896 2466/4894/4894
f 2445/4893/4893 2446/4895/4895 2465/4892/4892
f 2444/4891/4891 2445/4893/4893 2464/4890/4890
f 2443/4889/4889 2444/4891/4891 2463/4888/4888
f 2442/4887/4887 2443/4889/4889 2462/4886/4886
f 2441/4885/4885 2442/4887/4887 2461/4884/4884
f 2440/4881/4881 2441/4885/4885 2459/4882/4882
f 2440/4881/4881 2460/4883/4883 2458/4880/4880
f 2439/4879/4879 2458/4880/4880 2457/4878/4878
f 2438/4877/4877 2457/4878/4878 2456/4876/4876
f 2437/4875/4875 2456/4876/4876 2455/4874/4874
f 2436/4873/4873 2455/4874/4874 2454/4872/4872
f 2435/4871/4871 2454/4872/4872 2453/4870/4870
f 2434/4869/4869 2453/4870/4870 2452/4868/4868
f 2433/4867/4867 2452/4868/4868 2451/4866/4866
f 2432/4865/4865 2451/4866/4866 2450/4864/4864
f 2431/4863/4863 2450/4864/4864 2449/4861/4861
f 2449/4897/4897 2450/4898/4898 2467/4899/4899
f 2450/4898/4898 2451/4900/4900 2468/4901/4901
f 2451/4900/4900 2452/4902/4902 2469/4903/4903
f 2452/4902/4902 2453/4904/4904 2470/4905/4905
f 2453/4904/4904 2454/4906/4906 2471/4907/4907
f 2454/4906/4906 2455/4908/4908 2472/4909/4909
f 2455/4908/4908 2456/4910/4910 2473/4911/4911
f 2456/4910/4910 2457/4912/4912 2474/4913/4913
f 2457/4912/4912 2458/4914/4914 2475/4915/4915
f 2458/4914/4914 2460/4916/4916 2476/4917/4917
f 2459/4918/4918 2477/4919/4919 2476/4917/4917
f 2461/4920/4920 2478/4921/4921 2477/4919/4919
f 2462/4922/4922 2479/4923/4923 2478/4921/4921
f 2463/4924/4924 2480/4925/4925 2479/4923/4923
f 2464/4926/4926 2481/4927/4927 2480/4925/4925
f 2465/4928/4928 2482/4929/4929 2481/4927/4927
f 2466/4930/4930 2483/4931/4931 2482/4929/4929
f 2482/4929/4929 2465/4928/4928 2466/4930/4930
f 2481/4927/4927 2464/4926/4926 2465/4928/4928
f 2480/4925/4925 2463/4924/4924 2464/4926/4926
f 2479/4923/4923 2462/4922/4922 2463/4924/4924
f 2478/4921/4921 2461/4920/4920 2462/4922/4922
f 2477/4919/4919 2459/4918/4918 2461/4920/4920
f 2476/4917/4917 2460/4916/4916 2459/4918/4918
f 2476/4917/4917 2475/4915/4915 2458/4914/4914
f 2475/4915/4915 2474/4913/4913 2457/4912/4912
f 2474/4913/4913 2473/4911/4911 2456/4910/4910
f 2473/4911/4911 2472/4909/4909 2455/4908/4908
f 2472/4909/4909 2471/4907/4907 2454/4906/4906
f 2471/4907/4907 2470/4905/4905 2453/4904/4904
f 2470/4905/4905 2469/4903/4903 2452/4902/4902
f 2469/4903/4903 2468/4901/4901 2451/4900/4900
f 2468/4901/4901 2467/4899/4899 2450/4898/4898
f 2467/4899/4899 2484/4932/4932 2449/4897/4897
f 2485/4933/4933 2484/4934/4934 2467/4935/4935
f 2486/4936/4936 2467/4935/4935 2468/4937/4937
f 2487/4938/4938 2468/4937/4937 2469/4939/4939
f 2488/4940/4940 2469/4939/4939 2470/4941/4941
f 2489/4942/4942 2470/4941/4941 2471/4943/4943
f 2490/4944/4944 2471/4943/4943 2472/4945/4945
f 2491/4946/4946 2472/4945/4945 2473/4947/4947
f 2492/4948/4948 2473/4947/4947 2474/4949/4949
f 2493/4950/4950 2474/4949/4949 2475/4951/4951
f 2494/4952/4952 2475/4951/4951 2476/4953/4953
f 2495/4954/4954 2496/4955/4955 2476/4953/4953
f 2497/4956/4956 2495/4954/4954 2477/4957/4957
f 2498/4958/4958 2497/4956/4956 2478/4959/4959
f 2499/4960/4960 2498/4958/4958 2479/4961/4961
f 2500/4962/4962 2499/4960/4960 2480/4963/4963
f 2501/4964/4964 2500/4962/4962 2481/4965/4965
f 2502/4966/4966 2501/4964/4964 2482/4967/4967
f 2482/4967/4967 2483/4968/4968 2502/4966/4966
f 2481/4965/4965 2482/4967/4967 2501/4964/4964
f 2480/4963/4963 2481/4965/4965 2500/4962/4962
f 2479/4961/4961 2480/4963/4963 2499/4960/4960
f 2478/4959/4959 2479/4961/4961 2498/4958/4958
f 2477/4957/4957 2478/4959/4959 2497/4956/4956
f 2476/4953/4953 2477/4957/4957 2495/4954/4954
f 2476/4953/4953 2496/4955/4955 2494/4952/4952
f 2475/4951/4951 2494/4952/4952 2493/4950/4950
f 2474/4949/4949 2493/4950/4950 2492/4948/4948
f 2473/4947/4947 2492/4948/4948 2491/4946/4946
f 2472/4945/4945 2491/4946/4946 2490/4944/4944
f 2471/4943/4943 2490/4944/4944 2489/4942/4942
f 2470/4941/4941 2489/4942/4942 2488/4940/4940
f 2469/4939/4939 2488/4940/4940 2487/4938/4938
f 2468/4937/4937 2487/4938/4938 2486/4936/4936
f 2467/4935/4935 2486/4936/4936 2485/4933/4933
f 2485/4969/4969 2486/4970/4970 2503/4971/4971
f 2486/4970/4970 2487/4972/4972 2504/4973/4973
f 2487/4972/4972 2488/4974/4974 2505/4975/4975
f 2488/4974/4974 2489/4976/4976 2506/4977/4977
f 2489/4976/4976 2490/4978/4978 2507/4979/4979
f 2490/4978/4978 2491/4980/4980 2508/4981/4981
f 2491/4980/4980 2492/4982/4982 2509/4983/4983
f 2492/4982/4982 2493/4984/4984 2510/4985/4985
f 2493/4984/4984 2494/4986/4986 2511/4987/4987
f 2494/4986/4986 2496/4988/4988 2512/4989/4989
f 2495/4990/4990 2513/4991/4991 2512/4989/4989
f 2497/4992/4992 2514/4993/4993 2513/4991/4991
f 2498/4994/4994 2515/4995/4995 2514/4993/4993
f 2499/4996/4996 2516/4997/4997 2515/4995/4995
f 2500/4998/4998 2517/4999/4999 2516/4997/4997
f 2501/5000/5000 2518/5001/5001 2517/4999/4999
f 2502/5002/5002 2519/5003/5003 2518/5001/5001
f 2518/5001/5001 2501/5000/5000 2502/5002/5002
f 2517/4999/4999 2500/4998/4998 2501/5000/5000
f 2516/4997/4997 2499/4996/4996 2500/4998/4998
f 2515/4995/4995 2498/4994/4994 2499/4996/4996
f 2514/4993/4993 2497/4992/4992 2498/4994/4994
f 2513/4991/4991 2495/4990/4990 2497/4992/4992
f 2512/4989/4989 2496/4988/4988 2495/4990/4990
f 2512/4989/4989 2511/4987/4987 2494/4986/4986
f 2511/4987/4987 2510/4985/4985 2493/4984/4984
f 2510/4985/4985 2509/4983/4983 2492/4982/4982
f 2509/4983/4983 2508/4981/4981 2491/4980/4980
f 2508/4981/4981 2507/4979/4979 2490/4978/4978
f 2507/4979/4979 2506/4977/4977 2489/4976/4976
f 2506/4977/4977 2505/4975/4975 2488/4974/4974
f 2505/4975/4975 2504/4973/4973 2487/4972/4972
f 2504/4973/4973 2503/4971/4971 2486/4970/4970
f 2503/4971/4971 2520/5004/5004 2485/4969/4969
f 2521/5005/5005 2520/5006/5006 2503/5007/5007
f 2522/5008/5008 2503/5007/5007 2504/5009/5009
f 2523/5010/5010 2504/5009/5009 2505/5011/5011
f 2524/5012/5012 2505/5011/5011 2506/5013/5013
f 2525/5014/5014 2506/5013/5013 2507/5015/5015
f 2526/5016/5016 2507/5015/5015 2508/5017/5017
f 2527/5018/5018 2508/5017/5017 2509/5019/5019
f 2528/5020/5020 2509/5019/5019 2510/5021/5021
f 2529/5022/5022 2510/5021/5021 2511/5023/5023
f 2530/5024/5024 2511/5023/5023 2512/5025/5025
f 2531/5026/5026 2532/5027/5027 2512/5025/5025
f 2533/5028/5028 2531/5026/5026 2513/5029/5029
f 2534/5030/5030 2533/5028/5028 2514/5031/5031
f 2535/5032/5032 2534/5030/5030 2515/5033/5033
f 2536/5034/5034 2535/5032/5032 2516/5035/5035
f 2537/5036/5036 2536/5034/5034 2517/5037/5037
f 2538/5038/5038 2537/5036/5036 2518/5039/5039
f 2518/5039/5039 2519/5040/5040 2538/5038/5038
f 2517/5037/5037 2518/5039/5039 2537/5036/5036
f 2516/5035/5035 2517/5037/5037 2536/5034/5034
f 2515/5033/5033 2516/5035/5035 2535/5032/5032
f 2514/5031/5031 2515/5033/5033 2534/5030/5030
f 2513/5029/5029 2514/5031/5031 2533/5028/5028
f 2512/5025/5025 2513/5029/5029 2531/5026/5026
f 2512/5025/5025 2532/5027/5027 2530/5024/5024
f 2511/5023/5023 2530/5024/5024 2529/5022/5022
f 2510/5021/5021 2529/5022/5022 2528/5020/5020
f 2509/5019/5019 2528/5020/5020 2527/5018/5018
f 2508/5017/5017 2527/5018/5018 2526/5016/5016
f 2507/5015/5015 2526/5016/5016 2525/5014/5014
f 2506/5013/5013 2525/5014/5014 2524/5012/5012
f 2505/5011/5011 2524/5012/5012 2523/5010/5010
f 2504/5009/5009 2523/5010/5010 2522/5008/5008
f 2503/5007/5007 2522/5008/5008 2521/5005/5005
f 2521/5041/5041 2522/5042/5042 2539/5043/5043
f 2522/5042/5042 2523/5044/5044 2540/5045/5045
f 2523/5044/5044 2524/5046/5046 2541/5047/5047
f 2524/5046/5046 2525/5048/5048 2542/5049/5049
f 2525/5048/5048 2526/5050/5050 2543/5051/5051
f 2526/5050/5050 2527/5052/5052 2544/5053/5053
f 2527/5052/5052 2528/5054/5054 2545/5055/5055
f 2528/5054/5054 2529/5056/5056 2546/5057/5057
f 2529/5056/5056 2530/5058/5058 2547/5059/5059
f 2530/5058/5058 2532/5060/5060 2548/5061/5061
f 2531/5062/5062 2549/5063/5063 2548/5061/5061
f 2533/5064/5064 2550/5065/5065 2549/5063/5063
f 2534/5066/5066 2551/5067/5067 2550/5065/5065
f 2535/5068/5068 2552/5069/5069 2551/5067/5067
f 2536/5070/5070 2553/5071/5071 2552/5069/5069
f 2537/5072/5072 2554/5073/5073 2553/5071/5071
f 2538/5074/5074 2555/5075/5075 2554/5073/5073
f 2554/5073/5073 2537/5072/5072 2538/5074/5074
f 2553/5071/5071 2536/5070/5070 2537/5072/5072
f 2552/5069/5069 2535/5068/5068 2536/5070/5070
f 2551/5067/5067 2534/5066/5066 2535/5068/5068
f 2550/5065/5065 2533/5064/5064 2534/5066/5066
f 2549/5063/5063 2531/5062/5062 2533/5064/5064
f 2548/5061/5061 2532/5060/5060 2531/5062/5062
f 2548/5061/5061 2547/5059/5059 2530/5058/5058
f 2547/5059/5059 2546/5057/5057 2529/5056/5056
f 2546/5057/5057 2545/5055/5055 2528/5054/5054
f 2545/5055/5055 2544/5053/5053 2527/5052/5052
f 2544/5053/5053 2543/5051/5051 2526/5050/5050
f 2543/5051/5051 2542/5049/5049 2525/5048/5048
f 2542/5049/5049 2541/5047/5047 2524/5046/5046
f 2541/5047/5047 2540/5045/5045 2523/5044/5044
f 2540/5045/5045 2539/5043/5043 2522/5042/5042
f 2539/5043/5043 2556/5076/5076 2521/5041/5041
f 2557/5077/5077 2556/5078/5078 2539/5079/5079
f 2558/5080/5080 2539/5079/5079 2540/5081/5081
f 2559/5082/5082 2540/5081/5081 2541/5083/5083
f 2560/5084/5084 2541/5083/5083 2542/5085/5085
f 2561/5086/5086 2542/5085/5085 2543/5087/5087
f 2562/5088/5088 2543/5087/5087 2544/5089/5089
f 2563/5090/5090 2544/5089/5089 2545/5091/5091
f 2564/5092/5092 2545/5091/5091 2546/5093/5093
f 2565/5094/5094 2546/5093/5093 2547/5095/5095
f 2566/5096/5096 2547/5095/5095 2548/5097/5097
f 2567/5098/5098 2568/5099/5099 2548/5097/5097
f 2569/5100/5100 2567/5098/5098 2549/5101/5101
f 2570/5102/5102 2569/5100/5100 2550/5103/5103
f 2571/5104/5104 2570/5102/5102 2551/5105/5105
f 2572/5106/5106 2571/5104/5104 2552/5107/5107
f 2573/5108/5108 2572/5106/5106 2553/5109/5109
f 2574/5110/5110 2573/5108/5108 2554/5111/5111
f 2554/5111/5111 2555/5112/5112 2574/5110/5110
f 2553/5109/5109 2554/5111/5111 2573/5108/5108
f 2552/5107/5107 2553/5109/5109 2572/5106/5106
f 2551/5105/5105 2552/5107/5107 2571/5104/5104
f 2550/5103/5103 2551/5105/5105 2570/5102/5102
f 2549/5101/5101 2550/5103/5103 2569/5100/5100
f 2548/5097/5097 2549/5101/5101 2567/5098/5098
f 2548/5097/5097 2568/5099/5099 2566/5096/5096
f 2547/5095/5095 2566/5096/5096 2565/5094/5094
f 2546/5093/5093 2565/5094/5094 2564/5092/5092
f 2545/5091/5091 2564/5092/5092 2563/5090/5090
f 2544/5089/5089 2563/5090/5090 2562/5088/5088
f 2543/5087/5087 2562/5088/5088 2561/5086/5086
f 2542/5085/5085 2561/5086/5086 2560/5084/5084
f 2541/5083/5083 2560/5084/5084 2559/5082/5082
f 2540/5081/5081 2559/5082/5082 2558/5080/5080
f 2539/5079/5079 2558/5080/5080 2557/5077/5077
f 2557/5113/5113 2558/5114/5114 2575/5115/5115
f 2558/5114/5114 2559/5116/5116 2576/5117/5117
f 2559/5116/5116 2560/5118/5118 2577/5119/5119
f 2560/5118/5118 2561/5120/5120 2578/5121/5121
f 2561/5120/5120 2562/5122/5122 2579/5123/5123
f 2562/5122/5122 2563/5124/5124 2580/5125/5125
f 2563/5124/5124 2564/5126/5126 2581/5127/5127
f 2564/5126/5126 2565/5128/5128 2582/5129/5129
f 2565/5128/5128 2566/5130/5130 2583/5131/5131
f 2566/5130/5130 2568/5132/5132 2584/5133/5133
f 2567/5134/5134 2585/5135/5135 2584/5133/5133
f 2569/5136/5136 2586/5137/5137 2585/5135/5135
f 2570/5138/5138 2587/5139/5139 2586/5137/5137
f 2571/5140/5140 2588/5141/5141 2587/5139/5139
f 2572/5142/5142 2589/5143/5143 2588/5141/5141
f 2573/5144/5144 2590/5145/5145 2589/5143/5143
f 2574/5146/5146 2591/5147/5147 2590/5145/5145
f 2590/5145/5145 2573/5144/5144 2574/5146/5146
f 2589/5143/5143 2572/5142/5142 2573/5144/5144
f 2588/5141/5141 2571/5140/5140 2572/5142/5142
f 2587/5139/5139 2570/5138/5138 2571/5140/5140
f 2586/5137/5137 2569/5136/5136 2570/5138/5138
f 2585/5135/5135 2567/5134/5134 2569/5136/5136
f 2584/5133/5133 2568/5132/5132 2567/5134/5134
f 2584/5133/5133 2583/5131/5131 2566/5130/5130
f 2583/5131/5131 2582/5129/5129 2565/5128/5128
f 2582/5129/5129 2581/5127/5127 2564/5126/5126
f 2581/5127/5127 2580/5125/5125 2563/5124/5124
f 2580/5125/5125 2579/5123/5123 2562/5122/5122
f 2579/5123/5123 2578/5121/5121 2561/5120/5120
f 2578/5121/5121 2577/5119/5119 2560/5118/5118
f 2577/5119/5119 2576/5117/5117 2559/5116/5116
f 2576/5117/5117 2575/5115/5115 2558/5114/5114
f 2575/5115/5115 2592/5148/5148 2557/5113/5113
f 2593/5149/5149 2592/5150/5150 2575/5151/5151
f 2594/5152/5152 2575/5151/5151 2576/5153/5153
f 2595/5154/5154 2576/5153/5153 2577/5155/5155
f 2596/5156/5156 2577/5155/5155 2578/5157/5157
f 2597/5158/5158 2578/5157/5157 2579/5159/5159
f 2598/5160/5160 2579/5159/5159 2580/5161/5161
f 2599/5162/5162 2580/5161/5161 2581/5163/5163
f 2600/5164/5164 2581/5163/5163 2582/5165/5165
f 2601/5166/5166 2582/5165/5165 2583/5167/5167
f 2602/5168/5168 2583/5167/5167 2584/5169/5169
f 2603/5170/5170 2604/5171/5171 2584/5169/5169
f 2605/5172/5172 2603/5170/5170 2585/5173/5173
f 2606/5174/5174 2605/5172/5172 2586/5175/5175
f 2607/5176/5176 2606/5174/5174 2587/5177/5177
f 2608/5178/5178 2607/5176/5176 2588/5179/5179
f 2609/5180/5180 2608/5178/5178 2589/5181/5181
f 2610/5182/5182 2609/5180/5180 2590/5183/5183
f 2590/5183/5183 2591/5184/5184 2610/5182/5182
f 2589/5181/5181 2590/5183/5183 2609/5180/5180
f 2588/5179/5179 2589/5181/5181 2608/5178/5178
f 2587/5177/5177 2588/5179/5179 2607/5176/5176
f 2586/5175/5175 2587/5177/5177 2606/5174/5174
f 2585/5173/5173 2586/5175/5175 2605/5172/5172
f 2584/5169/5169 2585/5173/5173 2603/5170/5170
f 2584/5169/5169 2604/5171/5171 2602/5168/5168
f 2583/5167/5167 2602/5168/5168 2601/5166/5166
f 2582/5165/5165 2601/5166/5166 2600/5164/5164
f 2581/5163/5163 2600/5164/5164 2599/5162/5162
f 2580/5161/5161 2599/5162/5162 2598/5160/5160
f 2579/5159/5159 2598/5160/5160 2597/5158/5158
f 2578/5157/5157 2597/5158/5158 2596/5156/5156
f 2577/5155/5155 2596/5156/5156 2595/5154/5154
f 2576/5153/5153 2595/5154/5154 2594/5152/5152
f 2575/5151/5151 2594/5152/5152 2593/5149/5149
f 2593/5185/5185 2594/5186/5186 2611/5187/5187
f 2594/5186/5186 2595/5188/5188 2612/5189/5189
f 2595/5188/5188 2596/5190/5190 2613/5191/5191
f 2596/5190/5190 2597/5192/5192 2614/5193/5193
f 2597/5192/5192 2598/5194/5194 2615/5195/5195
f 2598/5194/5194 2599/5196/5196 2616/5197/5197
f 2599/5196/5196 2600/5198/5198 2617/5199/5199
f 2600/5198/5198 2601/5200/5200 2618/5201/5201
f 2601/5200/5200 2602/5202/5202 2619/5203/5203
f 2602/5202/5202 2604/5204/5204 2620/5205/5205
f 2603/5206/5206 2621/5207/5207 2620/5205/5205
f 2605/5208/5208 2622/5209/5209 2621/5207/5207
f 2606/5210/5210 2623/5211/5211 2622/5209/5209
f 2607/5212/5212 2624/5213/5213 2623/5211/5211
f 2608/5214/5214 2625/5215/5215 2624/5213/5213
f 2609/5216/5216 2626/5217/5217 2625/5215/5215
f 2610/5218/5218 2627/5219/5219 2626/5217/5217
f 2626/5217/5217 2609/5216/5216 2610/5218/5218
f 2625/5215/5215 2608/5214/5214 2609/5216/5216
f 2624/5213/5213 2607/5212/5212 2608/5214/5214
f 2623/5211/5211 2606/5210/5210 2607/5212/5212
f 2622/5209/5209 2605/5208/5208 2606/5210/5210
f 2621/5207/5207 2603/5206/5206 2605/5208/5208
f 2620/5205/5205 2604/5204/5204 2603/5206/5206
f 2620/5205/5205 2619/5203/5203 2602/5202/5202
f 2619/5203/5203 2618/5201/5201 2601/5200/5200
f 2618/5201/5201 2617/5199/5199 2600/5198/5198
f 2617/5199/5199 2616/5197/5197 2599/5196/5196
f 2616/5197/5197 2615/5195/5195 2598/5194/5194
f 2615/5195/5195 2614/5193/5193 2597/5192/5192
f 2614/5193/5193 2613/5191/5191 2596/5190/5190
f 2613/5191/5191 2612/5189/5189 2595/5188/5188
f 2612/5189/5189 2611/5187/5187 2594/5186/5186
f 2611/5187/5187 2628/5220/5220 2593/5185/5185
f 2629/5221/5221 2628/5222/5222 2611/5223/5223
f 2630/5224/5224 2611/5223/5223 2612/5225/5225
f 2631/5226/5226 2612/5225/5225 2613/5227/5227
f 2632/5228/5228 2613/5227/5227 2614/5229/5229
f 2633/5230/5230 2614/5229/5229 2615/5231/5231
f 2634/5232/5232 2615/5231/5231 2616/5233/5233
f 2635/5234/5234 2616/5233/5233 2617/5235/5235
f 2636/5236/5236 2617/5235/5235 2618/5237/5237
f 2637/5238/5238 2618/5237/5237 2619/5239/5239
f 2638/5240/5240 2619/5239/5239 2620/5241/5241
f 2639/5242/5242 2640/5243/5243 2620/5241/5241
f 2641/5244/5244 2639/5242/5242 2621/5245/5245
f 2642/5246/5246 2641/5244/5244 2622/5247/5247
f 2643/5248/5248 2642/5246/5246 2623/5249/5249
f 2644/5250/5250 2643/5248/5248 2624/5251/5251
f 2645/5252/5252 2644/5250/5250 2625/5253/5253
f 2646/5254/5254 2645/5252/5252 2626/5255/5255
f 2626/5255/5255 2627/5256/5256 2646/5254/5254
f 2625/5253/5253 2626/5255/5255 2645/5252/5252
f 2624/5251/5251 2625/5253/5253 2644/5250/5250
f 2623/5249/5249 2624/5251/5251 2643/5248/5248
f 2622/5247/5247 2623/5249/5249 2642/5246/5246
f 2621/5245/5245 2622/5247/5247 2641/5244/5244
f 2620/5241/5241 2621/5245/5245 2639/5242/5242
f 2620/5241/5241 2640/5243/5243 2638/5240/5240
f 2619/5239/5239 2638/5240/5240 2637/5238/5238
f 2618/5237/5237 2637/5238/5238 2636/5236/5236
f 2617/5235/5235 2636/5236/5236 2635/5234/5234
f 2616/5233/5233 2635/5234/5234 2634/5232/5232
f 2615/5231/5231 2634/5232/5232 2633/5230/5230
f 2614/5229/5229 2633/5230/5230 2632/5228/5228
f 2613/5227/5227 2632/5228/5228 2631/5226/5226
f 2612/5225/5225 2631/5226/5226 2630/5224/5224
f 2611/5223/5223 2630/5224/5224 2629/5221/5221
f 2629/5257/5257 2630/5258/5258 2647/5259/5259
f 2630/5258/5258 2631/5260/5260 2648/5261/5261
f 2631/5260/5260 2632/5262/5262 2649/5263/5263
f 2632/5262/5262 2633/5264/5264 2650/5265/5265
f 2633/5264/5264 2634/5266/5266 2651/5267/5267
f 2634/5266/5266 2635/5268/5268 2652/5269/5269
f 2635/5268/5268 2636/5270/5270 2653/5271/5271
f 2636/5270/5270 2637/5272/5272 2654/5273/5273
f 2637/5272/5272 2638/5274/5274 2655/5275/5275
f 2638/5274/5274 2640/5276/5276 2656/5277/5277
f 2639/5278/5278 2657/5279/5279 2656/5277/5277
f 2641/5280/5280 2658/5281/5281 2657/5279/5279
f 2642/5282/5282 2659/5283/5283 2658/5281/5281
f 2643/5284/5284 2660/5285/5285 2659/5283/5283
f 2644/5286/5286 2661/5287/5287 2660/5285/5285
f 2645/5288/5288 2662/5289/5289 2661/5287/5287
f 2646/5290/5290 2663/5291/5291 2662/5289/5289
f 2662/5289/5289 2645/5288/5288 2646/5290/5290
f 2661/5287/5287 2644/5286/5286 2645/5288/5288
f 2660/5285/5285 2643/5284/5284 2644/5286/5286
f 2659/5283/5283 2642/5282/5282 2643/5284/5284
f 2658/5281/5281 2641/5280/5280 2642/5282/5282
f 2657/5279/5279 2639/5278/5278 2641/5280/5280
f 2656/5277/5277 2640/5276/5276 2639/5278/5278
f 2656/5277/5277 2655/5275/5275 2638/5274/5274
f 2655/5275/5275 2654/5273/5273 2637/5272/5272
f 2654/5273/5273 2653/5271/5271 2636/5270/5270
f 2653/5271/5271 2652/5269/5269 2635/5268/5268
f 2652/5269/5269 2651/5267/5267 2634/5266/5266
f 2651/5267/5267 2650/5265/5265 2633/5264/5264
f 2650/5265/5265 2649/5263/5263 2632/5262/5262
f 2649/5263/5263 2648/5261/5261 2631/5260/5260
f 2648/5261/5261 2647/5259/5259 2630/5258/5258
f 2647/5259/5259 2664/5292/5292 2629/5257/5257
f 2665/5293/5293 2664/5294/5294 2647/5295/5295
f 2666/5296/5296 2647/5295/5295 2648/5297/5297
f 2667/5298/5298 2648/5297/5297 2649/5299/5299
f 2668/5300/5300 2649/5299/5299 2650/5301/5301
f 2669/5302/5302 2650/5301/5301 2651/5303/5303
f 2670/5304/5304 2651/5303/5303 2652/5305/5305
f 2671/5306/5306 2652/5305/5305 2653/5307/5307
f 2672/5308/5308 2653/5307/5307 2654/5309/5309
f 2673/5310/5310 2654/5309/5309 2655/5311/5311
f 2674/5312/5312 2655/5311/5311 2656/5313/5313
f 2675/5314/5314 2676/5315/5315 2656/5313/5313
f 2677/5316/5316 2675/5314/5314 2657/5317/5317
f 2678/5318/5318 2677/5316/5316 2658/5319/5319
f 2679/5320/5320 2678/5318/5318 2659/5321/5321
f 2680/5322/5322 2679/5320/5320 2660/5323/5323
f 2681/5324/5324 2680/5322/5322 2661/5325/5325
f 2682/5326/5326 2681/5324/5324 2662/5327/5327
f 2662/5327/5327 2663/5328/5328 2682/5326/5326
f 2661/5325/5325 2662/5327/5327 2681/5324/5324
f 2660/5323/5323 2661/5325/5325 2680/5322/5322
f 2659/5321/5321 2660/5323/5323 2679/5320/5320
f 2658/5319/5319 2659/5321/5321 2678/5318/5318
f 2657/5317/5317 2658/5319/5319 2677/5316/5316
f 2656/5313/5313 2657/5317/5317 2675/5314/5314
f 2656/5313/5313 2676/5315/5315 2674/5312/5312
f 2655/5311/5311 2674/5312/5312 2673/5310/5310
f 2654/5309/5309 2673/5310/5310 2672/5308/5308
f 2653/5307/5307 2672/5308/5308 2671/5306/5306
f 2652/5305/5305 2671/5306/5306 2670/5304/5304
f 2651/5303/5303 2670/5304/5304 2669/5302/5302
f 2650/5301/5301 2669/5302/5302 2668/5300/5300
f 2649/5299/5299 2668/5300/5300 2667/5298/5298
f 2648/5297/5297 2667/5298/5298 2666/5296/5296
f 2647/5295/5295 2666/5296/5296 2665/5293/5293
f 2665/5329/5329 2666/5330/5330 2683/5331/5331
f 2666/5330/5330 2667/5332/5332 2684/5333/5333
f 2667/5332/5332 2668/5334/5334 2685/5335/5335
f 2668/5334/5334 2669/5336/5336 2686/5337/5337
f 2669/5336/5336 2670/5338/5338 2687/5339/5339
f 2670/5338/5338 2671/5340/5340 2688/5341/5341
f 2671/5340/5340 2672/5342/5342 2689/5343/5343
f 2672/5342/5342 2673/5344/5344 2690/5345/5345
f 2673/5344/5344 2674/5346/5346 2691/5347/5347
f 2674/5346/5346 2676/5348/5348 2692/5349/5349
f 2675/5350/5350 2693/5351/5351 2692/5349/5349
f 2677/5352/5352 2694/5353/5353 2693/5351/5351
f 2678/5354/5354 2695/5355/5355 2694/5353/5353
f 2679/5356/5356 2696/5357/5357 2695/5355/5355
f 2680/5358/5358 2697/5359/5359 2696/5357/5357
f 2681/5360/5360 2698/5361/5361 2697/5359/5359
f 2682/5362/5362 2699/5363/5363 2698/5361/5361
f 2698/5361/5361 2681/5360/5360 2682/5362/5362
f 2697/5359/5359 2680/5358/5358 2681/5360/5360
f 2696/5357/5357 2679/5356/5356 2680/5358/5358
f 2695/5355/5355 2678/5354/5354 2679/5356/5356
f 2694/5353/5353 2677/5352/5352 2678/5354/5354
f 2693/5351/5351 2675/5350/5350 2677/5352/5352
f 2692/5349/5349 2676/5348/5348 2675/5350/5350
f 2692/5349/5349 2691/5347/5347 2674/5346/5346
f 2691/5347/5347 2690/5345/5345 2673/5344/5344
f 2690/5345/5345 2689/5343/5343 2672/5342/5342
f 2689/5343/5343 2688/5341/5341 2671/5340/5340
f 2688/5341/5341 2687/5339/5339 2670/5338/5338
f 2687/5339/5339 2686/5337/5337 2669/5336/5336
f 2686/5337/5337 2685/5335/5335 2668/5334/5334
f 2685/5335/5335 2684/5333/5333 2667/5332/5332
f 2684/5333/5333 2683/5331/5331 2666/5330/5330
f 2683/5331/5331 2700/5364/5364 2665/5329/5329
f 2701/5365/5365 2700/5366/5366 2683/5367/5367
f 2702/5368/5368 2683/5367/5367 2684/5369/5369
f 2703/5370/5370 2684/5369/5369 2685/5371/5371
f 2704/5372/5372 2685/5371/5371 2686/5373/5373
f 2705/5374/5374 2686/5373/5373 2687/5375/5375
f 2706/5376/5376 2687/5375/5375 2688/5377/5377
f 2707/5378/5378 2688/5377/5377 2689/5379/5379
f 2708/5380/5380 2689/5379/5379 2690/5381/5381
f 2709/5382/5382 2690/5381/5381 2691/5383/5383
f 2710/5384/5384 2691/5383/5383 2692/5385/5385
f 2711/5386/5386 2712/5387/5387 2692/5385/5385
f 2713/5388/5388 2711/5386/5386 2693/5389/5389
f 2714/5390/5390 2713/5388/5388 2694/5391/5391
f 2715/5392/5392 2714/5390/5390 2695/5393/5393
f 2716/5394/5394 2715/5392/5392 2696/5395/5395
f 2717/5396/5396 2716/5394/5394 2697/5397/5397
f 2718/5398/5398 2717/5396/5396 2698/5399/5399
f 2698/5399/5399 2699/5400/5400 2718/5398/5398
f 2697/5397/5397 2698/5399/5399 2717/5396/5396
f 2696/5395/5395 2697/5397/5397 2716/5394/5394
f 2695/5393/5393 2696/5395/5395 2715/5392/5392
f 2694/5391/5391 2695/5393/5393 2714/5390/5390
f 2693/5389/5389 2694/5391/5391 2713/5388/5388
f 2692/5385/5385 2693/5389/5389 2711/5386/5386
f 2692/5385/5385 2712/5387/5387 2710/5384/5384
f 2691/5383/5383 2710/5384/5384 2709/5382/5382
f 2690/5381/5381 2709/5382/5382 2708/5380/5380
f 2689/5379/5379 2708/5380/5380 2707/5378/5378
f 2688/5377/5377 2707/5378/5378 2706/5376/5376
f 2687/5375/5375 2706/5376/5376 2705/5374/5374
f 2686/5373/5373 2705/5374/5374 2704/5372/5372
f 2685/5371/5371 2704/5372/5372 2703/5370/5370
f 2684/5369/5369 2703/5370/5370 2702/5368/5368
f 2683/5367/5367 2702/5368/5368 2701/5365/5365
f 2701/5401/5401 2702/5402/5402 2719/5403/5403
f 2702/5402/5402 2703/5404/5404 2720/5405/5405
f 2703/5404/5404 2704/5406/5406 2721/5407/5407
f 2704/5406/5406 2705/5408/5408 2722/5409/5409
f 2705/5408/5408 2706/5410/5410 2723/5411/5411
f 2706/5410/5410 2707/5412/5412 2724/5413/5413
f 2707/5412/5412 2708/5414/5414 2725/5415/5415
f 2708/5414/5414 2709/5416/5416 2726/5417/5417
f 2709/5416/5416 2710/5418/5418 2727/5419/5419
f 2710/5418/5418 2712/5420/5420 2728/5421/5421
f 2711/5422/5422 2729/5423/5423 2728/5421/5421
f 2713/5424/5424 2730/5425/5425 2729/5423/5423
f 2714/5426/5426 2731/5427/5427 2730/5425/5425
f 2715/5428/5428 2732/5429/5429 2731/5427/5427
f 2716/5430/5430 2733/5431/5431 2732/5429/5429
f 2717/5432/5432 2734/5433/5433 2733/5431/5431
f 2718/5434/5434 2735/5435/5435 2734/5433/5433
f 2734/5433/5433 2717/5432/5432 2718/5434/5434
f 2733/5431/5431 2716/5430/5430 2717/5432/5432
f 2732/5429/5429 2715/5428/5428 2716/5430/5430
f 2731/5427/5427 2714/5426/5426 2715/5428/5428
f 2730/5425/5425 2713/5424/5424 2714/5426/5426
f 2729/5423/5423 2711/5422/5422 2713/5424/5424
f 2728/5421/5421 2712/5420/5420 2711/5422/5422
f 2728/5421/5421 2727/5419/5419 2710/5418/5418
f 2727/5419/5419 2726/5417/5417 2709/5416/5416
f 2726/5417/5417 2725/5415/5415 2708/5414/5414
f 2725/5415/5415 2724/5413/5413 2707/5412/5412
f 2724/5413/5413 2723/5411/5411 2706/5410/5410
f 2723/5411/5411 2722/5409/5409 2705/5408/5408
f 2722/5409/5409 2721/5407/5407 2704/5406/5406
f 2721/5407/5407 2720/5405/5405 2703/5404/5404
f 2720/5405/5405 2719/5403/5403 2702/5402/5402
f 2719/5403/5403 2736/5436/5436 2701/5401/5401
f 2737/5437/5437 2736/5438/5438 2719/5439/5439
f 2738/5440/5440 2719/5439/5439 2720/5441/5441
f 2739/5442/5442 2720/5441/5441 2721/5443/5443
f 2740/5444/5444 2721/5443/5443 2722/5445/5445
f 2741/5446/5446 2722/5445/5445 2723/5447/5447
f 2742/5448/5448 2723/5447/5447 2724/5449/5449
f 2743/5450/5450 2724/5449/5449 2725/5451/5451
f 2744/5452/5452 2725/5451/5451 2726/5453/5453
f 2745/5454/5454 2726/5453/5453 2727/5455/5455
f 2746/5456/5456 2727/5455/5455 2728/5457/5457
f 2747/5458/5458 2748/5459/5459 2728/5457/5457
f 2749/5460/5460 2747/5458/5458 2729/5461/5461
f 2750/5462/5462 2749/5460/5460 2730/5463/5463
f 2751/5464/5464 2750/5462/5462 2731/5465/5465
f 2752/5466/5466 2751/5464/5464 2732/5467/5467
f 2753/5468/5468 2752/5466/5466 2733/5469/5469
f 2754/5470/5470 2753/5468/5468 2734/5471/5471
f 2734/5471/5471 2735/5472/5472 2754/5470/5470
f 2733/5469/5469 2734/5471/5471 2753/5468/5468
f 2732/5467/5467 2733/5469/5469 2752/5466/5466
f 2731/5465/5465 2732/5467/5467 2751/5464/5464
f 2730/5463/5463 2731/5465/5465 2750/5462/5462
f 2729/5461/5461 2730/5463/5463 2749/5460/5460
f 2728/5457/5457 2729/5461/5461 2747/5458/5458
f 2728/5457/5457 2748/5459/5459 2746/5456/5456
f 2727/5455/5455 2746/5456/5456 2745/5454/5454
f 2726/5453/5453 2745/5454/5454 2744/5452/5452
f 2725/5451/5451 2744/5452/5452 2743/5450/5450
f 2724/5449/5449 2743/5450/5450 2742/5448/5448
f 2723/5447/5447 2742/5448/5448 2741/5446/5446
f 2722/5445/5445 2741/5446/5446 2740/5444/5444
f 2721/5443/5443 2740/5444/5444 2739/5442/5442
f 2720/5441/5441 2739/5442/5442 2738/5440/5440
f 2719/5439/5439 2738/5440/5440 2737/5437/5437
f 2737/5473/5473 2738/5474/5474 2755/5475/5475
f 2738/5474/5474 2739/5476/5476 2756/5477/5477
f 2739/5476/5476 2740/5478/5478 2757/5479/5479
f 2740/5478/5478 2741/5480/5480 2758/5481/5481
f 2741/5480/5480 2742/5482/5482 2759/5483/5483
f 2742/5482/5482 2743/5484/5484 2760/5485/5485
f 2743/5484/5484 2744/5486/5486 2761/5487/5487
f 2744/5486/5486 2745/5488/5488 2762/5489/5489
f 2745/5488/5488 2746/5490/5490 2763/5491/5491
f 2746/5490/5490 2748/5492/5492 2764/5493/5493
f 2747/5494/5494 2765/5495/5495 2764/5493/5493
f 2749/5496/5496 2766/5497/5497 2765/5495/5495
f 2750/5498/5498 2767/5499/5499 2766/5497/5497
f 2751/5500/5500 2768/5501/5501 2767/5499/5499
f 2752/5502/5502 2769/5503/5503 2768/5501/5501
f 2753/5504/5504 2770/5505/5505 2769/5503/5503
f 2754/5506/5506 2771/5507/5507 2770/5505/5505
f 2770/5505/5505 2753/5504/5504 2754/5506/5506
f 2769/5503/5503 2752/5502/5502 2753/5504/5504
f 2768/5501/5501 2751/5500/5500 2752/5502/5502
f 2767/5499/5499 2750/5498/5498 2751/5500/5500
f 2766/5497/5497 2749/5496/5496 2750/5498/5498
f 2765/5495/5495 2747/5494/5494 2749/5496/5496
f 2764/5493/5493 2748/5492/5492 2747/5494/5494
f 2764/5493/5493 2763/5491/5491 2746/5490/5490
f 2763/5491/5491 2762/5489/5489 2745/5488/5488
f 2762/5489/5489 2761/5487/5487 2744/5486/5486
f 2761/5487/5487 2760/5485/5485 2743/5484/5484
f 2760/5485/5485 2759/5483/5483 2742/5482/5482
f 2759/5483/5483 2758/5481/5481 2741/5480/5480
f 2758/5481/5481 2757/5479/5479 2740/5478/5478
f 2757/5479/5479 2756/5477/5477 2739/5476/5476
f 2756/5477/5477 2755/5475/5475 2738/5474/5474
f 2755/5475/5475 2772/5508/5508 2737/5473/5473
f 2773/5509/5509 2772/5510/5510 2755/5511/5511
f 2774/5512/5512 2755/5511/5511 2756/5513/5513
f 2775/5514/5514 2756/5513/5513 2757/5515/5515
f 2776/5516/5516 2757/5515/5515 2758/5517/5517
f 2777/5518/5518 2758/5517/5517 2759/5519/5519
f 2778/5520/5520 2759/5519/5519 2760/5521/5521
f 2779/5522/5522 2760/5521/5521 2761/5523/5523
f 2780/5524/5524 2761/5523/5523 2762/5525/5525
f 2781/5526/5526 2762/5525/5525 2763/5527/5527
f 2782/5528/5528 2763/5527/5527 2764/5529/5529
f 2783/5530/5530 2784/5531/5531 2764/5529/5529
f 2785/5532/5532 2783/5530/5530 2765/5533/5533
f 2786/5534/5534 2785/5532/5532 2766/5535/5535
f 2787/5536/5536 2786/5534/5534 2767/5537/5537
f 2788/5538/5538 2787/5536/5536 2768/5539/5539
f 2789/5540/5540 2788/5538/5538 2769/5541/5541
f 2790/5542/5542 2789/5540/5540 2770/5543/5543
f 2770/5543/5543 2771/5544/5544 2790/5542/5542
f 2769/5541/5541 2770/5543/5543 2789/5540/5540
f 2768/5539/5539 2769/5541/5541 2788/5538/5538
f 2767/5537/5537 2768/5539/5539 2787/5536/5536
f 2766/5535/5535 2767/5537/5537 2786/5534/5534
f 2765/5533/5533 2766/5535/5535 2785/5532/5532
f 2764/5529/5529 2765/5533/5533 2783/5530/5530
f 2764/5529/5529 2784/5531/5531 2782/5528/5528
f 2763/5527/5527 2782/5528/5528 2781/5526/5526
f 2762/5525/5525 2781/5526/5526 2780/5524/5524
f 2761/5523/5523 2780/5524/5524 2779/5522/5522
f 2760/5521/5521 2779/5522/5522 2778/5520/5520
f 2759/5519/5519 2778/5520/5520 2777/5518/5518
f 2758/5517/5517 2777/5518/5518 2776/5516/5516
f 2757/5515/5515 2776/5516/5516 2775/5514/5514
f 2756/5513/5513 2775/5514/5514 2774/5512/5512
f 2755/5511/5511 2774/5512/5512 2773/5509/5509
f 2773/5545/5545 2774/5546/5546 2791/5547/5547
f 2774/5546/5546 2775/5548/5548 2792/5549/5549
f 2775/5548/5548 2776/5550/5550 2793/5551/5551
f 2776/5550/5550 2777/5552/5552 2794/5553/5553
f 2777/5552/5552 2778/5554/5554 2795/5555/5555
f 2778/5554/5554 2779/5556/5556 2796/5557/5557
f 2779/5556/5556 2780/5558/5558 2797/5559/5559
f 2780/5558/5558 2781/5560/5560 2798/5561/5561
f 2781/5560/5560 2782/5562/5562 2799/5563/5563
f 2782/5562/5562 2784/5564/5564 2800/5565/5565
f 2783/5566/5566 2801/5567/5567 2800/5565/5565
f 2785/5568/5568 2802/5569/5569 2801/5567/5567
f 2786/5570/5570 2803/5571/5571 2802/5569/5569
f 2787/5572/5572 2804/5573/5573 2803/5571/5571
f 2788/5574/5574 2805/5575/5575 2804/5573/5573
f 2789/5576/5576 2806/5577/5577 2805/5575/5575
f 2790/5578/5578 2807/5579/5579 2806/5577/5577
f 2806/5577/5577 2789/5576/5576 2790/5578/5578
f 2805/5575/5575 2788/5574/5574 2789/5576/5576
f 2804/5573/5573 2787/5572/5572 2788/5574/5574
f 2803/5571/5571 2786/5570/5570 2787/5572/5572
f 2802/5569/5569 2785/5568/5568 2786/5570/5570
f 2801/5567/5567 2783/5566/5566 2785/5568/5568
f 2800/5565/5565 2784/5564/5564 2783/5566/5566
f 2800/5565/5565 2799/5563/5563 2782/5562/5562
f 2799/5563/5563 2798/5561/5561 2781/5560/5560
f 2798/5561/5561 2797/5559/5559 2780/5558/5558
f 2797/5559/5559 2796/5557/5557 2779/5556/5556
f 2796/5557/5557 2795/5555/5555 2778/5554/5554
f 2795/5555/5555 2794/5553/5553 2777/5552/5552
f 2794/5553/5553 2793/5551/5551 2776/5550/5550
f 2793/5551/5551 2792/5549/5549 2775/5548/5548
f 2792/5549/5549 2791/5547/5547 2774/5546/5546
f 2791/5547/5547 2808/5580/5580 2773/5545/5545
f 2809/5581/5581 2808/5582/5582 2791/5583/5583
f 2810/5584/5584 2791/5583/5583 2792/5585/5585
f 2811/5586/5586 2792/5585/5585 2793/5587/5587
f 2812/5588/5588 2793/5587/5587 2794/5589/5589
f 2813/5590/5590 2794/5589/5589 2795/5591/5591
f 2814/5592/5592 2795/5591/5591 2796/5593/5593
f 2815/5594/5594 2796/5593/5593 2797/5595/5595
f 2816/5596/5596 2797/5595/5595 2798/5597/5597
f 2817/5598/5598 2798/5597/5597 2799/5599/5599
f 2818/5600/5600 2799/5599/5599 2800/5601/5601
f 2819/5602/5602 2820/5603/5603 2800/5601/5601
f 2821/5604/5604 2819/5602/5602 2801/5605/5605
f 2822/5606/5606 2821/5604/5604 2802/5607/5607
f 2823/5608/5608 2822/5606/5606 2803/5609/5609
f 2824/5610/5610 2823/5608/5608 2804/5611/5611
f 2825/5612/5612 2824/5610/5610 2805/5613/5613
f 2826/5614/5614 2825/5612/5612 2806/5615/5615
f 2806/5615/5615 2807/5616/5616 2826/5614/5614
f 2805/5613/5613 2806/5615/5615 2825/5612/5612
f 2804/5611/5611 2805/5613/5613 2824/5610/5610
f 2803/5609/5609 2804/5611/5611 2823/5608/5608
f 2802/5607/5607 2803/5609/5609 2822/5606/5606
f 2801/5605/5605 2802/5607/5607 2821/5604/5604
f 2800/5601/5601 2801/5605/5605 2819/5602/5602
f 2800/5601/5601 2820/5603/5603 2818/5600/5600
f 2799/5599/5599 2818/5600/5600 2817/5598/5598
f 2798/5597/5597 2817/5598/5598 2816/5596/5596
f 2797/5595/5595 2816/5596/5596 2815/5594/5594
f 2796/5593/5593 2815/5594/5594 2814/5592/5592
f 2795/5591/5591 2814/5592/5592 2813/5590/5590
f 2794/5589/5589 2813/5590/5590 2812/5588/5588
f 2793/5587/5587 2812/5588/5588 2811/5586/5586
f 2792/5585/5585 2811/5586/5586 2810/5584/5584
f 2791/5583/5583 2810/5584/5584 2809/5581/5581
f 2809/5617/5617 2810/5618/5618 2827/5619/5619
f 2810/5618/5618 2811/5620/5620 2828/5621/5621
f 2811/5620/5620 2812/5622/5622 2829/5623/5623
f 2812/5622/5622 2813/5624/5624 2830/5625/5625
f 2813/5624/5624 2814/5626/5626 2831/5627/5627
f 2814/5626/5626 2815/5628/5628 2832/5629/5629
f 2815/5628/5628 2816/5630/5630 2833/5631/5631
f 2816/5630/5630 2817/5632/5632 2834/5633/5633
f 2817/5632/5632 2818/5634/5634 2835/5635/5635
f 2818/5634/5634 2820/5636/5636 2836/5637/5637
f 2819/5638/5638 2837/5639/5639 2836/5637/5637
f 2821/5640/5640 2838/5641/5641 2837/5639/5639
f 2822/5642/5642 2839/5643/5643 2838/5641/5641
f 2823/5644/5644 2840/5645/5645 2839/5643/5643
f 2824/5646/5646 2841/5647/5647 2840/5645/5645
f 2825/5648/5648 2842/5649/5649 2841/5647/5647
f 2826/5650/5650 2843/5651/5651 2842/5649/5649
f 2842/5649/5649 2825/5648/5648 2826/5650/5650
f 2841/5647/5647 2824/5646/5646 2825/5648/5648
f 2840/5645/5645 2823/5644/5644 2824/5646/5646
f 2839/5643/5643 2822/5642/5642 2823/5644/5644
f 2838/5641/5641 2821/5640/5640 2822/5642/5642
f 2837/5639/5639 2819/5638/5638 2821/5640/5640
f 2836/5637/5637 2820/5636/5636 2819/5638/5638
f 2836/5637/5637 2835/5635/5635 2818/5634/5634
f 2835/5635/5635 2834/5633/5633 2817/5632/5632
f 2834/5633/5633 2833/5631/5631 2816/5630/5630
f 2833/5631/5631 2832/5629/5629 2815/5628/5628
f 2832/5629/5629 2831/5627/5627 2814/5626/5626
f 2831/5627/5627 2830/5625/5625 2813/5624/5624
f 2830/5625/5625 2829/5623/5623 2812/5622/5622
f 2829/5623/5623 2828/5621/5621 2811/5620/5620
f 2828/5621/5621 2827/5619/5619 2810/5618/5618
f 2827/5619/5619 2844/5652/5652 2809/5617/5617
f 2845/5653/5653 2844/5654/5654 2827/5655/5655
f 2846/5656/5656 2827/5655/5655 2828/5657/5657
f 2847/5658/5658 2828/5657/5657 2829/5659/5659
f 2848/5660/5660 2829/5659/5659 2830/5661/5661
f 2849/5662/5662 2830/5661/5661 2831/5663/5663
f 2850/5664/5664 2831/5663/5663 2832/5665/5665
f 2851/5666/5666 2832/5665/5665 2833/5667/5667
f 2852/5668/5668 2833/5667/5667 2834/5669/5669
f 2853/5670/5670 2834/5669/5669 2835/5671/5671
f 2854/5672/5672 2835/5671/5671 2836/5673/5673
f 2855/5674/5674 2856/5675/5675 2836/5673/5673
f 2857/5676/5676 2855/5674/5674 2837/5677/5677
f 2858/5678/5678 2857/5676/5676 2838/5679/5679
f 2859/5680/5680 2858/5678/5678 2839/5681/5681
f 2860/5682/5682 2859/5680/5680 2840/5683/5683
f 2861/5684/5684 2860/5682/5682 2841/5685/5685
f 2862/5686/5686 2861/5684/5684 2842/5687/5687
f 2842/5687/5687 2843/5688/5688 2862/5686/5686
f 2841/5685/5685 2842/5687/5687 2861/5684/5684
f 2840/5683/5683 2841/5685/5685 2860/5682/5682
f 2839/5681/5681 2840/5683/5683 2859/5680/5680
f 2838/5679/5679 2839/5681/5681 2858/5678/5678
f 2837/5677/5677 2838/5679/5679 2857/5676/5676
f 2836/5673/5673 2837/5677/5677 2855/5674/5674
f 2836/5673/5673 2856/5675/5675 2854/5672/5672
f 2835/5671/5671 2854/5672/5672 2853/5670/5670
f 2834/5669/5669 2853/5670/5670 2852/5668/5668
f 2833/5667/5667 2852/5668/5668 2851/5666/5666
f 2832/5665/5665 2851/5666/5666 2850/5664/5664
f 2831/5663/5663 2850/5664/5664 2849/5662/5662
f 2830/5661/5661 2849/5662/5662 2848/5660/5660
f 2829/5659/5659 2848/5660/5660 2847/5658/5658
f 2828/5657/5657 2847/5658/5658 2846/5656/5656
f 2827/5655/5655 2846/5656/5656 2845/5653/5653
f 2845/5689/5689 2846/5690/5690 2863/5691/5691
f 2846/5690/5690 2847/5692/5692 2864/5693/5693
f 2847/5692/5692 2848/5694/5694 2865/5695/5695
f 2848/5694/5694 2849/5696/5696 2866/5697/5697
f 2849/5696/5696 2850/5698/5698 2867/5699/5699
f 2850/5698/5698 2851/5700/5700 2868/5701/5701
f 2851/5700/5700 2852/5702/5702 2869/5703/5703
f 2852/5702/5702 2853/5704/5704 2870/5705/5705
f 2853/5704/5704 2854/5706/5706 2871/5707/5707
f 2854/5706/5706 2856/5708/5708 2872/5709/5709
f 2855/5710/5710 2873/5711/5711 2872/5709/5709
f 2857/5712/5712 2874/5713/5713 2873/5711/5711
f 2858/5714/5714 2875/5715/5715 2874/5713/5713
f 2859/5716/5716 2876/5717/5717 2875/5715/5715
f 2860/5718/5718 2877/5719/5719 2876/5717/5717
f 2861/5720/5720 2878/5721/5721 2877/5719/5719
f 2862/5722/5722 2879/5723/5723 2878/5721/5721
f 2878/5721/5721 2861/5720/5720 2862/5722/5722
f 2877/5719/5719 2860/5718/5718 2861/5720/5720
f 2876/5717/5717 2859/5716/5716 2860/5718/5718
f 2875/5715/5715 2858/5714/5714 2859/5716/5716
f 2874/5713/5713 2857/5712/5712 2858/5714/5714
f 2873/5711/5711 2855/5710/5710 2857/5712/5712
f 2872/5709/5709 2856/5708/5708 2855/5710/5710
f 2872/5709/5709 2871/5707/5707 2854/5706/5706
f 2871/5707/5707 2870/5705/5705 2853/5704/5704
f 2870/5705/5705 2869/5703/5703 2852/5702/5702
f 2869/5703/5703 2868/5701/5701 2851/5700/5700
f 2868/5701/5701 2867/5699/5699 2850/5698/5698
f 2867/5699/5699 2866/5697/5697 2849/5696/5696
f 2866/5697/5697 2865/5695/5695 2848/5694/5694
f 2865/5695/5695 2864/5693/5693 2847/5692/5692
f 2864/5693/5693 2863/5691/5691 2846/5690/5690
f 2863/5691/5691 2880/5724/5724 2845/5689/5689
f 2881/5725/5725 2880/5726/5726 2863/5727/5727
f 2882/5728/5728 2863/5727/5727 2864/5729/5729
f 2883/5730/5730 2864/5729/5729 2865/5731/5731
f 2884/5732/5732 2865/5731/5731 2866/5733/5733
f 2885/5734/5734 2866/5733/5733 2867/5735/5735
f 2886/5736/5736 2867/5735/5735 2868/5737/5737
f 2887/5738/5738 2868/5737/5737 2869/5739/5739
f 2888/5740/5740 2869/5739/5739 2870/5741/5741
f 2889/5742/5742 2870/5741/5741 2871/5743/5743
f 2890/5744/5744 2871/5743/5743 2872/5745/5745
f 2891/5746/5746 2892/5747/5747 2872/5745/5745
f 2893/5748/5748 2891/5746/5746 2873/5749/5749
f 2894/5750/5750 2893/5748/5748 2874/5751/5751
f 2895/5752/5752 2894/5750/5750 2875/5753/5753
f 2896/5754/5754 2895/5752/5752 2876/5755/5755
f 2897/5756/5756 2896/5754/5754 2877/5757/5757
f 2898/5758/5758 2897/5756/5756 2878/5759/5759
f 2878/5759/5759 2879/5760/5760 2898/5758/5758
f 2877/5757/5757 2878/5759/5759 2897/5756/5756
f 2876/5755/5755 2877/5757/5757 2896/5754/5754
f 2875/5753/5753 2876/5755/5755 2895/5752/5752
f 2874/5751/5751 2875/5753/5753 2894/5750/5750
f 2873/5749/5749 2874/5751/5751 2893/5748/5748
f 2872/5745/5745 2873/5749/5749 2891/5746/5746
f 2872/5745/5745 2892/5747/5747 2890/5744/5744
f 2871/5743/5743 2890/5744/5744 2889/5742/5742
f 2870/5741/5741 2889/5742/5742 2888/5740/5740
f 2869/5739/5739 2888/5740/5740 2887/5738/5738
f 2868/5737/5737 2887/5738/5738 2886/5736/5736
f 2867/5735/5735 2886/5736/5736 2885/5734/5734
f 2866/5733/5733 2885/5734/5734 2884/5732/5732
f 2865/5731/5731 2884/5732/5732 2883/5730/5730
f 2864/5729/5729 2883/5730/5730 2882/5728/5728
f 2863/5727/5727 2882/5728/5728 2881/5725/5725
f 2881/5761/5761 2882/5762/5762 2899/5763/5763
f 2882/5762/5762 2883/5764/5764 2900/5765/5765
f 2883/5764/5764 2884/5766/5766 2901/5767/5767
f 2884/5766/5766 2885/5768/5768 2902/5769/5769
f 2885/5768/5768 2886/5770/5770 2903/5771/5771
f 2886/5770/5770 2887/5772/5772 2904/5773/5773
f 2887/5772/5772 2888/5774/5774 2905/5775/5775
f 2888/5774/5774 2889/5776/5776 2906/5777/5777
f 2889/5776/5776 2890/5778/5778 2907/5779/5779
f 2890/5778/5778 2892/5780/5780 2908/5781/5781
f 2891/5782/5782 2909/5783/5783 2908/5781/5781
f 2893/5784/5784 2910/5785/5785 2909/5783/5783
f 2894/5786/5786 2911/5787/5787 2910/5785/5785
f 2895/5788/5788 2912/5789/5789 2911/5787/5787
f 2896/5790/5790 2913/5791/5791 2912/5789/5789
f 2897/5792/5792 2914/5793/5793 2913/5791/5791
f 2898/5794/5794 2915/5795/5795 2914/5793/5793
f 2914/5793/5793 2897/5792/5792 2898/5794/5794
f 2913/5791/5791 2896/5790/5790 2897/5792/5792
f 2912/5789/5789 2895/5788/5788 2896/5790/5790
f 2911/5787/5787 2894/5786/5786 2895/5788/5788
f 2910/5785/5785 2893/5784/5784 2894/5786/5786
f 2909/5783/5783 2891/5782/5782 2893/5784/5784
f 2908/5781/5781 2892/5780/5780 2891/5782/5782
f 2908/5781/5781 2907/5779/5779 2890/5778/5778
f 2907/5779/5779 2906/5777/5777 2889/5776/5776
f 2906/5777/5777 2905/5775/5775 2888/5774/5774
f 2905/5775/5775 2904/5773/5773 2887/5772/5772
f 2904/5773/5773 2903/5771/5771 2886/5770/5770
f 2903/5771/5771 2902/5769/5769 2885/5768/5768
f 2902/5769/5769 2901/5767/5767 2884/5766/5766
f 2901/5767/5767 2900/5765/5765 2883/5764/5764
f 2900/5765/5765 2899/5763/5763 2882/5762/5762
f 2899/5763/5763 2916/5796/5796 2881/5761/5761
f 2917/5797/5797 2916/5798/5798 2899/5799/5799
f 2918/5800/5800 2899/5799/5799 2900/5801/5801
f 2919/5802/5802 2900/5801/5801 2901/5803/5803
f 2920/5804/5804 2901/5803/5803 2902/5805/5805
f 2921/5806/5806 2902/5805/5805 2903/5807/5807
f 2922/5808/5808 2903/5807/5807 2904/5809/5809
f 2923/5810/5810 2904/5809/5809 2905/5811/5811
f 2924/5812/5812 2905/5811/5811 2906/5813/5813
f 2925/5814/5814 2906/5813/5813 2907/5815/5815
f 2926/5816/5816 2907/5815/5815 2908/5817/5817
f 2927/5818/5818 2928/5819/5819 2908/5817/5817
f 2929/5820/5820 2927/5818/5818 2909/5821/5821
f 2930/5822/5822 2929/5820/5820 2910/5823/5823
f 2931/5824/5824 2930/5822/5822 2911/5825/5825
f 2932/5826/5826 2931/5824/5824 2912/5827/5827
f 2933/5828/5828 2932/5826/5826 2913/5829/5829
f 2934/5830/5830 2933/5828/5828 2914/5831/5831
f 2914/5831/5831 2915/5832/5832 2934/5830/5830
f 2913/5829/5829 2914/5831/5831 2933/5828/5828
f 2912/5827/5827 2913/5829/5829 2932/5826/5826
f 2911/5825/5825 2912/5827/5827 2931/5824/5824
f 2910/5823/5823 2911/5825/5825 2930/5822/5822
f 2909/5821/5821 2910/5823/5823 2929/5820/5820
f 2908/5817/5817 2909/5821/5821 2927/5818/5818
f 2908/5817/5817 2928/5819/5819 2926/5816/5816
f 2907/5815/5815 2926/5816/5816 2925/5814/5814
f 2906/5813/5813 2925/5814/5814 2924/5812/5812
f 2905/5811/5811 2924/5812/5812 2923/5810/5810
f 2904/5809/5809 2923/5810/5810 2922/5808/5808
f 2903/5807/5807 2922/5808/5808 2921/5806/5806
f 2902/5805/5805 2921/5806/5806 2920/5804/5804
f 2901/5803/5803 2920/5804/5804 2919/5802/5802
f 2900/5801/5801 2919/5802/5802 2918/5800/5800
f 2899/5799/5799 2918/5800/5800 2917/5797/5797
f 2917/5833/5833 2918/5834/5834 2935/5835/5835
f 2918/5834/5834 2919/5836/5836 2936/5837/5837
f 2919/5836/5836 2920/5838/5838 2937/5839/5839
f 2920/5838/5838 2921/5840/5840 2938/5841/5841
f 2921/5840/5840 2922/5842/5842 2939/5843/5843
f 2922/5842/5842 2923/5844/5844 2940/5845/5845
f 2923/5844/5844 2924/5846/5846 2941/5847/5847
f 2924/5846/5846 2925/5848/5848 2942/5849/5849
f 2925/5848/5848 2926/5850/5850 2943/5851/5851
f 2926/5850/5850 2928/5852/5852 2944/5853/5853
f 2927/5854/5854 2945/5855/5855 2944/5853/5853
f 2929/5856/5856 2946/5857/5857 2945/5855/5855
f 2930/5858/5858 2947/5859/5859 2946/5857/5857
f 2931/5860/5860 2948/5861/5861 2947/5859/5859
f 2932/5862/5862 2949/5863/5863 2948/5861/5861
f 2933/5864/5864 2950/5865/5865 2949/5863/5863
f 2934/5866/5866 2951/5867/5867 2950/5865/5865
f 2950/5865/5865 2933/5864/5864 2934/5866/5866
f 2949/5863/5863 2932/5862/5862 2933/5864/5864
f 2948/5861/5861 2931/5860/5860 2932/5862/5862
f 2947/5859/5859 2930/5858/5858 2931/5860/5860
f 2946/5857/5857 2929/5856/5856 2930/5858/5858
f 2945/5855/5855 2927/5854/5854 2929/5856/5856
f 2944/5853/5853 2928/5852/5852 2927/5854/5854
f 2944/5853/5853 2943/5851/5851 2926/5850/5850
f 2943/5851/5851 2942/5849/5849 2925/5848/5848
f 2942/5849/5849 2941/5847/5847 2924/5846/5846
f 2941/5847/5847 2940/5845/5845 2923/5844/5844
f 2940/5845/5845 2939/5843/5843 2922/5842/5842
f 2939/5843/5843 2938/5841/5841 2921/5840/5840
f 2938/5841/5841 2937/5839/5839 2920/5838/5838
f 2937/5839/5839 2936/5837/5837 2919/5836/5836
f 2936/5837/5837 2935/5835/5835 2918/5834/5834
f 2935/5835/5835 2952/5868/5868 2917/5833/5833
f 2953/5869/5869 2952/5870/5870 2935/5871/5871
f 2954/5872/5872 2935/5871/5871 2936/5873/5873
f 2955/5874/5874 2936/5873/5873 2937/5875/5875
f 2956/5876/5876 2937/5875/5875 2938/5877/5877
f 2957/5878/5878 2938/5877/5877 2939/5879/5879
f 2958/5880/5880 2939/5879/5879 2940/5881/5881
f 2959/5882/5882 2940/5881/5881 2941/5883/5883
f 2960/5884/5884 2941/5883/5883 2942/5885/5885
f 2961/5886/5886 2942/5885/5885 2943/5887/5887
f 2962/5888/5888 2943/5887/5887 2944/5889/5889
f 2963/5890/5890 2964/5891/5891 2944/5889/5889
f 2965/5892/5892 2963/5890/5890 2945/5893/5893
f 2966/5894/5894 2965/5892/5892 2946/5895/5895
f 2967/5896/5896 2966/5894/5894 2947/5897/5897
f 2968/5898/5898 2967/5896/5896 2948/5899/5899
f 2969/5900/5900 2968/5898/5898 2949/5901/5901
f 2970/5902/5902 2969/5900/5900 2950/5903/5903
f 2950/5903/5903 2951/5904/5904 2970/5902/5902
f 2949/5901/5901 2950/5903/5903 2969/5900/5900
f 2948/5899/5899 2949/5901/5901 2968/5898/5898
f 2947/5897/5897 2948/5899/5899 2967/5896/5896
f 2946/5895/5895 2947/5897/5897 2966/5894/5894
f 2945/5893/5893 2946/5895/5895 2965/5892/5892
f 2944/5889/5889 2945/5893/5893 2963/5890/5890
f 2944/5889/5889 2964/5891/5891 2962/5888/5888
f 2943/5887/5887 2962/5888/5888 2961/5886/5886
f 2942/5885/5885 2961/5886/5886 2960/5884/5884
f 2941/5883/5883 2960/5884/5884 2959/5882/5882
f 2940/5881/5881 2959/5882/5882 2958/5880/5880
f 2939/5879/5879 2958/5880/5880 2957/5878/5878
f 2938/5877/5877 2957/5878/5878 2956/5876/5876
f 2937/5875/5875 2956/5876/5876 2955/5874/5874
f 2936/5873/5873 2955/5874/5874 2954/5872/5872
f 2935/5871/5871 2954/5872/5872 2953/5869/5869
f 2953/5905/5905 2954/5906/5906 2971/5907/5907
f 2954/5906/5906 2955/5908/5908 2972/5909/5909
f 2955/5908/5908 2956/5910/5910 2973/5911/5911
f 2956/5910/5910 2957/5912/5912 2974/5913/5913
f 2957/5912/5912 2958/5914/5914 2975/5915/5915
f 2958/5914/5914 2959/5916/5916 2976/5917/5917
f 2959/5916/5916 2960/5918/5918 2977/5919/5919
f 2960/5918/5918 2961/5920/5920 2978/5921/5921
f 2961/5920/5920 2962/5922/5922 2979/5923/5923
f 2962/5922/5922 2964/5924/5924 2980/5925/5925
f 2963/5926/5926 2981/5927/5927 2980/5925/5925
f 2965/5928/5928 2982/5929/5929 2981/5927/5927
f 2966/5930/5930 2983/5931/5931 2982/5929/5929
f 2967/5932/5932 2984/5933/5933 2983/5931/5931
f 2968/5934/5934 2985/5935/5935 2984/5933/5933
f 2969/5936/5936 2986/5937/5937 2985/5935/5935
f 2970/5938/5938 2987/5939/5939 2986/5937/5937
f 2986/5937/5937 2969/5936/5936 2970/5938/5938
f 2985/5935/5935 2968/5934/5934 2969/5936/5936
f 2984/5933/5933 2967/5932/5932 2968/5934/5934
f 2983/5931/5931 2966/5930/5930 2967/5932/5932
f 2982/5929/5929 2965/5928/5928 2966/5930/5930
f 2981/5927/5927 2963/5926/5926 2965/5928/5928
f 2980/5925/5925 2964/5924/5924 2963/5926/5926
f 2980/5925/5925 2979/5923/5923 2962/5922/5922
f 2979/5923/5923 2978/5921/5921 2961/5920/5920
f 2978/5921/5921 2977/5919/5919 2960/5918/5918
f 2977/5919/5919 2976/5917/5917 2959/5916/5916
f 2976/5917/5917 2975/5915/5915 2958/5914/5914
f 2975/5915/5915 2974/5913/5913 2957/5912/5912
f 2974/5913/5913 2973/5911/5911 2956/5910/5910
f 2973/5911/5911 2972/5909/5909 2955/5908/5908
f 2972/5909/5909 2971/5907/5907 2954/5906/5906
f 2971/5907/5907 2988/5940/5940 2953/5905/5905
f 2989/5941/5941 2988/5942/5942 2971/5943/5943
f 2990/5944/5944 2971/5943/5943 2972/5945/5945
f 2991/5946/5946 2972/5945/5945 2973/5947/5947
f 2992/5948/5948 2973/5947/5947 2974/5949/5949
f 2993/5950/5950 2974/5949/5949 2975/5951/5951
f 2994/5952/5952 2975/5951/5951 2976/5953/5953
f 2995/5954/5954 2976/5953/5953 2977/5955/5955
f 2996/5956/5956 2977/5955/5955 2978/5957/5957
f 2997/5958/5958 2978/5957/5957 2979/5959/5959
f 2998/5960/5960 2979/5959/5959 2980/5961/5961
f 2999/5962/5962 3000/5963/5963 2980/5961/5961
f 3001/5964/5964 2999/5962/5962 2981/5965/5965
f 3002/5966/5966 3001/5964/5964 2982/5967/5967
f 3003/5968/5968 3002/5966/5966 2983/5969/5969
f 3004/5970/5970 3003/5968/5968 2984/5971/5971
f 3005/5972/5972 3004/5970/5970 2985/5973/5973
f 3006/5974/5974 3005/5972/5972 2986/5975/5975
f 2986/5975/5975 2987/5976/5976 3006/5974/5974
f 2985/5973/5973 2986/5975/5975 3005/5972/5972
f 2984/5971/5971 2985/5973/5973 3004/5970/5970
f 2983/5969/5969 2984/5971/5971 3003/5968/5968
f 2982/5967/5967 2983/5969/5969 3002/5966/5966
f 2981/5965/5965 2982/5967/5967 3001/5964/5964
f 2980/5961/5961 2981/5965/5965 2999/5962/5962
f 2980/5961/5961 3000/5963/5963 2998/5960/5960
f 2979/5959/5959 2998/5960/5960 2997/5958/5958
f 2978/5957/5957 2997/5958/5958 2996/5956/5956
f 2977/5955/5955 2996/5956/5956 2995/5954/5954
f 2976/5953/5953 2995/5954/5954 2994/5952/5952
f 2975/5951/5951 2994/5952/5952 2993/5950/5950
f 2974/5949/5949 2993/5950/5950 2992/5948/5948
f 2973/5947/5947 2992/5948/5948 2991/5946/5946
f 2972/5945/5945 2991/5946/5946 2990/5944/5944
f 2971/5943/5943 2990/5944/5944 2989/5941/5941
f 2989/5977/5977 2990/5978/5978 3007/5979/5979
f 2990/5978/5978 2991/5980/5980 3008/5981/5981
f 2991/5980/5980 2992/5982/5982 3009/5983/5983
f 2992/5982/5982 2993/5984/5984 3010/5985/5985
f 2993/5984/5984 2994/5986/5986 3011/5987/5987
f 2994/5986/5986 2995/5988/5988 3012/5989/5989
f 2995/5988/5988 2996/5990/5990 3013/5991/5991
f 2996/5990/5990 2997/5992/5992 3014/5993/5993
f 2997/5992/5992 2998/5994/5994 3015/5995/5995
f 2998/5994/5994 3000/5996/5996 3016/5997/5997
f 2999/5998/5998 3017/5999/5999 3016/5997/5997
f 3001/6000/6000 3018/6001/6001 3017/5999/5999
f 3002/6002/6002 3019/6003/6003 3018/6001/6001
f 3003/6004/6004 3020/6005/6005 3019/6003/6003
f 3004/6006/6006 3021/6007/6007 3020/6005/6005
f 3005/6008/6008 3022/6009/6009 3021/6007/6007
f 3006/6010/6010 3023/6011/6011 3022/6009/6009
f 3022/6009/6009 3005/6008/6008 3006/6010/6010
f 3021/6007/6007 3004/6006/6006 3005/6008/6008
f 3020/6005/6005 3003/6004/6004 3004/6006/6006
f 3019/6003/6003 3002/6002/6002 3003/6004/6004
f 3018/6001/6001 3001/6000/6000 3002/6002/6002
f 3017/5999/5999 2999/5998/5998 3001/6000/6000
f 3016/5997/5997 3000/5996/5996 2999/5998/5998
f 3016/5997/5997 3015/5995/5995 2998/5994/5994
f 3015/5995/5995 3014/5993/5993 2997/5992/5992
f 3014/5993/5993 3013/5991/5991 2996/5990/5990
f 3013/5991/5991 3012/5989/5989 2995/5988/5988
f 3012/5989/5989 3011/5987/5987 2994/5986/5986
f 3011/5987/5987 3010/5985/5985 2993/5984/5984
f 3010/5985/5985 3009/5983/5983 2992/5982/5982
f 3009/5983/5983 3008/5981/5981 2991/5980/5980
f 3008/5981/5981 3007/5979/5979 2990/5978/5978
f 3007/5979/5979 3024/6012/6012 2989/5977/5977
f 3025/6013/6013 3024/6014/6014 3007/6015/6015
f 3026/6016/6016 3007/6015/6015 3008/6017/6017
f 3027/6018/6018 3008/6017/6017 3009/6019/6019
f 3028/6020/6020 3009/6019/6019 3010/6021/6021
f 3029/6022/6022 3010/6021/6021 3011/6023/6023
f 3030/6024/6024 3011/6023/6023 3012/6025/6025
f 3031/6026/6026 3012/6025/6025 3013/6027/6027
f 3032/6028/6028 3013/6027/6027 3014/6029/6029
f 3033/6030/6030 3014/6029/6029 3015/6031/6031
f 3034/6032/6032 3015/6031/6031 3016/6033/6033
f 3035/6034/6034 3036/6035/6035 3016/6033/6033
f 3037/6036/6036 3035/6034/6034 3017/6037/6037
f 3038/6038/6038 3037/6036/6036 3018/6039/6039
f 3039/6040/6040 3038/6038/6038 3019/6041/6041
f 3040/6042/6042 3039/6040/6040 3020/6043/6043
f 3041/6044/6044 3040/6042/6042 3021/6045/6045
f 3042/6046/6046 3041/6044/6044 3022/6047/6047
f 3022/6047/6047 3023/6048/6048 3042/6046/6046
f 3021/6045/6045 3022/6047/6047 3041/6044/6044
f 3020/6043/6043 3021/6045/6045 3040/6042/6042
f 3019/6041/6041 3020/6043/6043 3039/6040/6040
f 3018/6039/6039 3019/6041/6041 3038/6038/6038
f 3017/6037/6037 3018/6039/6039 3037/6036/6036
f 3016/6033/6033 3017/6037/6037 3035/6034/6034
f 3016/6033/6033 3036/6035/6035 3034/6032/6032
f 3015/6031/6031 3034/6032/6032 3033/6030/6030
f 3014/6029/6029 3033/6030/6030 3032/6028/6028
f 3013/6027/6027 3032/6028/6028 3031/6026/6026
f 3012/6025/6025 3031/6026/6026 3030/6024/6024
f 3011/6023/6023 3030/6024/6024 3029/6022/6022
f 3010/6021/6021 3029/6022/6022 3028/6020/6020
f 3009/6019/6019 3028/6020/6020 3027/6018/6018
f 3008/6017/6017 3027/6018/6018 3026/6016/6016
f 3007/6015/6015 3026/6016/6016 3025/6013/6013
f 3025/6049/6049 3026/6050/6050 3043/6051/6051
f 3026/6050/6050 3027/6052/6052 3044/6053/6053
f 3027/6052/6052 3028/6054/6054 3045/6055/6055
f 3028/6054/6054 3029/6056/6056 3046/6057/6057
f 3029/6056/6056 3030/6058/6058 3047/6059/6059
f 3030/6058/6058 3031/6060/6060 3048/6061/6061
f 3031/6060/6060 3032/6062/6062 3049/6063/6063
f 3032/6062/6062 3033/6064/6064 3050/6065/6065
f 3033/6064/6064 3034/6066/6066 3051/6067/6067
f 3034/6066/6066 3036/6068/6068 3052/6069/6069
f 3035/6070/6070 3053/6071/6071 3052/6069/6069
f 3037/6072/6072 3054/6073/6073 3053/6071/6071
f 3038/6074/6074 3055/6075/6075 3054/6073/6073
f 3039/6076/6076 3056/6077/6077 3055/6075/6075
f 3040/6078/6078 3057/6079/6079 3056/6077/6077
f 3041/6080/6080 3058/6081/6081 3057/6079/6079
f 3042/6082/6082 3059/6083/6083 3058/6081/6081
f 3058/6081/6081 3041/6080/6080 3042/6082/6082
f 3057/6079/6079 3040/6078/6078 3041/6080/6080
f 3056/6077/6077 3039/6076/6076 3040/6078/6078
f 3055/6075/6075 3038/6074/6074 3039/6076/6076
f 3054/6073/6073 3037/6072/6072 3038/6074/6074
f 3053/6071/6071 3035/6070/6070 3037/6072/6072
f 3052/6069/6069 3036/6068/6068 3035/6070/6070
f 3052/6069/6069 3051/6067/6067 3034/6066/6066
f 3051/6067/6067 3050/6065/6065 3033/6064/6064
f 3050/6065/6065 3049/6063/6063 3032/6062/6062
f 3049/6063/6063 3048/6061/6061 3031/6060/6060
f 3048/6061/6061 3047/6059/6059 3030/6058/6058
f 3047/6059/6059 3046/6057/6057 3029/6056/6056
f 3046/6057/6057 3045/6055/6055 3028/6054/6054
f 3045/6055/6055 3044/6053/6053 3027/6052/6052
f 3044/6053/6053 3043/6051/6051 3026/6050/6050
f 3043/6051/6051 3060/6084/6084 3025/6049/6049
f 3061/6085/6085 3060/6086/6086 3043/6087/6087
f 3062/6088/6088 3043/6087/6087 3044/6089/6089
f 3063/6090/6090 3044/6089/6089 3045/6091/6091
f 3064/6092/6092 3045/6091/6091 3046/6093/6093
f 3065/6094/6094 3046/6093/6093 3047/6095/6095
f 3066/6096/6096 3047/6095/6095 3048/6097/6097
f 3067/6098/6098 3048/6097/6097 3049/6099/6099
f 3068/6100/6100 3049/6099/6099 3050/6101/6101
f 3069/6102/6102 3050/6101/6101 3051/6103/6103
f 3070/6104/6104 3051/6103/6103 3052/6105/6105
f 3071/6106/6106 3072/6107/6107 3052/6105/6105
f 3073/6108/6108 3071/6106/6106 3053/6109/6109
f 3074/6110/6110 3073/6108/6108 3054/6111/6111
f 3075/6112/6112 3074/6110/6110 3055/6113/6113
f 3076/6114/6114 3075/6112/6112 3056/6115/6115
f 3077/6116/6116 3076/6114/6114 3057/6117/6117
f 3078/6118/6118 3077/6116/6116 3058/6119/6119
f 3058/6119/6119 3059/6120/6120 3078/6118/6118
f 3057/6117/6117 3058/6119/6119 3077/6116/6116
f 3056/6115/6115 3057/6117/6117 3076/6114/6114
f 3055/6113/6113 3056/6115/6115 3075/6112/6112
f 3054/6111/6111 3055/6113/6113 3074/6110/6110
f 3053/6109/6109 3054/6111/6111 3073/6108/6108
f 3052/6105/6105 3053/6109/6109 3071/6106/6106
f 3052/6105/6105 3072/6107/6107 3070/6104/6104
f 3051/6103/6103 3070/6104/6104 3069/6102/6102
f 3050/6101/6101 3069/6102/6102 3068/6100/6100
f 3049/6099/6099 3068/6100/6100 3067/6098/6098
f 3048/6097/6097 3067/6098/6098 3066/6096/6096
f 3047/6095/6095 3066/6096/6096 3065/6094/6094
f 3046/6093/6093 3065/6094/6094 3064/6092/6092
f 3045/6091/6091 3064/6092/6092 3063/6090/6090
f 3044/6089/6089 3063/6090/6090 3062/6088/6088
f 3043/6087/6087 3062/6088/6088 3061/6085/6085
f 3061/6121/6121 3062/6122/6122 3079/6123/6123
f 3062/6122/6122 3063/6124/6124 3080/6125/6125
f 3063/6124/6124 3064/6126/6126 3081/6127/6127
f 3064/6126/6126 3065/6128/6128 3082/6129/6129
f 3065/6128/6128 3066/6130/6130 3083/6131/6131
f 3066/6130/6130 3067/6132/6132 3084/6133/6133
f 3067/6132/6132 3068/6134/6134 3085/6135/6135
f 3068/6134/6134 3069/6136/6136 3086/6137/6137
f 3069/6136/6136 3070/6138/6138 3087/6139/6139
f 3070/6138/6138 3072/6140/6140 3088/6141/6141
f 3071/6142/6142 3089/6143/6143 3088/6141/6141
f 3073/6144/6144 3090/6145/6145 3089/6143/6143
f 3074/6146/6146 3091/6147/6147 3090/6145/6145
f 3075/6148/6148 3092/6149/6149 3091/6147/6147
f 3076/6150/6150 3093/6151/6151 3092/6149/6149
f 3077/6152/6152 3094/6153/6153 3093/6151/6151
f 3078/6154/6154 3095/6155/6155 3094/6153/6153
f 3094/6153/6153 3077/6152/6152 3078/6154/6154
f 3093/6151/6151 3076/6150/6150 3077/6152/6152
f 3092/6149/6149 3075/6148/6148 3076/6150/6150
f 3091/6147/6147 3074/6146/6146 3075/6148/6148
f 3090/6145/6145 3073/6144/6144 3074/6146/6146
f 3089/6143/6143 3071/6142/6142 3073/6144/6144
f 3088/6141/6141 3072/6140/6140 3071/6142/6142
f 3088/6141/6141 3087/6139/6139 3070/6138/6138
f 3087/6139/6139 3086/6137/6137 3069/6136/6136
f 3086/6137/6137 3085/6135/6135 3068/6134/6134
f 3085/6135/6135 3084/6133/6133 3067/6132/6132
f 3084/6133/6133 3083/6131/6131 3066/6130/6130
f 3083/6131/6131 3082/6129/6129 3065/6128/6128
f 3082/6129/6129 3081/6127/6127 3064/6126/6126
f 3081/6127/6127 3080/6125/6125 3063/6124/6124
f 3080/6125/6125 3079/6123/6123 3062/6122/6122
f 3079/6123/6123 3096/6156/6156 3061/6121/6121
f 3097/6157/6157 3096/6158/6158 3079/6159/6159
f 3098/6160/6160 3079/6159/6159 3080/6161/6161
f 3099/6162/6162 3080/6161/6161 3081/6163/6163
f 3100/6164/6164 3081/6163/6163 3082/6165/6165
f 3101/6166/6166 3082/6165/6165 3083/6167/6167
f 3102/6168/6168 3083/6167/6167 3084/6169/6169
f 3103/6170/6170 3084/6169/6169 3085/6171/6171
f 3104/6172/6172 3085/6171/6171 3086/6173/6173
f 3105/6174/6174 3086/6173/6173 3087/6175/6175
f 3106/6176/6176 3087/6175/6175 3088/6177/6177
f 3107/6178/6178 3108/6179/6179 3088/6177/6177
f 3109/6180/6180 3107/6178/6178 3089/6181/6181
f 3110/6182/6182 3109/6180/6180 3090/6183/6183
f 3111/6184/6184 3110/6182/6182 3091/6185/6185
f 3112/6186/6186 3111/6184/6184 3092/6187/6187
f 3113/6188/6188 3112/6186/6186 3093/6189/6189
f 3114/6190/6190 3113/6188/6188 3094/6191/6191
f 3094/6191/6191 3095/6192/6192 3114/6190/6190
f 3093/6189/6189 3094/6191/6191 3113/6188/6188
f 3092/6187/6187 3093/6189/6189 3112/6186/6186
f 3091/6185/6185 3092/6187/6187 3111/6184/6184
f 3090/6183/6183 3091/6185/6185 3110/6182/6182
f 3089/6181/6181 3090/6183/6183 3109/6180/6180
f 3088/6177/6177 3089/6181/6181 3107/6178/6178
f 3088/6177/6177 3108/6179/6179 3106/6176/6176
f 3087/6175/6175 3106/6176/6176 3105/6174/6174
f 3086/6173/6173 3105/6174/6174 3104/6172/6172
f 3085/6171/6171 3104/6172/6172 3103/6170/6170
f 3084/6169/6169 3103/6170/6170 3102/6168/6168
f 3083/6167/6167 3102/6168/6168 3101/6166/6166
f 3082/6165/6165 3101/6166/6166 3100/6164/6164
f 3081/6163/6163 3100/6164/6164 3099/6162/6162
f 3080/6161/6161 3099/6162/6162 3098/6160/6160
f 3079/6159/6159 3098/6160/6160 3097/6157/6157
f 3097/6193/6193 3098/6194/6194 3115/6195/6195
f 3098/6194/6194 3099/6196/6196 3116/6197/6197
f 3099/6196/6196 3100/6198/6198 3117/6199/6199
f 3100/6198/6198 3101/6200/6200 3118/6201/6201
f 3101/6200/6200 3102/6202/6202 3119/6203/6203
f 3102/6202/6202 3103/6204/6204 3120/6205/6205
f 3103/6204/6204 3104/6206/6206 3121/6207/6207
f 3104/6206/6206 3105/6208/6208 3122/6209/6209
f 3105/6208/6208 3106/6210/6210 3123/6211/6211
f 3106/6210/6210 3108/6212/6212 3124/6213/6213
f 3107/6214/6214 3125/6215/6215 3124/6213/6213
f 3109/6216/6216 3126/6217/6217 3125/6215/6215
f 3110/6218/6218 3127/6219/6219 3126/6217/6217
f 3111/6220/6220 3128/6221/6221 3127/6219/6219
f 3112/6222/6222 3129/6223/6223 3128/6221/6221
f 3113/6224/6224 3130/6225/6225 3129/6223/6223
f 3114/6226/6226 3131/6227/6227 3130/6225/6225
f 3130/6225/6225 3113/6224/6224 3114/6226/6226
f 3129/6223/6223 3112/6222/6222 3113/6224/6224
f 3128/6221/6221 3111/6220/6220 3112/6222/6222
f 3127/6219/6219 3110/6218/6218 3111/6220/6220
f 3126/6217/6217 3109/6216/6216 3110/6218/6218
f 3125/6215/6215 3107/6214/6214 3109/6216/6216
f 3124/6213/6213 3108/6212/6212 3107/6214/6214
f 3124/6213/6213 3123/6211/6211 3106/6210/6210
f 3123/6211/6211 3122/6209/6209 3105/6208/6208
f 3122/6209/6209 3121/6207/6207 3104/6206/6206
f 3121/6207/6207 3120/6205/6205 3103/6204/6204
f 3120/6205/6205 3119/6203/6203 3102/6202/6202
f 3119/6203/6203 3118/6201/6201 3101/6200/6200
f 3118/6201/6201 3117/6199/6199 3100/6198/6198
f 3117/6199/6199 3116/6197/6197 3099/6196/6196
f 3116/6197/6197 3115/6195/6195 3098/6194/6194
f 3115/6195/6195 3132/6228/6228 3097/6193/6193
f 3133/6229/6229 3132/6230/6230 3115/6231/6231
f 3134/6232/6232 3115/6231/6231 3116/6233/6233
f 3135/6234/6234 3116/6233/6233 3117/6235/6235
f 3136/6236/6236 3117/6235/6235 3118/6237/6237
f 3137/6238/6238 3118/6237/6237 3119/6239/6239
f 3138/6240/6240 3119/6239/6239 3120/6241/6241
f 3139/6242/6242 3120/6241/6241 3121/6243/6243
f 3140/6244/6244 3121/6243/6243 3122/6245/6245
f 3141/6246/6246 3122/6245/6245 3123/6247/6247
f 3142/6248/6248 3123/6247/6247 3124/6249/6249
f 3143/6250/6250 3144/6251/6251 3124/6249/6249
f 3145/6252/6252 3143/6250/6250 3125/6253/6253
f 3146/6254/6254 3145/6252/6252 3126/6255/6255
f 3147/6256/6256 3146/6254/6254 3127/6257/6257
f 3148/6258/6258 3147/6256/6256 3128/6259/6259
f 3149/6260/6260 3148/6258/6258 3129/6261/6261
f 3150/6262/6262 3149/6260/6260 3130/6263/6263
f 3130/6263/6263 3131/6264/6264 3150/6262/6262
f 3129/6261/6261 3130/6263/6263 3149/6260/6260
f 3128/6259/6259 3129/6261/6261 3148/6258/6258
f 3127/6257/6257 3128/6259/6259 3147/6256/6256
f 3126/6255/6255 3127/6257/6257 3146/6254/6254
f 3125/6253/6253 3126/6255/6255 3145/6252/6252
f 3124/6249/6249 3125/6253/6253 3143/6250/6250
f 3124/6249/6249 3144/6251/6251 3142/6248/6248
f 3123/6247/6247 3142/6248/6248 3141/6246/6246
f 3122/6245/6245 3141/6246/6246 3140/6244/6244
f 3121/6243/6243 3140/6244/6244 3139/6242/6242
f 3120/6241/6241 3139/6242/6242 3138/6240/6240
f 3119/6239/6239 3138/6240/6240 3137/6238/6238
f 3118/6237/6237 3137/6238/6238 3136/6236/6236
f 3117/6235/6235 3136/6236/6236 3135/6234/6234
f 3116/6233/6233 3135/6234/6234 3134/6232/6232
f 3115/6231/6231 3134/6232/6232 3133/6229/6229
f 3133/6265/6265 3134/6266/6266 3151/6267/6267
f 3134/6266/6266 3135/6268/6268 3152/6269/6269
f 3135/6268/6268 3136/6270/6270 3153/6271/6271
f 3136/6270/6270 3137/6272/6272 3154/6273/6273
f 3137/6272/6272 3138/6274/6274 3155/6275/6275
f 3138/6274/6274 3139/6276/6276 3156/6277/6277
f 3139/6276/6276 3140/6278/6278 3157/6279/6279
f 3140/6278/6278 3141/6280/6280 3158/6281/6281
f 3141/6280/6280 3142/6282/6282 3159/6283/6283
f 3142/6282/6282 3144/6284/6284 3160/6285/6285
f 3143/6286/6286 3161/6287/6287 3160/6285/6285
f 3145/6288/6288 3162/6289/6289 3161/6287/6287
f 3146/6290/6290 3163/6291/6291 3162/6289/6289
f 3147/6292/6292 3164/6293/6293 3163/6291/6291
f 3148/6294/6294 3165/6295/6295 3164/6293/6293
f 3149/6296/6296 3166/6297/6297 3165/6295/6295
f 3150/6298/6298 3167/6299/6299 3166/6297/6297
f 3166/6297/6297 3149/6296/6296 3150/6298/6298
f 3165/6295/6295 3148/6294/6294 3149/6296/6296
f 3164/6293/6293 3147/6292/6292 3148/6294/6294
f 3163/6291/6291 3146/6290/6290 3147/6292/6292
f 3162/6289/6289 3145/6288/6288 3146/6290/6290
f 3161/6287/6287 3143/6286/6286 3145/6288/6288
f 3160/6285/6285 3144/6284/6284 3143/6286/6286
f 3160/6285/6285 3159/6283/6283 3142/6282/6282
f 3159/6283/6283 3158/6281/6281 3141/6280/6280
f 3158/6281/6281 3157/6279/6279 3140/6278/6278
f 3157/6279/6279 3156/6277/6277 3139/6276/6276
f 3156/6277/6277 3155/6275/6275 3138/6274/6274
f 3155/6275/6275 3154/6273/6273 3137/6272/6272
f 3154/6273/6273 3153/6271/6271 3136/6270/6270
f 3153/6271/6271 3152/6269/6269 3135/6268/6268
f 3152/6269/6269 3151/6267/6267 3134/6266/6266
f 3151/6267/6267 3168/6300/6300 3133/6265/6265
f 3169/6301/6301 3168/6302/6302 3151/6303/6303
f 3170/6304/6304 3151/6303/6303 3152/6305/6305
f 3171/6306/6306 3152/6305/6305 3153/6307/6307
f 3172/6308/6308 3153/6307/6307 3154/6309/6309
f 3173/6310/6310 3154/6309/6309 3155/6311/6311
f 3174/6312/6312 3155/6311/6311 3156/6313/6313
f 3175/6314/6314 3156/6313/6313 3157/6315/6315
f 3176/6316/6316 3157/6315/6315 3158/6317/6317
f 3177/6318/6318 3158/6317/6317 3159/6319/6319
f 3178/6320/6320 3159/6319/6319 3160/6321/6321
f 3179/6322/6322 3180/6323/6323 3160/6321/6321
f 3181/6324/6324 3179/6322/6322 3161/6325/6325
f 3182/6326/6326 3181/6324/6324 3162/6327/6327
f 3183/6328/6328 3182/6326/6326 3163/6329/6329
f 3184/6330/6330 3183/6328/6328 3164/6331/6331
f 3185/6332/6332 3184/6330/6330 3165/6333/6333
f 3186/6334/6334 3185/6332/6332 3166/6335/6335
f 3166/6335/6335 3167/6336/6336 3186/6334/6334
f 3165/6333/6333 3166/6335/6335 3185/6332/6332
f 3164/6331/6331 3165/6333/6333 3184/6330/6330
f 3163/6329/6329 3164/6331/6331 3183/6328/6328
f 3162/6327/6327 3163/6329/6329 3182/6326/6326
f 3161/6325/6325 3162/6327/6327 3181/6324/6324
f 3160/6321/6321 3161/6325/6325 3179/6322/6322
f 3160/6321/6321 3180/6323/6323 3178/6320/6320
f 3159/6319/6319 3178/6320/6320 3177/6318/6318
f 3158/6317/6317 3177/6318/6318 3176/6316/6316
f 3157/6315/6315 3176/6316/6316 3175/6314/6314
f 3156/6313/6313 3175/6314/6314 3174/6312/6312
f 3155/6311/6311 3174/6312/6312 3173/6310/6310
f 3154/6309/6309 3173/6310/6310 3172/6308/6308
f 3153/6307/6307 3172/6308/6308 3171/6306/6306
f 3152/6305/6305 3171/6306/6306 3170/6304/6304
f 3151/6303/6303 3170/6304/6304 3169/6301/6301
f 3169/6337/6337 3170/6338/6338 3187/6339/6339
f 3170/6338/6338 3171/6340/6340 3188/6341/6341
f 3171/6340/6340 3172/6342/6342 3189/6343/6343
f 3172/6342/6342 3173/6344/6344 3190/6345/6345
f 3173/6344/6344 3174/6346/6346 3191/6347/6347
f 3174/6346/6346 3175/6348/6348 3192/6349/6349
f 3175/6348/6348 3176/6350/6350 3193/6351/6351
f 3176/6350/6350 3177/6352/6352 3194/6353/6353
f 3177/6352/6352 3178/6354/6354 3195/6355/6355
f 3178/6354/6354 3180/6356/6356 3196/6357/6357
f 3179/6358/6358 3197/6359/6359 3196/6357/6357
f 3181/6360/6360 3198/6361/6361 3197/6359/6359
f 3182/6362/6362 3199/6363/6363 3198/6361/6361
f 3183/6364/6364 3200/6365/6365 3199/6363/6363
f 3184/6366/6366 3201/6367/6367 3200/6365/6365
f 3185/6368/6368 3202/6369/6369 3201/6367/6367
f 3186/6370/6370 3203/6371/6371 3202/6369/6369
f 3202/6369/6369 3185/6368/6368 3186/6370/6370
f 3201/6367/6367 3184/6366/6366 3185/6368/6368
f 3200/6365/6365 3183/6364/6364 3184/6366/6366
f 3199/6363/6363 3182/6362/6362 3183/6364/6364
f 3198/6361/6361 3181/6360/6360 3182/6362/6362
f 3197/6359/6359 3179/6358/6358 3181/6360/6360
f 3196/6357/6357 3180/6356/6356 3179/6358/6358
f 3196/6357/6357 3195/6355/6355 3178/6354/6354
f 3195/6355/6355 3194/6353/6353 3177/6352/6352
f 3194/6353/6353 3193/6351/6351 3176/6350/6350
f 3193/6351/6351 3192/6349/6349 3175/6348/6348
f 3192/6349/6349 3191/6347/6347 3174/6346/6346
f 3191/6347/6347 3190/6345/6345 3173/6344/6344
f 3190/6345/6345 3189/6343/6343 3172/6342/6342
f 3189/6343/6343 3188/6341/6341 3171/6340/6340
f 3188/6341/6341 3187/6339/6339 3170/6338/6338
f 3187/6339/6339 3204/6372/6372 3169/6337/6337
f 3205/6373/6373 3204/6374/6374 3187/6375/6375
f 3206/6376/6376 3187/6375/6375 3188/6377/6377
f 3207/6378/6378 3188/6377/6377 3189/6379/6379
f 3208/6380/6380 3189/6379/6379 3190/6381/6381
f 3209/6382/6382 3190/6381/6381 3191/6383/6383
f 3210/6384/6384 3191/6383/6383 3192/6385/6385
f 3211/6386/6386 3192/6385/6385 3193/6387/6387
f 3212/6388/6388 3193/6387/6387 3194/6389/6389
f 3213/6390/6390 3194/6389/6389 3195/6391/6391
f 3214/6392/6392 3195/6391/6391 3196/6393/6393
f 3215/6394/6394 3216/6395/6395 3196/6393/6393
f 3217/6396/6396 3215/6394/6394 3197/6397/6397
f 3218/6398/6398 3217/6396/6396 3198/6399/6399
f 3219/6400/6400 3218/6398/6398 3199/6401/6401
f 3220/6402/6402 3219/6400/6400 3200/6403/6403
f 3221/6404/6404 3220/6402/6402 3201/6405/6405
f 3222/6406/6406 3221/6404/6404 3202/6407/6407
f 3202/6407/6407 3203/6408/6408 3222/6406/6406
f 3201/6405/6405 3202/6407/6407 3221/6404/6404
f 3200/6403/6403 3201/6405/6405 3220/6402/6402
f 3199/6401/6401 3200/6403/6403 3219/6400/6400
f 3198/6399/6399 3199/6401/6401 3218/6398/6398
f 3197/6397/6397 3198/6399/6399 3217/6396/6396
f 3196/6393/6393 3197/6397/6397 3215/6394/6394
f 3196/6393/6393 3216/6395/6395 3214/6392/6392
f 3195/6391/6391 3214/6392/6392 3213/6390/6390
f 3194/6389/6389 3213/6390/6390 3212/6388/6388
f 3193/6387/6387 3212/6388/6388 3211/6386/6386
f 3192/6385/6385 3211/6386/6386 3210/6384/6384
f 3191/6383/6383 3210/6384/6384 3209/6382/6382
f 3190/6381/6381 3209/6382/6382 3208/6380/6380
f 3189/6379/6379 3208/6380/6380 3207/6378/6378
f 3188/6377/6377 3207/6378/6378 3206/6376/6376
f 3187/6375/6375 3206/6376/6376 3205/6373/6373
f 3205/6409/6409 3206/6410/6410 3223/6411/6411
f 3206/6410/6410 3207/6412/6412 3224/6413/6413
f 3207/6412/6412 3208/6414/6414 3225/6415/6415
f 3208/6414/6414 3209/6416/6416 3226/6417/6417
f 3209/6416/6416 3210/6418/6418 3227/6419/6419
f 3210/6418/6418 3211/6420/6420 3228/6421/6421
f 3211/6420/6420 3212/6422/6422 3229/6423/6423
f 3212/6422/6422 3213/6424/6424 3230/6425/6425
f 3213/6424/6424 3214/6426/6426 3231/6427/6427
f 3214/6426/6426 3216/6428/6428 3232/6429/6429
f 3215/6430/6430 3233/6431/6431 3232/6429/6429
f 3217/6432/6432 3234/6433/6433 3233/6431/6431
f 3218/6434/6434 3235/6435/6435 3234/6433/6433
f 3219/6436/6436 3236/6437/6437 3235/6435/6435
f 3220/6438/6438 3237/6439/6439 3236/6437/6437
f 3221/6440/6440 3238/6441/6441 3237/6439/6439
f 3222/6442/6442 3239/6443/6443 3238/6441/6441
f 3238/6441/6441 3221/6440/6440 3222/6442/6442
f 3237/6439/6439 3220/6438/6438 3221/6440/6440
f 3236/6437/6437 3219/6436/6436 3220/6438/6438
f 3235/6435/6435 3218/6434/6434 3219/6436/6436
f 3234/6433/6433 3217/6432/6432 3218/6434/6434
f 3233/6431/6431 3215/6430/6430 3217/6432/6432
f 3232/6429/6429 3216/6428/6428 3215/6430/6430
f 3232/6429/6429 3231/6427/6427 3214/6426/6426
f 3231/6427/6427 3230/6425/6425 3213/6424/6424
f 3230/6425/6425 3229/6423/6423 3212/6422/6422
f 3229/6423/6423 3228/6421/6421 3211/6420/6420
f 3228/6421/6421 3227/6419/6419 3210/6418/6418
f 3227/6419/6419 3226/6417/6417 3209/6416/6416
f 3226/6417/6417 3225/6415/6415 3208/6414/6414
f 3225/6415/6415 3224/6413/6413 3207/6412/6412
f 3224/6413/6413 3223/6411/6411 3206/6410/6410
f 3223/6411/6411 3240/6444/6444 3205/6409/6409
f 3241/6445/6445 3240/6446/6446 3223/6447/6447
f 3242/6448/6448 3223/6447/6447 3224/6449/6449
f 3243/6450/6450 3224/6449/6449 3225/6451/6451
f 3244/6452/6452 3225/6451/6451 3226/6453/6453
f 3245/6454/6454 3226/6453/6453 3227/6455/6455
f 3246/6456/6456 3227/6455/6455 3228/6457/6457
f 3247/6458/6458 3228/6457/6457 3229/6459/6459
f 3248/6460/6460 3229/6459/6459 3230/6461/6461
f 3249/6462/6462 3230/6461/6461 3231/6463/6463
f 3250/6464/6464 3231/6463/6463 3232/6465/6465
f 3251/6466/6466 3252/6467/6467 3232/6465/6465
f 3253/6468/6468 3251/6466/6466 3233/6469/6469
f 3254/6470/6470 3253/6468/6468 3234/6471/6471
f 3255/6472/6472 3254/6470/6470 3235/6473/6473
f 3256/6474/6474 3255/6472/6472 3236/6475/6475
f 3257/6476/6476 3256/6474/6474 3237/6477/6477
f 3258/6478/6478 3257/6476/6476 3238/6479/6479
f 3238/6479/6479 3239/6480/6480 3258/6478/6478
f 3237/6477/6477 3238/6479/6479 3257/6476/6476
f 3236/6475/6475 3237/6477/6477 3256/6474/6474
f 3235/6473/6473 3236/6475/6475 3255/6472/6472
f 3234/6471/6471 3235/6473/6473 3254/6470/6470
f 3233/6469/6469 3234/6471/6471 3253/6468/6468
f 3232/6465/6465 3233/6469/6469 3251/6466/6466
f 3232/6465/6465 3252/6467/6467 3250/6464/6464
f 3231/6463/6463 3250/6464/6464 3249/6462/6462
f 3230/6461/6461 3249/6462/6462 3248/6460/6460
f 3229/6459/6459 3248/6460/6460 3247/6458/6458
f 3228/6457/6457 3247/6458/6458 3246/6456/6456
f 3227/6455/6455 3246/6456/6456 3245/6454/6454
f 3226/6453/6453 3245/6454/6454 3244/6452/6452
f 3225/6451/6451 3244/6452/6452 3243/6450/6450
f 3224/6449/6449 3243/6450/6450 3242/6448/6448
f 3223/6447/6447 3242/6448/6448 3241/6445/6445
f 3241/6481/6481 3242/6482/6482 3259/6483/6483
f 3242/6482/6482 3243/6484/6484 3260/6485/6485
f 3243/6484/6484 3244/6486/6486 3261/6487/6487
f 3244/6486/6486 3245/6488/6488 3262/6489/6489
f 3245/6488/6488 3246/6490/6490 3263/6491/6491
f 3246/6490/6490 3247/6492/6492 3264/6493/6493
f 3247/6492/6492 3248/6494/6494 3265/6495/6495
f 3248/6494/6494 3249/6496/6496 3266/6497/6497
f 3249/6496/6496 3250/6498/6498 3267/6499/6499
f 3250/6498/6498 3252/6500/6500 3268/6501/6501
f 3251/6502/6502 3269/6503/6503 3268/6501/6501
f 3253/6504/6504 3270/6505/6505 3269/6503/6503
f 3254/6506/6506 3271/6507/6507 3270/6505/6505
f 3255/6508/6508 3272/6509/6509 3271/6507/6507
f 3256/6510/6510 3273/6511/6511 3272/6509/6509
f 3257/6512/6512 3274/6513/6513 3273/6511/6511
f 3258/6514/6514 3275/6515/6515 3274/6513/6513
f 3274/6513/6513 3257/6512/6512 3258/6514/6514
f 3273/6511/6511 3256/6510/6510 3257/6512/6512
f 3272/6509/6509 3255/6508/6508 3256/6510/6510
f 3271/6507/6507 3254/6506/6506 3255/6508/6508
f 3270/6505/6505 3253/6504/6504 3254/6506/6506
f 3269/6503/6503 3251/6502/6502 3253/6504/6504
f 3268/6501/6501 3252/6500/6500 3251/6502/6502
f 3268/6501/6501 3267/6499/6499 3250/6498/6498
f 3267/6499/6499 3266/6497/6497 3249/6496/6496
f 3266/6497/6497 3265/6495/6495 3248/6494/6494
f 3265/6495/6495 3264/6493/6493 3247/6492/6492
f 3264/6493/6493 3263/6491/6491 3246/6490/6490
f 3263/6491/6491 3262/6489/6489 3245/6488/6488
f 3262/6489/6489 3261/6487/6487 3244/6486/6486
f 3261/6487/6487 3260/6485/6485 3243/6484/6484
f 3260/6485/6485 3259/6483/6483 3242/6482/6482
f 3259/6483/6483 3276/6516/6516 3241/6481/6481
f 3277/6517/6517 3276/6518/6518 3259/6519/6519
f 3278/6520/6520 3259/6519/6519 3260/6521/6521
f 3279/6522/6522 3260/6521/6521 3261/6523/6523
f 3280/6524/6524 3261/6523/6523 3262/6525/6525
f 3281/6526/6526 3262/6525/6525 3263/6527/6527
f 3282/6528/6528 3263/6527/6527 3264/6529/6529
f 3283/6530/6530 3264/6529/6529 3265/6531/6531
f 3284/6532/6532 3265/6531/6531 3266/6533/6533
f 3285/6534/6534 3266/6533/6533 3267/6535/6535
f 3286/6536/6536 3267/6535/6535 3268/6537/6537
f 3287/6538/6538 3288/6539/6539 3268/6537/6537
f 3289/6540/6540 3287/6538/6538 3269/6541/6541
f 3290/6542/6542 3289/6540/6540 3270/6543/6543
f 3291/6544/6544 3290/6542/6542 3271/6545/6545
f 3292/6546/6546 3291/6544/6544 3272/6547/6547
f 3293/6548/6548 3292/6546/6546 3273/6549/6549
f 3294/6550/6550 3293/6548/6548 3274/6551/6551
f 3274/6551/6551 3275/6552/6552 3294/6550/6550
f 3273/6549/6549 3274/6551/6551 3293/6548/6548
f 3272/6547/6547 3273/6549/6549 3292/6546/6546
f 3271/6545/6545 3272/6547/6547 3291/6544/6544
f 3270/6543/6543 3271/6545/6545 3290/6542/6542
f 3269/6541/6541 3270/6543/6543 3289/6540/6540
f 3268/6537/6537 3269/6541/6541 3287/6538/6538
f 3268/6537/6537 3288/6539/6539 3286/6536/6536
f 3267/6535/6535 3286/6536/6536 3285/6534/6534
f 3266/6533/6533 3285/6534/6534 3284/6532/6532
f 3265/6531/6531 3284/6532/6532 3283/6530/6530
f 3264/6529/6529 3283/6530/6530 3282/6528/6528
f 3263/6527/6527 3282/6528/6528 3281/6526/6526
f 3262/6525/6525 3281/6526/6526 3280/6524/6524
f 3261/6523/6523 3280/6524/6524 3279/6522/6522
f 3260/6521/6521 3279/6522/6522 3278/6520/6520
f 3259/6519/6519 3278/6520/6520 3277/6517/6517
f 3277/6553/6553 3278/6554/6554 3295/6555/6555
f 3278/6554/6554 3279/6556/6556 3296/6557/6557
f 3279/6556/6556 3280/6558/6558 3297/6559/6559
f 3280/6558/6558 3281/6560/6560 3298/6561/6561
f 3281/6560/6560 3282/6562/6562 3299/6563/6563
f 3282/6562/6562 3283/6564/6564 3300/6565/6565
f 3283/6564/6564 3284/6566/6566 3301/6567/6567
f 3284/6566/6566 3285/6568/6568 3302/6569/6569
f 3285/6568/6568 3286/6570/6570 3303/6571/6571
f 3286/6570/6570 3288/6572/6572 3304/6573/6573
f 3287/6574/6574 3305/6575/6575 3304/6573/6573
f 3289/6576/6576 3306/6577/6577 3305/6575/6575
f 3290/6578/6578 3307/6579/6579 3306/6577/6577
f 3291/6580/6580 3308/6581/6581 3307/6579/6579
f 3292/6582/6582 3309/6583/6583 3308/6581/6581
f 3293/6584/6584 3310/6585/6585 3309/6583/6583
f 3294/6586/6586 3311/6587/6587 3310/6585/6585
f 3310/6585/6585 3293/6584/6584 3294/6586/6586
f 3309/6583/6583 3292/6582/6582 3293/6584/6584
f 3308/6581/6581 3291/6580/6580 3292/6582/6582
f 3307/6579/6579 3290/6578/6578 3291/6580/6580
f 3306/6577/6577 3289/6576/6576 3290/6578/6578
f 3305/6575/6575 3287/6574/6574 3289/6576/6576
f 3304/6573/6573 3288/6572/6572 3287/6574/6574
f 3304/6573/6573 3303/6571/6571 3286/6570/6570
f 3303/6571/6571 3302/6569/6569 3285/6568/6568
f 3302/6569/6569 3301/6567/6567 3284/6566/6566
f 3301/6567/6567 3300/6565/6565 3283/6564/6564
f 3300/6565/6565 3299/6563/6563 3282/6562/6562
f 3299/6563/6563 3298/6561/6561 3281/6560/6560
f 3298/6561/6561 3297/6559/6559 3280/6558/6558
f 3297/6559/6559 3296/6557/6557 3279/6556/6556
f 3296/6557/6557 3295/6555/6555 3278/6554/6554
f 3295/6555/6555 3312/6588/6588 3277/6553/6553
f 3313/6589/6589 3312/6590/6590 3295/6591/6591
f 3314/6592/6592 3295/6591/6591 3296/6593/6593
f 3315/6594/6594 3296/6593/6593 3297/6595/6595
f 3316/6596/6596 3297/6595/6595 3298/6597/6597
f 3317/6598/6598 3298/6597/6597 3299/6599/6599
f 3318/6600/6600 3299/6599/6599 3300/6601/6601
f 3319/6602/6602 3300/6601/6601 3301/6603/6603
f 3320/6604/6604 3301/6603/6603 3302/6605/6605
f 3321/6606/6606 3302/6605/6605 3303/6607/6607
f 3322/6608/6608 3303/6607/6607 3304/6609/6609
f 3323/6610/6610 3324/6611/6611 3304/6609/6609
f 3325/6612/6612 3323/6610/6610 3305/6613/6613
f 3326/6614/6614 3325/6612/6612 3306/6615/6615
f 3327/6616/6616 3326/6614/6614 3307/6617/6617
f 3328/6618/6618 3327/6616/6616 3308/6619/6619
f 3329/6620/6620 3328/6618/6618 3309/6621/6621
f 3330/6622/6622 3329/6620/6620 3310/6623/6623
f 3310/6623/6623 3311/6624/6624 3330/6622/6622
f 3309/6621/6621 3310/6623/6623 3329/6620/6620
f 3308/6619/6619 3309/6621/6621 3328/6618/6618
f 3307/6617/6617 3308/6619/6619 3327/6616/6616
f 3306/6615/6615 3307/6617/6617 3326/6614/6614
f 3305/6613/6613 3306/6615/6615 3325/6612/6612
f 3304/6609/6609 3305/6613/6613 3323/6610/6610
f 3304/6609/6609 3324/6611/6611 3322/6608/6608
f 3303/6607/6607 3322/6608/6608 3321/6606/6606
f 3302/6605/6605 3321/6606/6606 3320/6604/6604
f 3301/6603/6603 3320/6604/6604 3319/6602/6602
f 3300/6601/6601 3319/6602/6602 3318/6600/6600
f 3299/6599/6599 3318/6600/6600 3317/6598/6598
f 3298/6597/6597 3317/6598/6598 3316/6596/6596
f 3297/6595/6595 3316/6596/6596 3315/6594/6594
f 3296/6593/6593 3315/6594/6594 3314/6592/6592
f 3295/6591/6591 3314/6592/6592 3313/6589/6589
f 3313/6625/6625 3314/6626/6626 3331/6627/6627
f 3314/6626/6626 3315/6628/6628 3332/6629/6629
f 3315/6628/6628 3316/6630/6630 3333/6631/6631
f 3316/6630/6630 3317/6632/6632 3334/6633/6633
f 3317/6632/6632 3318/6634/6634 3335/6635/6635
f 3318/6634/6634 3319/6636/6636 3336/6637/6637
f 3319/6636/6636 3320/6638/6638 3337/6639/6639
f 3320/6638/6638 3321/6640/6640 3338/6641/6641
f 3321/6640/6640 3322/6642/6642 3339/6643/6643
f 3322/6642/6642 3324/6644/6644 3340/6645/6645
f 3323/6646/6646 3341/6647/6647 3340/6645/6645
f 3325/6648/6648 3342/6649/6649 3341/6647/6647
f 3326/6650/6650 3343/6651/6651 3342/6649/6649
f 3327/6652/6652 3344/6653/6653 3343/6651/6651
f 3328/6654/6654 3345/6655/6655 3344/6653/6653
f 3329/6656/6656 3346/6657/6657 3345/6655/6655
f 3330/6658/6658 3347/6659/6659 3346/6657/6657
f 3346/6657/6657 3329/6656/6656 3330/6658/6658
f 3345/6655/6655 3328/6654/6654 3329/6656/6656
f 3344/6653/6653 3327/6652/6652 3328/6654/6654
f 3343/6651/6651 3326/6650/6650 3327/6652/6652
f 3342/6649/6649 3325/6648/6648 3326/6650/6650
f 3341/6647/6647 3323/6646/6646 3325/6648/6648
f 3340/6645/6645 3324/6644/6644 3323/6646/6646
f 3340/6645/6645 3339/6643/6643 3322/6642/6642
f 3339/6643/6643 3338/6641/6641 3321/6640/6640
f 3338/6641/6641 3337/6639/6639 3320/6638/6638
f 3337/6639/6639 3336/6637/6637 3319/6636/6636
f 3336/6637/6637 3335/6635/6635 3318/6634/6634
f 3335/6635/6635 3334/6633/6633 3317/6632/6632
f 3334/6633/6633 3333/6631/6631 3316/6630/6630
f 3333/6631/6631 3332/6629/6629 3315/6628/6628
f 3332/6629/6629 3331/6627/6627 3314/6626/6626
f 3331/6627/6627 3348/6660/6660 3313/6625/6625
f 3349/6661/6661 3348/6662/6662 3331/6663/6663
f 3350/6664/6664 3331/6663/6663 3332/6665/6665
f 3351/6666/6666 3332/6665/6665 3333/6667/6667
f 3352/6668/6668 3333/6667/6667 3334/6669/6669
f 3353/6670/6670 3334/6669/6669 3335/6671/6671
f 3354/6672/6672 3335/6671/6671 3336/6673/6673
f 3355/6674/6674 3336/6673/6673 3337/6675/6675
f 3356/6676/6676 3337/6675/6675 3338/6677/6677
f 3357/6678/6678 3338/6677/6677 3339/6679/6679
f 3358/6680/6680 3339/6679/6679 3340/6681/6681
f 3359/6682/6682 3360/6683/6683 3340/6681/6681
f 3361/6684/6684 3359/6682/6682 3341/6685/6685
f 3362/6686/6686 3361/6684/6684 3342/6687/6687
f 3363/6688/6688 3362/6686/6686 3343/6689/6689
f 3364/6690/6690 3363/6688/6688 3344/6691/6691
f 3365/6692/6692 3364/6690/6690 3345/6693/6693
f 3366/6694/6694 3365/6692/6692 3346/6695/6695
f 3346/6695/6695 3347/6696/6696 3366/6694/6694
f 3345/6693/6693 3346/6695/6695 3365/6692/6692
f 3344/6691/6691 3345/6693/6693 3364/6690/6690
f 3343/6689/6689 3344/6691/6691 3363/6688/6688
f 3342/6687/6687 3343/6689/6689 3362/6686/6686
f 3341/6685/6685 3342/6687/6687 3361/6684/6684
f 3340/6681/6681 3341/6685/6685 3359/6682/6682
f 3340/6681/6681 3360/6683/6683 3358/6680/6680
f 3339/6679/6679 3358/6680/6680 3357/6678/6678
f 3338/6677/6677 3357/6678/6678 3356/6676/6676
f 3337/6675/6675 3356/6676/6676 3355/6674/6674
f 3336/6673/6673 3355/6674/6674 3354/6672/6672
f 3335/6671/6671 3354/6672/6672 3353/6670/6670
f 3334/6669/6669 3353/6670/6670 3352/6668/6668
f 3333/6667/6667 3352/6668/6668 3351/6666/6666
f 3332/6665/6665 3351/6666/6666 3350/6664/6664
f 3331/6663/6663 3350/6664/6664 3349/6661/6661
f 3349/6697/6697 3350/6698/6698 3367/6699/6699
f 3350/6698/6698 3351/6700/6700 3368/6701/6701
f 3351/6700/6700 3352/6702/6702 3369/6703/6703
f 3352/6702/6702 3353/6704/6704 3370/6705/6705
f 3353/6704/6704 3354/6706/6706 3371/6707/6707
f 3354/6706/6706 3355/6708/6708 3372/6709/6709
f 3355/6708/6708 3356/6710/6710 3373/6711/6711
f 3356/6710/6710 3357/6712/6712 3374/6713/6713
f 3357/6712/6712 3358/6714/6714 3375/6715/6715
f 3358/6714/6714 3360/6716/6716 3376/6717/6717
f 3359/6718/6718 3377/6719/6719 3376/6717/6717
f 3361/6720/6720 3378/6721/6721 3377/6719/6719
f 3362/6722/6722 3379/6723/6723 3378/6721/6721
f 3363/6724/6724 3380/6725/6725 3379/6723/6723
f 3364/6726/6726 3381/6727/6727 3380/6725/6725
f 3365/6728/6728 3382/6729/6729 3381/6727/6727
f 3366/6730/6730 3383/6731/6731 3382/6729/6729
f 3382/6729/6729 3365/6728/6728 3366/6730/6730
f 3381/6727/6727 3364/6726/6726 3365/6728/6728
f 3380/6725/6725 3363/6724/6724 3364/6726/6726
f 3379/6723/6723 3362/6722/6722 3363/6724/6724
f 3378/6721/6721 3361/6720/6720 3362/6722/6722
f 3377/6719/6719 3359/6718/6718 3361/6720/6720
f 3376/6717/6717 3360/6716/6716 3359/6718/6718
f 3376/6717/6717 3375/6715/6715 3358/6714/6714
f 3375/6715/6715 3374/6713/6713 3357/6712/6712
f 3374/6713/6713 3373/6711/6711 3356/6710/6710
f 3373/6711/6711 3372/6709/6709 3355/6708/6708
f 3372/6709/6709 3371/6707/6707 3354/6706/6706
f 3371/6707/6707 3370/6705/6705 3353/6704/6704
f 3370/6705/6705 3369/6703/6703 3352/6702/6702
f 3369/6703/6703 3368/6701/6701 3351/6700/6700
f 3368/6701/6701 3367/6699/6699 3350/6698/6698
f 3367/6699/6699 3384/6732/6732 3349/6697/6697
f 3385/6733/6733 3384/6734/6734 3367/6735/6735
f 3386/6736/6736 3367/6735/6735 3368/6737/6737
f 3387/6738/6738 3368/6737/6737 3369/6739/6739
f 3388/6740/6740 3369/6739/6739 3370/6741/6741
f 3389/6742/6742 3370/6741/6741 3371/6743/6743
f 3390/6744/6744 3371/6743/6743 3372/6745/6745
f 3391/6746/6746 3372/6745/6745 3373/6747/6747
f 3392/6748/6748 3373/6747/6747 3374/6749/6749
f 3393/6750/6750 3374/6749/6749 3375/6751/6751
f 3394/6752/6752 3375/6751/6751 3376/6753/6753
f 3395/6754/6754 3396/6755/6755 3376/6753/6753
f 3397/6756/6756 3395/6754/6754 3377/6757/6757
f 3398/6758/6758 3397/6756/6756 3378/6759/6759
f 3399/6760/6760 3398/6758/6758 3379/6761/6761
f 3400/6762/6762 3399/6760/6760 3380/6763/6763
f 3401/6764/6764 3400/6762/6762 3381/6765/6765
f 3402/6766/6766 3401/6764/6764 3382/6767/6767
f 3382/6767/6767 3383/6768/6768 3402/6766/6766
f 3381/6765/6765 3382/6767/6767 3401/6764/6764
f 3380/6763/6763 3381/6765/6765 3400/6762/6762
f 3379/6761/6761 3380/6763/6763 3399/6760/6760
f 3378/6759/6759 3379/6761/6761 3398/6758/6758
f 3377/6757/6757 3378/6759/6759 3397/6756/6756
f 3376/6753/6753 3377/6757/6757 3395/6754/6754
f 3376/6753/6753 3396/6755/6755 3394/6752/6752
f 3375/6751/6751 3394/6752/6752 3393/6750/6750
f 3374/6749/6749 3393/6750/6750 3392/6748/6748
f 3373/6747/6747 3392/6748/6748 3391/6746/6746
f 3372/6745/6745 3391/6746/6746 3390/6744/6744
f 3371/6743/6743 3390/6744/6744 3389/6742/6742
f 3370/6741/6741 3389/6742/6742 3388/6740/6740
f 3369/6739/6739 3388/6740/6740 3387/6738/6738
f 3368/6737/6737 3387/6738/6738 3386/6736/6736
f 3367/6735/6735 3386/6736/6736 3385/6733/6733
f 3385/6769/6769 3386/6770/6770 3403/6771/6771
f 3386/6770/6770 3387/6772/6772 3404/6773/6773
f 3387/6772/6772 3388/6774/6774 3405/6775/6775
f 3388/6774/6774 3389/6776/6776 3406/6777/6777
f 3389/6776/6776 3390/6778/6778 3407/6779/6779
f 3390/6778/6778 3391/6780/6780 3408/6781/6781
f 3391/6780/6780 3392/6782/6782 3409/6783/6783
f 3392/6782/6782 3393/6784/6784 3410/6785/6785
f 3393/6784/6784 3394/6786/6786 3411/6787/6787
f 3394/6786/6786 3396/6788/6788 3412/6789/6789
f 3395/6790/6790 3413/6791/6791 3412/6789/6789
f 3397/6792/6792 3414/6793/6793 3413/6791/6791
f 3398/6794/6794 3415/6795/6795 3414/6793/6793
f 3399/6796/6796 3416/6797/6797 3415/6795/6795
f 3400/6798/6798 3417/6799/6799 3416/6797/6797
f 3401/6800/6800 3418/6801/6801 3417/6799/6799
f 3402/6802/6802 3419/6803/6803 3418/6801/6801
f 3418/6801/6801 3401/6800/6800 3402/6802/6802
f 3417/6799/6799 3400/6798/6798 3401/6800/6800
f 3416/6797/6797 3399/6796/6796 3400/6798/6798
f 3415/6795/6795 3398/6794/6794 3399/6796/6796
f 3414/6793/6793 3397/6792/6792 3398/6794/6794
f 3413/6791/6791 3395/6790/6790 3397/6792/6792
f 3412/6789/6789 3396/6788/6788 3395/6790/6790
f 3412/6789/6789 3411/6787/6787 3394/6786/6786
f 3411/6787/6787 3410/6785/6785 3393/6784/6784
f 3410/6785/6785 3409/6783/6783 3392/6782/6782
f 3409/6783/6783 3408/6781/6781 3391/6780/6780
f 3408/6781/6781 3407/6779/6779 3390/6778/6778
f 3407/6779/6779 3406/6777/6777 3389/6776/6776
f 3406/6777/6777 3405/6775/6775 3388/6774/6774
f 3405/6775/6775 3404/6773/6773 3387/6772/6772
f 3404/6773/6773 3403/6771/6771 3386/6770/6770
f 3403/6771/6771 3420/6804/6804 3385/6769/6769
f 3421/6805/6805 3420/6806/6806 3403/6807/6807
f 3422/6808/6808 3403/6807/6807 3404/6809/6809
f 3423/6810/6810 3404/6809/6809 3405/6811/6811
f 3424/6812/6812 3405/6811/6811 3406/6813/6813
f 3425/6814/6814 3406/6813/6813 3407/6815/6815
f 3426/6816/6816 3407/6815/6815 3408/6817/6817
f 3427/6818/6818 3408/6817/6817 3409/6819/6819
f 3428/6820/6820 3409/6819/6819 3410/6821/6821
f 3429/6822/6822 3410/6821/6821 3411/6823/6823
f 3430/6824/6824 3411/6823/6823 3412/6825/6825
f 3431/6826/6826 3432/6827/6827 3412/6825/6825
f 3433/6828/6828 3431/6826/6826 3413/6829/6829
f 3434/6830/6830 3433/6828/6828 3414/6831/6831
f 3435/6832/6832 3434/6830/6830 3415/6833/6833
f 3436/6834/6834 3435/6832/6832 3416/6835/6835
f 3437/6836/6836 3436/6834/6834 3417/6837/6837
f 3438/6838/6838 3437/6836/6836 3418/6839/6839
f 3418/6839/6839 3419/6840/6840 3438/6838/6838
f 3417/6837/6837 3418/6839/6839 3437/6836/6836
f 3416/6835/6835 3417/6837/6837 3436/6834/6834
f 3415/6833/6833 3416/6835/6835 3435/6832/6832
f 3414/6831/6831 3415/6833/6833 3434/6830/6830
f 3413/6829/6829 3414/6831/6831 3433/6828/6828
f 3412/6825/6825 3413/6829/6829 3431/6826/6826
f 3412/6825/6825 3432/6827/6827 3430/6824/6824
f 3411/6823/6823 3430/6824/6824 3429/6822/6822
f 3410/6821/6821 3429/6822/6822 3428/6820/6820
f 3409/6819/6819 3428/6820/6820 3427/6818/6818
f 3408/6817/6817 3427/6818/6818 3426/6816/6816
f 3407/6815/6815 3426/6816/6816 3425/6814/6814
f 3406/6813/6813 3425/6814/6814 3424/6812/6812
f 3405/6811/6811 3424/6812/6812 3423/6810/6810
f 3404/6809/6809 3423/6810/6810 3422/6808/6808
f 3403/6807/6807 3422/6808/6808 3421/6805/6805
f 3421/6841/6841 3422/6842/6842 3439/6843/6843
f 3422/6842/6842 3423/6844/6844 3440/6845/6845
f 3423/6844/6844 3424/6846/6846 3441/6847/6847
f 3424/6846/6846 3425/6848/6848 3442/6849/6849
f 3425/6848/6848 3426/6850/6850 3443/6851/6851
f 3426/6850/6850 3427/6852/6852 3444/6853/6853
f 3427/6852/6852 3428/6854/6854 3445/6855/6855
f 3428/6854/6854 3429/6856/6856 3446/6857/6857
f 3429/6856/6856 3430/6858/6858 3447/6859/6859
f 3430/6858/6858 3432/6860/6860 3448/6861/6861
f 3431/6862/6862 3449/6863/6863 3448/6861/6861
f 3433/6864/6864 3450/6865/6865 3449/6863/6863
f 3434/6866/6866 3451/6867/6867 3450/6865/6865
f 3435/6868/6868 3452/6869/6869 3451/6867/6867
f 3436/6870/6870 3453/6871/6871 3452/6869/6869
f 3437/6872/6872 3454/6873/6873 3453/6871/6871
f 3438/6874/6874 3455/6875/6875 3454/6873/6873
f 3454/6873/6873 3437/6872/6872 3438/6874/6874
f 3453/6871/6871 3436/6870/6870 3437/6872/6872
f 3452/6869/6869 3435/6868/6868 3436/6870/6870
f 3451/6867/6867 3434/6866/6866 3435/6868/6868
f 3450/6865/6865 3433/6864/6864 3434/6866/6866
f 3449/6863/6863 3431/6862/6862 3433/6864/6864
f 3448/6861/6861 3432/6860/6860 3431/6862/6862
f 3448/6861/6861 3447/6859/6859 3430/6858/6858
f 3447/6859/6859 3446/6857/6857 3429/6856/6856
f 3446/6857/6857 3445/6855/6855 3428/6854/6854
f 3445/6855/6855 3444/6853/6853 3427/6852/6852
f 3444/6853/6853 3443/6851/6851 3426/6850/6850
f 3443/6851/6851 3442/6849/6849 3425/6848/6848
f 3442/6849/6849 3441/6847/6847 3424/6846/6846
f 3441/6847/6847 3440/6845/6845 3423/6844/6844
f 3440/6845/6845 3439/6843/6843 3422/6842/6842
f 3439/6843/6843 3456/6876/6876 3421/6841/6841
f 3457/6877/6877 3456/6878/6878 3439/6879/6879
f 3458/6880/6880 3439/6879/6879 3440/6881/6881
f 3459/6882/6882 3440/6881/6881 3441/6883/6883
f 3460/6884/6884 3441/6883/6883 3442/6885/6885
f 3461/6886/6886 3442/6885/6885 3443/6887/6887
f 3462/6888/6888 3443/6887/6887 3444/6889/6889
f 3463/6890/6890 3444/6889/6889 3445/6891/6891
f 3464/6892/6892 3445/6891/6891 3446/6893/6893
f 3465/6894/6894 3446/6893/6893 3447/6895/6895
f 3466/6896/6896 3447/6895/6895 3448/6897/6897
f 3467/6898/6898 3468/6899/6899 3448/6897/6897
f 3469/6900/6900 3467/6898/6898 3449/6901/6901
f 3470/6902/6902 3469/6900/6900 3450/6903/6903
f 3471/6904/6904 3470/6902/6902 3451/6905/6905
f 3472/6906/6906 3471/6904/6904 3452/6907/6907
f 3473/6908/6908 3472/6906/6906 3453/6909/6909
f 3474/6910/6910 3473/6908/6908 3454/6911/6911
f 3454/6911/6911 3455/6912/6912 3474/6910/6910
f 3453/6909/6909 3454/6911/6911 3473/6908/6908
f 3452/6907/6907 3453/6909/6909 3472/6906/6906
f 3451/6905/6905 3452/6907/6907 3471/6904/6904
f 3450/6903/6903 3451/6905/6905 3470/6902/6902
f 3449/6901/6901 3450/6903/6903 3469/6900/6900
f 3448/6897/6897 3449/6901/6901 3467/6898/6898
f 3448/6897/6897 3468/6899/6899 3466/6896/6896
f 3447/6895/6895 3466/6896/6896 3465/6894/6894
f 3446/6893/6893 3465/6894/6894 3464/6892/6892
f 3445/6891/6891 3464/6892/6892 3463/6890/6890
f 3444/6889/6889 3463/6890/6890 3462/6888/6888
f 3443/6887/6887 3462/6888/6888 3461/6886/6886
f 3442/6885/6885 3461/6886/6886 3460/6884/6884
f 3441/6883/6883 3460/6884/6884 3459/6882/6882
f 3440/6881/6881 3459/6882/6882 3458/6880/6880
f 3439/6879/6879 3458/6880/6880 3457/6877/6877
f 3457/6913/6913 3458/6914/6914 3475/6915/6915
f 3458/6914/6914 3459/6916/6916 3476/6917/6917
f 3459/6916/6916 3460/6918/6918 3477/6919/6919
f 3460/6918/6918 3461/6920/6920 3478/6921/6921
f 3461/6920/6920 3462/6922/6922 3479/6923/6923
f 3462/6922/6922 3463/6924/6924 3480/6925/6925
f 3463/6924/6924 3464/6926/6926 3481/6927/6927
f 3464/6926/6926 3465/6928/6928 3482/6929/6929
f 3465/6928/6928 3466/6930/6930 3483/6931/6931
f 3466/6930/6930 3468/6932/6932 3484/6933/6933
f 3467/6934/6934 3485/6935/6935 3484/6933/6933
f 3469/6936/6936 3486/6937/6937 3485/6935/6935
f 3470/6938/6938 3487/6939/6939 3486/6937/6937
f 3471/6940/6940 3488/6941/6941 3487/6939/6939
f 3472/6942/6942 3489/6943/6943 3488/6941/6941
f 3473/6944/6944 3490/6945/6945 3489/6943/6943
f 3474/6946/6946 3491/6947/6947 3490/6945/6945
f 3490/6945/6945 3473/6944/6944 3474/6946/6946
f 3489/6943/6943 3472/6942/6942 3473/6944/6944
f 3488/6941/6941 3471/6940/6940 3472/6942/6942
f 3487/6939/6939 3470/6938/6938 3471/6940/6940
f 3486/6937/6937 3469/6936/6936 3470/6938/6938
f 3485/6935/6935 3467/6934/6934 3469/6936/6936
f 3484/6933/6933 3468/6932/6932 3467/6934/6934
f 3484/6933/6933 3483/6931/6931 3466/6930/6930
f 3483/6931/6931 3482/6929/6929 3465/6928/6928
f 3482/6929/6929 3481/6927/6927 3464/6926/6926
f 3481/6927/6927 3480/6925/6925 3463/6924/6924
f 3480/6925/6925 3479/6923/6923 3462/6922/6922
f 3479/6923/6923 3478/6921/6921 3461/6920/6920
f 3478/6921/6921 3477/6919/6919 3460/6918/6918
f 3477/6919/6919 3476/6917/6917 3459/6916/6916
f 3476/6917/6917 3475/6915/6915 3458/6914/6914
f 3475/6915/6915 3492/6948/6948 3457/6913/6913
f 3493/6949/6949 3492/6950/6950 3475/6951/6951
f 3494/6952/6952 3475/6951/6951 3476/6953/6953
f 3495/6954/6954 3476/6953/6953 3477/6955/6955
f 3496/6956/6956 3477/6955/6955 3478/6957/6957
f 3497/6958/6958 3478/6957/6957 3479/6959/6959
f 3498/6960/6960 3479/6959/6959 3480/6961/6961
f 3499/6962/6962 3480/6961/6961 3481/6963/6963
f 3500/6964/6964 3481/6963/6963 3482/6965/6965
f 3501/6966/6966 3482/6965/6965 3483/6967/6967
f 3502/6968/6968 3483/6967/6967 3484/6969/6969
f 3503/6970/6970 3504/6971/6971 3484/6969/6969
f 3505/6972/6972 3503/6970/6970 3485/6973/6973
f 3506/6974/6974 3505/6972/6972 3486/6975/6975
f 3507/6976/6976 3506/6974/6974 3487/6977/6977
f 3508/6978/6978 3507/6976/6976 3488/6979/6979
f 3509/6980/6980 3508/6978/6978 3489/6981/6981
f 3510/6982/6982 3509/6980/6980 3490/6983/6983
f 3490/6983/6983 3491/6984/6984 3510/6982/6982
f 3489/6981/6981 3490/6983/6983 3509/6980/6980
f 3488/6979/6979 3489/6981/6981 3508/6978/6978
f 3487/6977/6977 3488/6979/6979 3507/6976/6976
f 3486/6975/6975 3487/6977/6977 3506/6974/6974
f 3485/6973/6973 3486/6975/6975 3505/6972/6972
f 3484/6969/6969 3485/6973/6973 3503/6970/6970
f 3484/6969/6969 3504/6971/6971 3502/6968/6968
f 3483/6967/6967 3502/6968/6968 3501/6966/6966
f 3482/6965/6965 3501/6966/6966 3500/6964/6964
f 3481/6963/6963 3500/6964/6964 3499/6962/6962
f 3480/6961/6961 3499/6962/6962 3498/6960/6960
f 3479/6959/6959 3498/6960/6960 3497/6958/6958
f 3478/6957/6957 3497/6958/6958 3496/6956/6956
f 3477/6955/6955 3496/6956/6956 3495/6954/6954
f 3476/6953/6953 3495/6954/6954 3494/6952/6952
f 3475/6951/6951 3494/6952/6952 3493/6949/6949
f 3493/6985/6985 3494/6986/6986 3511/6987/6987
f 3494/6986/6986 3495/6988/6988 3512/6989/6989
f 3495/6988/6988 3496/6990/6990 3513/6991/6991
f 3496/6990/6990 3497/6992/6992 3514/6993/6993
f 3497/6992/6992 3498/6994/6994 3515/6995/6995
f 3498/6994/6994 3499/6996/6996 3516/6997/6997
f 3499/6996/6996 3500/6998/6998 3517/6999/6999
f 3500/6998/6998 3501/7000/7000 3518/7001/7001
f 3501/7000/7000 3502/7002/7002 3519/7003/7003
f 3502/7002/7002 3504/7004/7004 3520/7005/7005
f 3503/7006/7006 3521/7007/7007 3520/7005/7005
f 3505/7008/7008 3522/7009/7009 3521/7007/7007
f 3506/7010/7010 3523/7011/7011 3522/7009/7009
f 3507/7012/7012 3524/7013/7013 3523/7011/7011
f 3508/7014/7014 3525/7015/7015 3524/7013/7013
f 3509/7016/7016 3526/7017/7017 3525/7015/7015
f 3510/7018/7018 3527/7019/7019 3526/7017/7017
f 3526/7017/7017 3509/7016/7016 3510/7018/7018
f 3525/7015/7015 3508/7014/7014 3509/7016/7016
f 3524/7013/7013 3507/7012/7012 3508/7014/7014
f 3523/7011/7011 3506/7010/7010 3507/7012/7012
f 3522/7009/7009 3505/7008/7008 3506/7010/7010
f 3521/7007/7007 3503/7006/7006 3505/7008/7008
f 3520/7005/7005 3504/7004/7004 3503/7006/7006
f 3520/7005/7005 3519/7003/7003 3502/7002/7002
f 3519/7003/7003 3518/7001/7001 3501/7000/7000
f 3518/7001/7001 3517/6999/6999 3500/6998/6998
f 3517/6999/6999 3516/6997/6997 3499/6996/6996
f 3516/6997/6997 3515/6995/6995 3498/6994/6994
f 3515/6995/6995 3514/6993/6993 3497/6992/6992
f 3514/6993/6993 3513/6991/6991 3496/6990/6990
f 3513/6991/6991 3512/6989/6989 3495/6988/6988
f 3512/6989/6989 3511/6987/6987 3494/6986/6986
f 3511/6987/6987 3528/7020/7020 3493/6985/6985
f 3529/7021/7021 3528/7022/7022 3511/7023/7023
f 3530/7024/7024 3511/7023/7023 3512/7025/7025
f 3531/7026/7026 3512/7025/7025 3513/7027/7027
f 3532/7028/7028 3513/7027/7027 3514/7029/7029
f 3533/7030/7030 3514/7029/7029 3515/7031/7031
f 3534/7032/7032 3515/7031/7031 3516/7033/7033
f 3535/7034/7034 3516/7033/7033 3517/7035/7035
f 3536/7036/7036 3517/7035/7035 3518/7037/7037
f 3537/7038/7038 3518/7037/7037 3519/7039/7039
f 3538/7040/7040 3519/7039/7039 3520/7041/7041
f 3539/7042/7042 3540/7043/7043 3520/7041/7041
f 3541/7044/7044 3539/7042/7042 3521/7045/7045
f 3542/7046/7046 3541/7044/7044 3522/7047/7047
f 3543/7048/7048 3542/7046/7046 3523/7049/7049
f 3544/7050/7050 3543/7048/7048 3524/7051/7051
f 3545/7052/7052 3544/7050/7050 3525/7053/7053
f 3546/7054/7054 3545/7052/7052 3526/7055/7055
f 3526/7055/7055 3527/7056/7056 3546/7054/7054
f 3525/7053/7053 3526/7055/7055 3545/7052/7052
f 3524/7051/7051 3525/7053/7053 3544/7050/7050
f 3523/7049/7049 3524/7051/7051 3543/7048/7048
f 3522/7047/7047 3523/7049/7049 3542/7046/7046
f 3521/7045/7045 3522/7047/7047 3541/7044/7044
f 3520/7041/7041 3521/7045/7045 3539/7042/7042
f 3520/7041/7041 3540/7043/7043 3538/7040/7040
f 3519/7039/7039 3538/7040/7040 3537/7038/7038
f 3518/7037/7037 3537/7038/7038 3536/7036/7036
f 3517/7035/7035 3536/7036/7036 3535/7034/7034
f 3516/7033/7033 3535/7034/7034 3534/7032/7032
f 3515/7031/7031 3534/7032/7032 3533/7030/7030
f 3514/7029/7029 3533/7030/7030 3532/7028/7028
f 3513/7027/7027 3532/7028/7028 3531/7026/7026
f 3512/7025/7025 3531/7026/7026 3530/7024/7024
f 3511/7023/7023 3530/7024/7024 3529/7021/7021
f 3529/7057/7057 3530/7058/7058 3547/7059/7059
f 3530/7058/7058 3531/7060/7060 3548/7061/7061
f 3531/7060/7060 3532/7062/7062 3549/7063/7063
f 3532/7062/7062 3533/7064/7064 3550/7065/7065
f 3533/7064/7064 3534/7066/7066 3551/7067/7067
f 3534/7066/7066 3535/7068/7068 3552/7069/7069
f 3535/7068/7068 3536/7070/7070 3553/7071/7071
f 3536/7070/7070 3537/7072/7072 3554/7073/7073
f 3537/7072/7072 3538/7074/7074 3555/7075/7075
f 3538/7074/7074 3540/7076/7076 3556/7077/7077
f 3539/7078/7078 3557/7079/7079 3556/7077/7077
f 3541/7080/7080 3558/7081/7081 3557/7079/7079
f 3542/7082/7082 3559/7083/7083 3558/7081/7081
f 3543/7084/7084 3560/7085/7085 3559/7083/7083
f 3544/7086/7086 3561/7087/7087 3560/7085/7085
f 3545/7088/7088 3562/7089/7089 3561/7087/7087
f 3546/7090/7090 3563/7091/7091 3562/7089/7089
f 3562/7089/7089 3545/7088/7088 3546/7090/7090
f 3561/7087/7087 3544/7086/7086 3545/7088/7088
f 3560/7085/7085 3543/7084/7084 3544/7086/7086
f 3559/7083/7083 3542/7082/7082 3543/7084/7084
f 3558/7081/7081 3541/7080/7080 3542/7082/7082
f 3557/7079/7079 3539/7078/7078 3541/7080/7080
f 3556/7077/7077 3540/7076/7076 3539/7078/7078
f 3556/7077/7077 3555/7075/7075 3538/7074/7074
f 3555/7075/7075 3554/7073/7073 3537/7072/7072
f 3554/7073/7073 3553/7071/7071 3536/7070/7070
f 3553/7071/7071 3552/7069/7069 3535/7068/7068
f 3552/7069/7069 3551/7067/7067 3534/7066/7066
f 3551/7067/7067 3550/7065/7065 3533/7064/7064
f 3550/7065/7065 3549/7063/7063 3532/7062/7062
f 3549/7063/7063 3548/7061/7061 3531/7060/7060
f 3548/7061/7061 3547/7059/7059 3530/7058/7058
f 3547/7059/7059 3564/7092/7092 3529/7057/7057
f 3565/7093/7093 3564/7094/7094 3547/7095/7095
f 3566/7096/7096 3547/7095/7095 3548/7097/7097
f 3567/7098/7098 3548/7097/7097 3549/7099/7099
f 3568/7100/7100 3549/7099/7099 3550/7101/7101
f 3569/7102/7102 3550/7101/7101 3551/7103/7103
f 3570/7104/7104 3551/7103/7103 3552/7105/7105
f 3571/7106/7106 3552/7105/7105 3553/7107/7107
f 3572/7108/7108 3553/7107/7107 3554/7109/7109
f 3573/7110/7110 3554/7109/7109 3555/7111/7111
f 3574/7112/7112 3555/7111/7111 3556/7113/7113
f 3575/7114/7114 3576/7115/7115 3556/7113/7113
f 3577/7116/7116 3575/7114/7114 3557/7117/7117
f 3578/7118/7118 3577/7116/7116 3558/7119/7119
f 3579/7120/7120 3578/7118/7118 3559/7121/7121
f 3580/7122/7122 3579/7120/7120 3560/7123/7123
f 3581/7124/7124 3580/7122/7122 3561/7125/7125
f 3582/7126/7126 3581/7124/7124 3562/7127/7127
f 3562/7127/7127 3563/7128/7128 3582/7126/7126
f 3561/7125/7125 3562/7127/7127 3581/7124/7124
f 3560/7123/7123 3561/7125/7125 3580/7122/7122
f 3559/7121/7121 3560/7123/7123 3579/7120/7120
f 3558/7119/7119 3559/7121/7121 3578/7118/7118
f 3557/7117/7117 3558/7119/7119 3577/7116/7116
f 3556/7113/7113 3557/7117/7117 3575/7114/7114
f 3556/7113/7113 3576/7115/7115 3574/7112/7112
f 3555/7111/7111 3574/7112/7112 3573/7110/7110
f 3554/7109/7109 3573/7110/7110 3572/7108/7108
f 3553/7107/7107 3572/7108/7108 3571/7106/7106
f 3552/7105/7105 3571/7106/7106 3570/7104/7104
f 3551/7103/7103 3570/7104/7104 3569/7102/7102
f 3550/7101/7101 3569/7102/7102 3568/7100/7100
f 3549/7099/7099 3568/7100/7100 3567/7098/7098
f 3548/7097/7097 3567/7098/7098 3566/7096/7096
f 3547/7095/7095 3566/7096/7096 3565/7093/7093
f 3565/7129/7129 3566/7130/7130 3583/7131/7131
f 3566/7130/7130 3567/7132/7132 3584/7133/7133
f 3567/7132/7132 3568/7134/7134 3585/7135/7135
f 3568/7134/7134 3569/7136/7136 3586/7137/7137
f 3569/7136/7136 3570/7138/7138 3587/7139/7139
f 3570/7138/7138 3571/7140/7140 3588/7141/7141
f 3571/7140/7140 3572/7142/7142 3589/7143/7143
f 3572/7142/7142 3573/7144/7144 3590/7145/7145
f 3573/7144/7144 3574/7146/7146 3591/7147/7147
f 3574/7146/7146 3576/7148/7148 3592/7149/7149
f 3575/7150/7150 3593/7151/7151 3592/7149/7149
f 3577/7152/7152 3594/7153/7153 3593/7151/7151
f 3578/7154/7154 3595/7155/7155 3594/7153/7153
f 3579/7156/7156 3596/7157/7157 3595/7155/7155
f 3580/7158/7158 3597/7159/7159 3596/7157/7157
f 3581/7160/7160 3598/7161/7161 3597/7159/7159
f 3582/7162/7162 3599/7163/7163 3598/7161/7161
f 3598/7161/7161 3581/7160/7160 3582/7162/7162
f 3597/7159/7159 3580/7158/7158 3581/7160/7160
f 3596/7157/7157 3579/7156/7156 3580/7158/7158
f 3595/7155/7155 3578/7154/7154 3579/7156/7156
f 3594/7153/7153 3577/7152/7152 3578/7154/7154
f 3593/7151/7151 3575/7150/7150 3577/7152/7152
f 3592/7149/7149 3576/7148/7148 3575/7150/7150
f 3592/7149/7149 3591/7147/7147 3574/7146/7146
f 3591/7147/7147 3590/7145/7145 3573/7144/7144
f 3590/7145/7145 3589/7143/7143 3572/7142/7142
f 3589/7143/7143 3588/7141/7141 3571/7140/7140
f 3588/7141/7141 3587/7139/7139 3570/7138/7138
f 3587/7139/7139 3586/7137/7137 3569/7136/7136
f 3586/7137/7137 3585/7135/7135 3568/7134/7134
f 3585/7135/7135 3584/7133/7133 3567/7132/7132
f 3584/7133/7133 3583/7131/7131 3566/7130/7130
f 3583/7131/7131 3600/7164/7164 3565/7129/7129
f 1/7165/7165 3600/7166/7166 3583/7167/7167
f 2/7168/7168 3583/7167/7167 3584/7169/7169
f 4/7170/7170 3584/7169/7169 3585/7171/7171
f 6/7172/7172 3585/7171/7171 3586/7173/7173
f 8/7174/7174 3586/7173/7173 3587/7175/7175
f 10/7176/7176 3587/7175/7175 3588/7177/7177
f 12/7178/7178 3588/7177/7177 3589/7179/7179
f 14/7180/7180 3589/7179/7179 3590/7181/7181
f 16/7182/7182 3590/7181/7181 3591/7183/7183
f 18/7184/7184 3591/7183/7183 3592/7185/7185
f 22/7186/7186 20/7187/7187 3592/7185/7185
f 24/7188/7188 22/7186/7186 3593/7189/7189
f 26/7190/7190 24/7188/7188 3594/7191/7191
f 28/7192/7192 26/7190/7190 3595/7193/7193
f 30/7194/7194 28/7192/7192 3596/7195/7195
f 32/7196/7196 30/7194/7194 3597/7197/7197
f 34/7198/7198 32/7196/7196 3598/7199/7199
f 3598/7199/7199 3599/7200/7200 34/7198/7198
f 3597/7197/7197 3598/7199/7199 32/7196/7196
f 3596/7195/7195 3597/7197/7197 30/7194/7194
f 3595/7193/7193 3596/7195/7195 28/7192/7192
f 3594/7191/7191 3595/7193/7193 26/7190/7190
f 3593/7189/7189 3594/7191/7191 24/7188/7188
f 3592/7185/7185 3593/7189/7189 22/7186/7186
f 3592/7185/7185 20/7187/7187 18/7184/7184
f 3591/7183/7183 18/7184/7184 16/7182/7182
f 3590/7181/7181 16/7182/7182 14/7180/7180
f 3589/7179/7179 14/7180/7180 12/7178/7178
f 3588/7177/7177 12/7178/7178 10/7176/7176
f 3587/7175/7175 10/7176/7176 8/7174/7174
f 3586/7173/7173 8/7174/7174 6/7172/7172
f 3585/7171/7171 6/7172/7172 4/7170/7170
f 3584/7169/7169 4/7170/7170 2/7168/7168
f 3583/7167/7167 2/7168/7168 1/7165/7165
